start_time,open,high,low,close,volume,turnover
2025-06-01 00:00:00+00:00,3283.86,3283.88,3282.95,3283.3,8.28,27188.64618
2025-06-01 00:30:00+00:00,3283.3,3284.1,3283.29,3284.1,7.595,24939.09377
2025-06-01 01:00:00+00:00,3284.1,3287.66,3284.09,3284.51,12.801,42055.92047
2025-06-01 01:30:00+00:00,3284.51,3287.96,3282.31,3287.29,19.738,64830.78883
2025-06-01 02:00:00+00:00,3287.29,3287.83,3286.63,3287.82,13.803,45372.81969
2025-06-01 02:30:00+00:00,3287.82,3287.84,3285.88,3285.89,4.696,15437.46691
2025-06-01 03:00:00+00:00,3285.89,3286.8,3285.89,3286.79,6.452,21204.52611
2025-06-01 03:30:00+00:00,3286.79,3289.38,3286.79,3288.4,7.585,24938.96431
2025-06-01 04:00:00+00:00,3288.4,3289.0,3288.4,3289.0,2.654,8728.49162
2025-06-01 04:30:00+00:00,3289.0,3290.39,3289.0,3290.39,7.722,25403.90007
2025-06-01 05:00:00+00:00,3290.39,3290.39,3289.8,3289.81,8.149,26811.58548
2025-06-01 05:30:00+00:00,3289.81,3289.81,3289.01,3289.02,1.679,5523.49192
2025-06-01 06:00:00+00:00,3289.02,3289.02,3288.7,3288.82,3.63,11938.34246
2025-06-01 06:30:00+00:00,3288.82,3288.83,3288.65,3288.82,3.223,10599.62149
2025-06-01 07:00:00+00:00,3288.82,3289.25,3288.82,3289.06,3.074,10110.17024
2025-06-01 07:30:00+00:00,3289.06,3289.06,3289.05,3289.06,4.788,15748.00641
2025-06-01 08:00:00+00:00,3289.06,3290.17,3289.05,3290.01,4.32,14211.60626
2025-06-01 08:30:00+00:00,3290.01,3290.25,3290.0,3290.02,3.351,11024.88393
2025-06-01 09:00:00+00:00,3290.02,3292.7,3290.02,3291.41,37.286,122714.7639
2025-06-01 09:30:00+00:00,3291.41,3291.43,3288.04,3290.0,27.151,89321.87898
2025-06-01 10:00:00+00:00,3290.0,3290.99,3289.61,3289.61,7.018,23092.12184
2025-06-01 10:30:00+00:00,3289.61,3290.3,3289.3,3290.27,9.596,31567.62203
2025-06-01 11:00:00+00:00,3290.27,3293.2,3289.74,3292.14,20.794,68451.09009
2025-06-01 11:30:00+00:00,3292.14,3293.98,3290.27,3292.07,19.248,63370.08419
2025-06-01 12:00:00+00:00,3292.07,3293.26,3292.07,3292.7,10.203,33597.1998
2025-06-01 12:30:00+00:00,3292.7,3292.71,3289.51,3291.08,25.789,84885.54443
2025-06-01 13:00:00+00:00,3291.08,3292.9,3290.53,3292.19,29.197,96109.73908
2025-06-01 13:30:00+00:00,3292.19,3293.05,3291.22,3293.05,23.546,77522.41704
2025-06-01 14:00:00+00:00,3293.05,3293.06,3291.81,3293.02,23.43,77149.23813
2025-06-01 14:30:00+00:00,3293.02,3293.39,3292.5,3293.3,20.581,67777.01965
2025-06-01 15:00:00+00:00,3293.3,3294.98,3293.11,3293.95,45.524,149951.56991
2025-06-01 15:30:00+00:00,3293.95,3294.27,3293.66,3293.67,27.838,91690.59902
2025-06-01 16:00:00+00:00,3293.67,3294.88,3293.42,3293.73,57.278,188675.3944
2025-06-01 16:30:00+00:00,3293.73,3293.85,3290.02,3292.82,29.183,96077.78789
2025-06-01 17:00:00+00:00,3292.82,3293.79,3292.81,3293.2,16.439,54138.37866
2025-06-01 17:30:00+00:00,3293.2,3293.21,3289.2,3290.95,30.416,100101.47795
2025-06-01 18:00:00+00:00,3290.95,3292.2,3289.77,3292.1,21.629,71187.28488
2025-06-01 18:30:00+00:00,3292.1,3296.67,3292.1,3296.47,44.607,146980.6257
2025-06-01 19:00:00+00:00,3296.47,3297.0,3295.29,3295.9,14.198,46800.95259
2025-06-01 19:30:00+00:00,3295.9,3296.3,3292.31,3294.0,21.682,71418.98694
2025-06-01 20:00:00+00:00,3294.0,3294.7,3293.51,3294.61,13.737,45252.86944
2025-06-01 20:30:00+00:00,3294.61,3297.48,3294.61,3297.48,19.446,64104.48928
2025-06-01 21:00:00+00:00,3297.48,3298.69,3297.3,3297.31,590.021,1945695.83284
2025-06-01 21:30:00+00:00,3297.31,3297.62,3297.3,3297.47,11.948,39396.63654
2025-06-01 22:00:00+00:00,3297.47,3307.13,3297.47,3302.28,183.011,604405.51426
2025-06-01 22:30:00+00:00,3302.28,3310.0,3302.27,3310.0,126.263,417780.08467
2025-06-01 23:00:00+00:00,3310.0,3314.29,3309.99,3310.79,112.084,371140.12912
2025-06-01 23:30:00+00:00,3310.79,3310.8,3306.9,3307.76,23.15,76601.79893
2025-06-02 00:00:00+00:00,3307.76,3312.77,3307.76,3311.91,14.916,49382.73833
2025-06-02 00:30:00+00:00,3311.91,3311.91,3303.0,3308.17,27.923,92341.95428
2025-06-02 01:00:00+00:00,3308.17,3310.8,3306.48,3307.8,20.035,66299.92606
2025-06-02 01:30:00+00:00,3307.8,3308.58,3300.84,3302.14,28.383,93779.33483
2025-06-02 02:00:00+00:00,3302.14,3309.49,3302.14,3305.08,16.431,54340.0773
2025-06-02 02:30:00+00:00,3305.08,3309.55,3305.07,3305.46,16.189,53550.54848
2025-06-02 03:00:00+00:00,3305.46,3308.17,3303.45,3305.87,27.174,89831.72213
2025-06-02 03:30:00+00:00,3305.87,3306.69,3302.78,3306.69,31.271,103347.14626
2025-06-02 04:00:00+00:00,3306.69,3313.7,3306.69,3312.4,48.696,161256.69014
2025-06-02 04:30:00+00:00,3312.4,3319.33,3312.06,3316.59,99.672,330503.93333
2025-06-02 05:00:00+00:00,3316.59,3321.51,3315.62,3319.18,68.359,226842.29726
2025-06-02 05:30:00+00:00,3319.18,3325.59,3317.74,3323.44,48.386,160784.4776
2025-06-02 06:00:00+00:00,3323.44,3337.9,3323.44,3337.39,120.83,402433.06463
2025-06-02 06:30:00+00:00,3337.39,3344.09,3334.51,3342.92,135.476,452445.19012
2025-06-02 07:00:00+00:00,3342.92,3356.9,3341.46,3351.63,165.405,554081.03787
2025-06-02 07:30:00+00:00,3351.63,3358.24,3348.2,3350.45,93.114,312243.33513
2025-06-02 08:00:00+00:00,3350.45,3354.26,3348.02,3349.5,67.319,225611.44115
2025-06-02 08:30:00+00:00,3349.5,3354.43,3346.0,3351.8,103.766,347631.39342
2025-06-02 09:00:00+00:00,3351.8,3351.81,3343.2,3344.49,91.281,305506.2036
2025-06-02 09:30:00+00:00,3344.49,3345.91,3341.6,3345.6,69.7,233033.18929
2025-06-02 10:00:00+00:00,3345.6,3349.93,3343.23,3348.42,161.611,540878.75479
2025-06-02 10:30:00+00:00,3348.42,3349.56,3343.43,3348.81,95.456,319561.68392
2025-06-02 11:00:00+00:00,3348.81,3352.6,3345.0,3352.6,65.648,219859.65256
2025-06-02 11:30:00+00:00,3352.6,3359.6,3351.63,3352.99,114.783,385116.7704
2025-06-02 12:00:00+00:00,3352.99,3361.6,3352.99,3359.5,55.966,187942.43948
2025-06-02 12:30:00+00:00,3359.5,3361.69,3353.2,3353.2,39.07,131252.978
2025-06-02 13:00:00+00:00,3353.2,3354.92,3347.87,3353.85,214.957,720360.91062
2025-06-02 13:30:00+00:00,3353.85,3391.52,3349.34,3370.02,390.283,1315411.10329
2025-06-02 14:00:00+00:00,3370.02,3377.76,3366.53,3371.96,178.641,602372.65996
2025-06-02 14:30:00+00:00,3371.96,3375.75,3369.01,3375.0,46.331,156270.16114
2025-06-02 15:00:00+00:00,3375.0,3376.88,3368.52,3369.66,71.024,239610.10925
2025-06-02 15:30:00+00:00,3369.66,3372.5,3368.2,3371.14,33.332,112329.34656
2025-06-02 16:00:00+00:00,3371.14,3374.48,3365.1,3368.45,69.946,235641.031
2025-06-02 16:30:00+00:00,3368.45,3370.75,3363.8,3367.08,81.496,274422.34052
2025-06-02 17:00:00+00:00,3367.08,3372.89,3366.66,3367.7,52.179,175840.81629
2025-06-02 17:30:00+00:00,3367.7,3372.49,3367.7,3371.34,17.101,57636.3972
2025-06-02 18:00:00+00:00,3371.34,3371.34,3366.18,3366.48,30.498,102707.53169
2025-06-02 18:30:00+00:00,3366.48,3375.0,3365.34,3374.81,66.072,222721.36076
2025-06-02 19:00:00+00:00,3374.81,3376.9,3371.5,3374.63,57.013,192337.54631
2025-06-02 19:30:00+00:00,3374.63,3376.57,3372.21,3375.63,43.666,147336.63763
2025-06-02 20:00:00+00:00,3375.63,3376.6,3372.85,3375.4,177.502,599240.49909
2025-06-02 20:30:00+00:00,3375.4,3376.56,3372.1,3373.12,75.268,254004.91367
2025-06-02 21:00:00+00:00,3373.12,3376.9,3372.86,3375.5,37.549,126708.27273
2025-06-02 21:30:00+00:00,3375.5,3379.71,3375.5,3379.29,21.673,73199.32024
2025-06-02 22:00:00+00:00,3379.29,3385.0,3377.73,3383.52,70.216,237432.8453
2025-06-02 22:30:00+00:00,3383.52,3384.95,3381.2,3384.95,21.294,72043.76514
2025-06-02 23:00:00+00:00,3384.95,3385.67,3381.37,3381.37,44.442,150359.57332
2025-06-02 23:30:00+00:00,3381.37,3382.41,3377.14,3379.43,75.537,255273.9896
2025-06-03 00:00:00+00:00,3379.43,3380.61,3370.82,3372.7,69.46,234355.71497
2025-06-03 00:30:00+00:00,3372.7,3375.29,3371.47,3371.48,78.86,266084.75566
2025-06-03 01:00:00+00:00,3371.48,3371.48,3359.3,3363.24,138.096,464605.79043
2025-06-03 01:30:00+00:00,3363.24,3369.54,3363.11,3366.72,39.065,131515.85498
2025-06-03 02:00:00+00:00,3366.72,3371.02,3366.02,3367.19,28.998,97674.59358
2025-06-03 02:30:00+00:00,3367.19,3369.0,3360.49,3364.81,73.661,247841.6588
2025-06-03 03:00:00+00:00,3364.81,3365.5,3361.56,3361.57,49.529,166600.23442
2025-06-03 03:30:00+00:00,3361.57,3362.4,3358.01,3359.92,59.503,199928.14091
2025-06-03 04:00:00+00:00,3359.92,3362.5,3358.86,3359.63,50.324,169132.10578
2025-06-03 04:30:00+00:00,3359.63,3360.16,3355.51,3359.5,76.688,257513.93769
2025-06-03 05:00:00+00:00,3359.5,3362.3,3356.61,3356.94,57.456,193038.89527
2025-06-03 05:30:00+00:00,3356.94,3365.6,3353.2,3362.0,91.57,307652.5484
2025-06-03 06:00:00+00:00,3362.0,3365.85,3358.91,3363.01,89.826,302065.80197
2025-06-03 06:30:00+00:00,3363.01,3363.88,3352.0,3356.92,99.284,333194.43911
2025-06-03 07:00:00+00:00,3356.92,3358.24,3348.16,3353.95,182.39,611420.53979
2025-06-03 07:30:00+00:00,3353.95,3356.45,3351.22,3354.52,42.033,140965.73081
2025-06-03 08:00:00+00:00,3354.52,3360.46,3354.52,3359.5,88.288,296552.18239
2025-06-03 08:30:00+00:00,3359.5,3361.4,3355.9,3357.11,66.029,221797.91258
2025-06-03 09:00:00+00:00,3357.11,3359.37,3354.25,3356.5,45.266,151926.22301
2025-06-03 09:30:00+00:00,3356.5,3357.77,3351.9,3353.99,44.163,148144.15229
2025-06-03 10:00:00+00:00,3353.99,3356.0,3352.08,3354.7,51.889,174032.8233
2025-06-03 10:30:00+00:00,3354.7,3356.8,3353.51,3353.51,21.696,72788.88967
2025-06-03 11:00:00+00:00,3353.51,3358.5,3353.2,3357.24,52.787,177175.18338
2025-06-03 11:30:00+00:00,3357.24,3359.45,3356.71,3358.98,26.599,89320.30618
2025-06-03 12:00:00+00:00,3358.98,3358.98,3348.25,3353.4,75.699,253750.2656
2025-06-03 12:30:00+00:00,3353.4,3361.0,3351.59,3358.7,49.897,167532.12255
2025-06-03 13:00:00+00:00,3358.7,3361.0,3357.2,3357.4,32.656,109708.1194
2025-06-03 13:30:00+00:00,3357.4,3357.97,3341.3,3344.44,227.998,762909.42938
2025-06-03 14:00:00+00:00,3344.44,3346.74,3335.0,3346.73,219.313,732505.10922
2025-06-03 14:30:00+00:00,3346.73,3350.54,3344.89,3345.77,129.853,434744.80973
2025-06-03 15:00:00+00:00,3345.77,3349.6,3343.61,3348.21,53.215,178169.56845
2025-06-03 15:30:00+00:00,3348.21,3350.0,3347.45,3349.93,21.257,71196.20811
2025-06-03 16:00:00+00:00,3349.93,3353.09,3347.9,3348.6,14.543,48728.12133
2025-06-03 16:30:00+00:00,3348.6,3348.6,3344.51,3347.35,18.776,62822.08525
2025-06-03 17:00:00+00:00,3347.35,3351.57,3347.2,3351.57,17.158,57471.66539
2025-06-03 17:30:00+00:00,3351.57,3352.9,3350.76,3352.73,11.82,39624.05467
2025-06-03 18:00:00+00:00,3352.73,3353.2,3348.66,3352.01,28.772,96421.18312
2025-06-03 18:30:00+00:00,3352.01,3352.63,3348.7,3352.63,26.989,90412.60912
2025-06-03 19:00:00+00:00,3352.63,3355.0,3351.37,3352.86,23.792,79791.11801
2025-06-03 19:30:00+00:00,3352.86,3353.39,3349.4,3350.8,12.651,42394.52551
2025-06-03 20:00:00+00:00,3350.8,3353.28,3350.2,3352.44,19.146,64174.16962
2025-06-03 20:30:00+00:00,3352.44,3355.0,3351.63,3352.99,23.526,78887.18068
2025-06-03 21:00:00+00:00,3352.99,3356.8,3352.89,3355.62,80.286,269396.96495
2025-06-03 21:30:00+00:00,3355.62,3356.78,3355.61,3356.16,41.127,138027.58357
2025-06-03 22:00:00+00:00,3356.16,3357.16,3355.74,3356.75,49.614,166528.63415
2025-06-03 22:30:00+00:00,3356.75,3357.49,3355.72,3355.72,66.614,223623.77727
2025-06-03 23:00:00+00:00,3355.72,3359.81,3355.67,3356.98,46.594,156461.26351
2025-06-03 23:30:00+00:00,3356.98,3359.5,3355.38,3358.58,31.15,104603.88815
2025-06-04 00:00:00+00:00,3358.58,3359.77,3352.3,3356.57,75.284,252569.84544
2025-06-04 00:30:00+00:00,3356.57,3356.58,3344.49,3350.95,83.37,279126.56301
2025-06-04 01:00:00+00:00,3350.95,3363.71,3346.89,3361.76,52.565,176564.81926
2025-06-04 01:30:00+00:00,3361.76,3370.0,3361.76,3369.03,92.695,312163.38343
2025-06-04 02:00:00+00:00,3369.03,3371.64,3367.31,3368.94,39.803,134114.54484
2025-06-04 02:30:00+00:00,3368.94,3368.94,3360.88,3364.28,63.795,214561.54936
2025-06-04 03:00:00+00:00,3364.28,3365.3,3361.7,3365.29,13.665,45954.40546
2025-06-04 03:30:00+00:00,3365.29,3365.3,3354.6,3356.94,49.312,165587.01134
2025-06-04 04:00:00+00:00,3356.94,3359.76,3355.35,3359.76,19.838,66600.02828
2025-06-04 04:30:00+00:00,3359.76,3359.76,3351.0,3353.2,30.671,102862.51398
2025-06-04 05:00:00+00:00,3353.2,3355.15,3349.78,3349.95,43.25,145007.8169
2025-06-04 05:30:00+00:00,3349.95,3353.5,3348.49,3350.69,18.848,63156.46278
2025-06-04 06:00:00+00:00,3350.69,3355.29,3350.0,3354.9,25.237,84611.5845
2025-06-04 06:30:00+00:00,3354.9,3358.0,3353.63,3353.97,47.021,157833.34838
2025-06-04 07:00:00+00:00,3353.97,3360.88,3353.97,3360.54,34.474,115803.53427
2025-06-04 07:30:00+00:00,3360.54,3363.92,3354.38,3354.4,75.88,254925.31584
2025-06-04 08:00:00+00:00,3354.4,3356.23,3351.59,3354.98,25.394,85177.53424
2025-06-04 08:30:00+00:00,3354.98,3363.91,3354.6,3362.42,44.7,150214.80357
2025-06-04 09:00:00+00:00,3362.42,3363.53,3360.07,3362.92,30.673,103116.33812
2025-06-04 09:30:00+00:00,3362.92,3363.91,3360.0,3361.87,53.311,179186.88466
2025-06-04 10:00:00+00:00,3361.87,3362.87,3357.22,3358.69,41.241,138542.73764
2025-06-04 10:30:00+00:00,3358.69,3359.0,3348.48,3352.09,50.306,168662.80878
2025-06-04 11:00:00+00:00,3352.09,3352.1,3345.5,3347.68,72.172,241682.16328
2025-06-04 11:30:00+00:00,3347.68,3350.5,3346.1,3348.01,31.533,105606.43478
2025-06-04 12:00:00+00:00,3348.01,3356.14,3345.76,3348.73,54.283,181930.13355
2025-06-04 12:30:00+00:00,3348.73,3359.5,3348.73,3356.92,69.126,232044.92986
2025-06-04 13:00:00+00:00,3356.92,3361.5,3356.5,3357.28,46.483,156121.13872
2025-06-04 13:30:00+00:00,3357.28,3359.44,3352.35,3354.62,58.794,197294.10546
2025-06-04 14:00:00+00:00,3354.62,3371.22,3352.23,3368.15,318.171,1070710.93067
2025-06-04 14:30:00+00:00,3368.15,3383.8,3368.15,3377.29,162.08,547345.75015
2025-06-04 15:00:00+00:00,3377.29,3377.87,3369.8,3374.39,114.758,387073.83871
2025-06-04 15:30:00+00:00,3374.39,3374.39,3369.73,3370.01,48.799,164528.62095
2025-06-04 16:00:00+00:00,3370.01,3373.5,3368.7,3372.22,46.454,156617.58137
2025-06-04 16:30:00+00:00,3372.22,3376.7,3372.22,3375.69,34.152,115245.84823
2025-06-04 17:00:00+00:00,3375.69,3375.69,3372.84,3374.05,19.471,65699.05437
2025-06-04 17:30:00+00:00,3374.05,3379.4,3374.04,3378.67,53.176,179563.33032
2025-06-04 18:00:00+00:00,3378.67,3381.9,3377.53,3379.14,29.395,99374.41134
2025-06-04 18:30:00+00:00,3379.14,3379.68,3373.73,3373.91,15.51,52372.88571
2025-06-04 19:00:00+00:00,3373.91,3375.6,3371.9,3372.45,49.961,168552.43869
2025-06-04 19:30:00+00:00,3372.45,3372.83,3371.3,3372.31,11.914,40174.81875
2025-06-04 20:00:00+00:00,3372.31,3375.69,3370.59,3374.95,199.19,672053.34778
2025-06-04 20:30:00+00:00,3374.95,3380.46,3374.12,3374.51,634.697,2144082.68279
2025-06-04 21:00:00+00:00,3374.51,3375.99,3373.35,3374.98,27.903,94153.08966
2025-06-04 21:30:00+00:00,3374.98,3377.94,3374.98,3377.0,31.224,105433.64776
2025-06-04 22:00:00+00:00,3377.0,3378.49,3375.33,3378.06,82.972,280196.89139
2025-06-04 22:30:00+00:00,3378.06,3378.45,3375.06,3376.01,21.652,73114.19885
2025-06-04 23:00:00+00:00,3376.01,3381.0,3375.46,3380.59,56.902,192250.35103
2025-06-04 23:30:00+00:00,3380.59,3380.98,3376.71,3380.98,48.545,164001.5944
2025-06-05 00:00:00+00:00,3380.98,3382.54,3376.97,3382.54,64.999,219696.60256
2025-06-05 00:30:00+00:00,3382.54,3382.69,3375.44,3380.8,32.636,110268.61859
2025-06-05 01:00:00+00:00,3380.8,3385.94,3376.33,3378.4,56.414,190777.11717
2025-06-05 01:30:00+00:00,3378.4,3378.4,3373.41,3376.69,39.244,132491.89266
2025-06-05 02:00:00+00:00,3376.69,3376.99,3370.5,3372.11,51.257,172879.10093
2025-06-05 02:30:00+00:00,3372.11,3375.97,3371.36,3372.84,22.395,75543.0889
2025-06-05 03:00:00+00:00,3372.84,3374.6,3372.3,3374.41,25.24,85156.88237
2025-06-05 03:30:00+00:00,3374.41,3377.77,3371.8,3371.8,29.944,101082.31458
2025-06-05 04:00:00+00:00,3371.8,3373.3,3367.0,3370.81,49.56,166996.21349
2025-06-05 04:30:00+00:00,3370.81,3370.81,3368.0,3369.42,23.396,78819.75471
2025-06-05 05:00:00+00:00,3369.42,3371.57,3368.01,3368.02,24.453,82414.43131
2025-06-05 05:30:00+00:00,3368.02,3368.94,3364.1,3365.9,60.57,203931.91487
2025-06-05 06:00:00+00:00,3365.9,3371.6,3365.83,3371.6,59.507,200536.35876
2025-06-05 06:30:00+00:00,3371.6,3372.08,3368.61,3370.0,17.554,59160.45317
2025-06-05 07:00:00+00:00,3370.0,3377.39,3369.99,3375.0,47.123,159036.5861
2025-06-05 07:30:00+00:00,3375.0,3376.1,3370.67,3371.49,65.303,220255.08357
2025-06-05 08:00:00+00:00,3371.49,3375.2,3371.49,3374.76,21.264,71737.39216
2025-06-05 08:30:00+00:00,3374.76,3379.3,3374.29,3378.68,51.326,173364.20959
2025-06-05 09:00:00+00:00,3378.68,3389.52,3377.76,3388.51,126.667,428556.73283
2025-06-05 09:30:00+00:00,3388.51,3395.82,3385.68,3395.04,176.325,597904.55429
2025-06-05 10:00:00+00:00,3395.04,3398.99,3392.49,3398.99,132.945,451586.77913
2025-06-05 10:30:00+00:00,3398.99,3402.0,3394.63,3397.98,888.844,3019740.4702
2025-06-05 11:00:00+00:00,3397.98,3401.6,3394.47,3394.47,152.005,516615.05922
2025-06-05 11:30:00+00:00,3394.47,3395.28,3390.0,3390.0,109.774,372440.97886
2025-06-05 12:00:00+00:00,3390.0,3395.7,3389.83,3393.55,79.389,269387.94533
2025-06-05 12:30:00+00:00,3393.55,3398.29,3378.01,3382.9,274.553,929199.54717
2025-06-05 13:00:00+00:00,3382.9,3385.23,3371.05,3380.94,230.469,778580.44879
2025-06-05 13:30:00+00:00,3380.94,3389.84,3376.86,3380.08,143.389,485099.50416
2025-06-05 14:00:00+00:00,3380.08,3384.26,3370.79,3379.35,113.191,382265.07992
2025-06-05 14:30:00+00:00,3379.35,3383.15,3366.72,3370.89,111.554,376122.42437
2025-06-05 15:00:00+00:00,3370.89,3375.0,3365.5,3366.78,86.809,292460.14065
2025-06-05 15:30:00+00:00,3366.78,3366.78,3345.0,3349.59,364.553,1222267.61578
2025-06-05 16:00:00+00:00,3349.59,3355.62,3345.0,3352.37,157.682,528303.07355
2025-06-05 16:30:00+00:00,3352.37,3364.0,3351.9,3358.11,110.615,371391.68019
2025-06-05 17:00:00+00:00,3358.11,3358.3,3353.51,3355.8,43.82,147058.98461
2025-06-05 17:30:00+00:00,3355.8,3358.31,3353.63,3358.3,56.667,190167.84745
2025-06-05 18:00:00+00:00,3358.3,3360.4,3354.39,3358.92,46.637,156557.73218
2025-06-05 18:30:00+00:00,3358.92,3360.09,3356.91,3358.03,21.271,71446.44596
2025-06-05 19:00:00+00:00,3358.03,3364.74,3356.89,3362.88,94.378,317180.43969
2025-06-05 19:30:00+00:00,3362.88,3362.88,3357.97,3361.49,47.099,158265.354
2025-06-05 20:00:00+00:00,3361.49,3361.51,3356.1,3356.65,65.458,219808.32802
2025-06-05 20:30:00+00:00,3356.65,3357.52,3352.18,3352.21,77.437,259820.0047
2025-06-05 21:00:00+00:00,3352.21,3357.77,3349.96,3357.31,68.449,229567.78701
2025-06-05 21:30:00+00:00,3357.31,3359.84,3356.28,3359.15,102.41,343890.33603
2025-06-05 22:00:00+00:00,3359.15,3367.2,3355.61,3364.61,87.499,294218.34547
2025-06-05 22:30:00+00:00,3364.61,3364.91,3362.02,3362.19,13.885,46703.64253
2025-06-05 23:00:00+00:00,3362.19,3364.62,3362.19,3363.47,12.459,41908.16734
2025-06-05 23:30:00+00:00,3363.47,3365.5,3361.78,3365.49,8.604,28932.67663
2025-06-06 00:00:00+00:00,3365.49,3368.8,3365.49,3366.99,33.291,112101.85672
2025-06-06 00:30:00+00:00,3366.99,3369.33,3363.0,3363.01,50.425,169773.13051
2025-06-06 01:00:00+00:00,3363.01,3371.98,3361.4,3371.22,24.222,81561.11155
2025-06-06 01:30:00+00:00,3371.22,3371.22,3362.64,3368.5,30.547,102830.73012
2025-06-06 02:00:00+00:00,3368.5,3368.75,3366.1,3367.99,20.884,70326.83873
2025-06-06 02:30:00+00:00,3367.99,3369.9,3366.43,3368.49,28.983,97633.00122
2025-06-06 03:00:00+00:00,3368.49,3369.53,3365.0,3368.84,49.862,167871.95101
2025-06-06 03:30:00+00:00,3368.84,3373.36,3368.73,3372.44,88.054,296820.33729
2025-06-06 04:00:00+00:00,3372.44,3375.58,3372.44,3373.81,27.572,93025.9729
2025-06-06 04:30:00+00:00,3373.81,3374.8,3372.69,3374.79,19.077,64364.0082
2025-06-06 05:00:00+00:00,3374.79,3377.11,3369.55,3371.25,30.459,102764.64188
2025-06-06 05:30:00+00:00,3371.25,3371.85,3362.63,3368.69,113.867,383453.91104
2025-06-06 06:00:00+00:00,3368.69,3368.69,3362.43,3366.42,44.362,149298.0737
2025-06-06 06:30:00+00:00,3366.42,3366.42,3356.85,3362.05,79.527,267230.77957
2025-06-06 07:00:00+00:00,3362.05,3362.45,3358.24,3361.01,97.5,327677.12609
2025-06-06 07:30:00+00:00,3361.01,3361.01,3351.11,3359.49,84.842,284673.58964
2025-06-06 08:00:00+00:00,3359.49,3364.7,3357.99,3364.05,33.798,113579.33451
2025-06-06 08:30:00+00:00,3364.05,3367.2,3362.36,3365.92,63.757,214542.13238
2025-06-06 09:00:00+00:00,3365.92,3365.92,3354.38,3355.87,66.986,224994.70884
2025-06-06 09:30:00+00:00,3355.87,3361.05,3353.47,3357.0,39.086,131217.32199
2025-06-06 10:00:00+00:00,3357.0,3360.14,3352.89,3355.0,80.902,271503.88842
2025-06-06 10:30:00+00:00,3355.0,3360.09,3350.05,3360.01,110.831,371875.48151
2025-06-06 11:00:00+00:00,3360.01,3361.7,3358.31,3358.66,44.073,148086.5593
2025-06-06 11:30:00+00:00,3358.66,3363.71,3357.51,3357.51,53.704,180520.56038
2025-06-06 12:00:00+00:00,3357.51,3360.65,3355.0,3356.86,57.746,193841.09143
2025-06-06 12:30:00+00:00,3356.86,3362.86,3345.38,3352.16,247.198,828606.9505
2025-06-06 13:00:00+00:00,3352.16,3359.02,3347.72,3352.88,59.78,200453.21622
2025-06-06 13:30:00+00:00,3352.88,3353.85,3340.0,3344.99,153.277,512838.08174
2025-06-06 14:00:00+00:00,3344.99,3344.99,3318.93,3327.1,447.332,1488803.46688
2025-06-06 14:30:00+00:00,3327.1,3334.94,3325.0,3327.94,137.788,458845.78361
2025-06-06 15:00:00+00:00,3327.94,3334.02,3323.97,3334.0,126.624,421524.72218
2025-06-06 15:30:00+00:00,3334.0,3339.5,3330.65,3334.96,64.594,215494.08377
2025-06-06 16:00:00+00:00,3334.96,3336.4,3326.39,3326.39,81.546,271666.20524
2025-06-06 16:30:00+00:00,3326.39,3328.0,3322.6,3324.91,68.237,226971.79345
2025-06-06 17:00:00+00:00,3324.91,3328.0,3323.13,3326.69,38.003,126436.10735
2025-06-06 17:30:00+00:00,3326.69,3327.9,3323.6,3327.24,62.61,208228.98857
2025-06-06 18:00:00+00:00,3327.24,3327.25,3317.4,3319.58,72.043,239251.02379
2025-06-06 18:30:00+00:00,3319.58,3323.9,3319.0,3321.8,48.678,161736.33745
2025-06-06 19:00:00+00:00,3321.8,3321.8,3317.78,3317.78,15.342,50937.80487
2025-06-06 19:30:00+00:00,3317.78,3321.7,3316.52,3316.52,61.46,203991.59622
2025-06-06 20:00:00+00:00,3316.52,3316.53,3312.01,3316.01,70.541,233794.68459
2025-06-06 20:30:00+00:00,3316.01,3317.38,3315.5,3316.96,23.391,77584.00993
2025-06-06 21:00:00+00:00,3316.96,3316.97,3314.98,3316.95,9.497,31491.48241
2025-06-06 21:30:00+00:00,3316.95,3316.95,3313.65,3314.5,15.224,50472.26139
2025-06-06 22:00:00+00:00,3314.5,3314.5,3313.64,3313.65,12.887,42703.05387
2025-06-06 22:30:00+00:00,3313.65,3316.96,3313.64,3316.96,20.373,67547.15347
2025-06-06 23:00:00+00:00,3316.96,3318.08,3315.66,3318.08,24.553,81444.71026
2025-06-06 23:30:00+00:00,3318.08,3318.08,3316.15,3316.16,12.363,41006.91562
2025-06-07 00:00:00+00:00,3316.16,3316.21,3315.81,3316.21,26.224,86958.06274
2025-06-07 00:30:00+00:00,3316.21,3316.22,3316.2,3316.21,15.303,50747.93372
2025-06-07 01:00:00+00:00,3316.21,3316.24,3315.81,3315.81,18.299,60682.82
2025-06-07 01:30:00+00:00,3315.81,3315.82,3315.5,3315.5,7.324,24284.38536
2025-06-07 02:00:00+00:00,3315.5,3315.51,3315.5,3315.51,6.142,20363.85361
2025-06-07 02:30:00+00:00,3315.51,3318.54,3315.5,3317.21,34.716,115131.48065
2025-06-07 03:00:00+00:00,3317.21,3317.22,3317.19,3317.2,10.688,35454.28846
2025-06-07 03:30:00+00:00,3317.2,3317.2,3315.01,3315.59,19.617,65051.68658
2025-06-07 04:00:00+00:00,3315.59,3315.59,3315.41,3315.41,15.537,51511.78507
2025-06-07 04:30:00+00:00,3315.41,3315.42,3315.41,3315.42,4.331,14359.07276
2025-06-07 05:00:00+00:00,3315.42,3315.42,3315.01,3315.01,26.335,87305.54389
2025-06-07 05:30:00+00:00,3315.01,3315.02,3315.01,3315.02,18.181,60270.3359
2025-06-07 06:00:00+00:00,3315.02,3315.02,3315.01,3315.02,5.487,18189.5078
2025-06-07 06:30:00+00:00,3315.02,3315.02,3315.0,3315.0,23.235,77024.32522
2025-06-07 07:00:00+00:00,3315.0,3317.02,3315.0,3317.02,31.149,103263.10965
2025-06-07 07:30:00+00:00,3317.02,3317.08,3317.02,3317.07,17.483,57991.81192
2025-06-07 08:00:00+00:00,3317.07,3318.5,3317.07,3318.2,22.156,73510.41308
2025-06-07 08:30:00+00:00,3318.2,3320.5,3318.2,3320.47,20.587,68345.35984
2025-06-07 09:00:00+00:00,3320.47,3320.49,3320.47,3320.49,14.293,47459.61591
2025-06-07 09:30:00+00:00,3320.49,3320.53,3320.48,3320.53,15.251,50640.92464
2025-06-07 10:00:00+00:00,3320.53,3320.54,3320.52,3320.53,10.158,33729.95142
2025-06-07 10:30:00+00:00,3320.53,3320.54,3320.27,3320.27,22.992,76345.13554
2025-06-07 11:00:00+00:00,3320.27,3320.3,3317.34,3317.86,45.258,150205.72137
2025-06-07 11:30:00+00:00,3317.86,3317.86,3317.63,3317.63,13.261,43997.68049
2025-06-07 12:00:00+00:00,3317.63,3317.63,3313.7,3314.6,53.275,176644.65098
2025-06-07 12:30:00+00:00,3314.6,3314.6,3313.72,3314.29,55.276,183205.58092
2025-06-07 13:00:00+00:00,3314.29,3314.32,3314.28,3314.32,13.42,44477.84994
2025-06-07 13:30:00+00:00,3314.32,3314.33,3313.64,3313.65,30.034,99526.33158
2025-06-07 14:00:00+00:00,3313.65,3313.65,3313.64,3313.64,7.994,26489.29601
2025-06-07 14:30:00+00:00,3313.64,3313.65,3313.64,3313.65,10.234,33911.89147
2025-06-07 15:00:00+00:00,3313.65,3318.53,3313.64,3316.37,50.354,166939.46258
2025-06-07 15:30:00+00:00,3316.37,3316.37,3316.0,3316.0,22.999,76269.09997
2025-06-07 16:00:00+00:00,3316.0,3316.01,3315.91,3315.91,4.894,16228.28369
2025-06-07 16:30:00+00:00,3315.91,3315.91,3315.76,3315.76,3.565,11820.81284
2025-06-07 17:00:00+00:00,3315.76,3315.77,3313.28,3313.51,18.732,62084.66549
2025-06-07 17:30:00+00:00,3313.51,3314.63,3313.51,3314.62,7.871,26082.21161
2025-06-07 18:00:00+00:00,3314.62,3315.42,3314.62,3315.42,4.577,15171.83688
2025-06-07 18:30:00+00:00,3315.42,3315.43,3314.7,3314.7,6.894,22855.82706
2025-06-07 19:00:00+00:00,3314.7,3315.18,3314.58,3314.58,10.567,35028.34121
2025-06-07 19:30:00+00:00,3314.58,3314.58,3314.35,3314.35,12.706,42114.05523
2025-06-07 20:00:00+00:00,3314.35,3314.36,3314.35,3314.35,3.196,10592.66731
2025-06-07 20:30:00+00:00,3314.35,3314.35,3314.13,3314.14,4.945,16388.56697
2025-06-07 21:00:00+00:00,3314.14,3314.14,3313.04,3313.38,5.221,17299.85868
2025-06-07 21:30:00+00:00,3313.38,3313.46,3313.38,3313.45,10.843,35927.31652
2025-06-07 22:00:00+00:00,3313.45,3314.77,3311.04,3313.26,24.683,81771.31686
2025-06-07 22:30:00+00:00,3313.26,3316.1,3313.01,3315.75,15.405,51066.20528
2025-06-07 23:00:00+00:00,3315.75,3315.76,3315.75,3315.75,4.882,16187.49756
2025-06-07 23:30:00+00:00,3315.75,3315.76,3315.75,3315.75,10.294,34132.34364
2025-06-08 00:00:00+00:00,3315.75,3315.76,3315.74,3315.74,4.4,14589.2833
2025-06-08 00:30:00+00:00,3315.74,3315.75,3315.74,3315.75,11.119,36867.76973
2025-06-08 01:00:00+00:00,3315.75,3315.75,3310.35,3312.28,39.511,130918.48618
2025-06-08 01:30:00+00:00,3312.28,3312.29,3312.28,3312.28,7.792,25809.32641
2025-06-08 02:00:00+00:00,3312.28,3314.4,3312.28,3314.4,12.174,40327.67096
2025-06-08 02:30:00+00:00,3314.4,3314.41,3314.39,3314.39,0.826,2737.6938
2025-06-08 03:00:00+00:00,3314.39,3315.18,3314.21,3315.14,8.372,27749.93687
2025-06-08 03:30:00+00:00,3315.14,3315.99,3315.14,3315.99,7.848,26022.55551
2025-06-08 04:00:00+00:00,3315.99,3317.19,3315.98,3317.19,16.005,53078.51559
2025-06-08 04:30:00+00:00,3317.19,3317.62,3317.19,3317.62,7.628,25304.44118
2025-06-08 05:00:00+00:00,3317.62,3317.66,3317.26,3317.26,10.223,33914.5076
2025-06-08 05:30:00+00:00,3317.26,3317.27,3312.83,3315.2,20.16,66843.86661
2025-06-08 06:00:00+00:00,3315.2,3315.21,3314.78,3314.83,9.99,33115.5313
2025-06-08 06:30:00+00:00,3314.83,3314.87,3314.83,3314.87,5.846,19378.61958
2025-06-08 07:00:00+00:00,3314.87,3319.19,3314.87,3318.63,43.54,144458.56236
2025-06-08 07:30:00+00:00,3318.63,3318.73,3318.62,3318.73,14.957,49637.24285
2025-06-08 08:00:00+00:00,3318.73,3334.1,3318.73,3321.83,225.949,750913.98194
2025-06-08 08:30:00+00:00,3321.83,3321.83,3318.48,3318.49,17.189,57063.74157
2025-06-08 09:00:00+00:00,3318.49,3318.49,3311.5,3311.51,44.8,148466.1975
2025-06-08 09:30:00+00:00,3311.51,3311.51,3311.5,3311.5,11.661,38615.50306
2025-06-08 10:00:00+00:00,3311.5,3311.51,3311.34,3311.34,10.476,34691.3077
2025-06-08 10:30:00+00:00,3311.34,3311.42,3311.34,3311.42,11.654,38590.57042
2025-06-08 11:00:00+00:00,3311.42,3312.58,3310.88,3312.49,18.273,60505.86526
2025-06-08 11:30:00+00:00,3312.49,3312.5,3312.45,3312.5,2.865,9490.30147
2025-06-08 12:00:00+00:00,3312.5,3316.28,3312.49,3314.8,24.955,82696.79543
2025-06-08 12:30:00+00:00,3314.8,3316.6,3314.79,3316.36,20.574,68208.94323
2025-06-08 13:00:00+00:00,3316.36,3316.42,3315.0,3315.01,13.032,43209.94612
2025-06-08 13:30:00+00:00,3315.01,3315.01,3313.77,3313.77,8.06,26716.56703
2025-06-08 14:00:00+00:00,3313.77,3315.28,3313.5,3315.0,16.374,54270.53736
2025-06-08 14:30:00+00:00,3315.0,3315.67,3314.93,3314.93,20.155,66815.03364
2025-06-08 15:00:00+00:00,3314.93,3315.08,3313.01,3313.02,18.81,62338.09846
2025-06-08 15:30:00+00:00,3313.02,3314.2,3312.1,3314.09,15.485,51307.68595
2025-06-08 16:00:00+00:00,3314.09,3315.03,3312.23,3313.4,38.794,128556.50014
2025-06-08 16:30:00+00:00,3313.4,3314.03,3310.06,3313.6,33.342,110442.04494
2025-06-08 17:00:00+00:00,3313.6,3313.6,3310.29,3312.27,32.54,107800.99065
2025-06-08 17:30:00+00:00,3312.27,3313.3,3310.37,3313.29,43.754,144919.69271
2025-06-08 18:00:00+00:00,3313.29,3314.17,3313.0,3313.21,13.277,43989.92772
2025-06-08 18:30:00+00:00,3313.21,3321.97,3313.21,3320.11,155.176,514879.33281
2025-06-08 19:00:00+00:00,3320.11,3320.29,3316.57,3317.08,21.831,72445.17695
2025-06-08 19:30:00+00:00,3317.08,3317.33,3310.87,3313.49,30.057,99619.95085
2025-06-08 20:00:00+00:00,3313.49,3314.37,3312.69,3314.3,4.803,15917.83704
2025-06-08 20:30:00+00:00,3314.3,3316.0,3314.3,3315.99,5.753,19071.41123
2025-06-08 21:00:00+00:00,3315.99,3316.49,3314.9,3315.39,9.351,31005.55498
2025-06-08 21:30:00+00:00,3315.39,3315.8,3314.6,3314.6,7.043,23350.31788
2025-06-08 22:00:00+00:00,3314.6,3326.39,3314.6,3322.8,231.932,770425.86053
2025-06-08 22:30:00+00:00,3322.8,3325.46,3315.52,3317.63,98.374,326821.96744
2025-06-08 23:00:00+00:00,3317.63,3324.49,3317.63,3320.62,101.061,335773.53387
2025-06-08 23:30:00+00:00,3320.62,3322.39,3318.7,3322.39,15.98,53063.25595
2025-06-09 00:00:00+00:00,3322.39,3322.39,3304.1,3311.77,128.812,426349.39456
2025-06-09 00:30:00+00:00,3311.77,3313.9,3303.0,3306.83,35.938,118847.60243
2025-06-09 01:00:00+00:00,3306.83,3313.28,3304.86,3309.91,50.751,167967.20235
2025-06-09 01:30:00+00:00,3309.91,3310.58,3300.0,3301.07,86.944,287380.94632
2025-06-09 02:00:00+00:00,3301.07,3307.78,3296.0,3304.19,88.337,291483.41489
2025-06-09 02:30:00+00:00,3304.19,3309.02,3304.0,3307.74,27.928,92316.06384
2025-06-09 03:00:00+00:00,3307.74,3313.37,3306.78,3307.9,49.6,164165.43768
2025-06-09 03:30:00+00:00,3307.9,3314.9,3307.9,3313.89,22.17,73430.6382
2025-06-09 04:00:00+00:00,3313.89,3315.89,3310.87,3315.41,24.373,80771.1827
2025-06-09 04:30:00+00:00,3315.41,3315.79,3313.8,3314.7,8.332,27620.43547
2025-06-09 05:00:00+00:00,3314.7,3318.33,3312.3,3315.93,37.364,123881.92141
2025-06-09 05:30:00+00:00,3315.93,3318.51,3313.89,3317.4,45.786,151823.28189
2025-06-09 06:00:00+00:00,3317.4,3322.38,3316.26,3320.96,30.04,99717.61461
2025-06-09 06:30:00+00:00,3320.96,3327.19,3319.82,3326.15,77.353,257049.14343
2025-06-09 07:00:00+00:00,3326.15,3331.79,3322.2,3328.07,129.107,429575.55935
2025-06-09 07:30:00+00:00,3328.07,3331.98,3325.69,3330.78,424.953,1415013.32455
2025-06-09 08:00:00+00:00,3330.78,3332.97,3326.68,3331.83,348.637,1161282.50655
2025-06-09 08:30:00+00:00,3331.83,3331.84,3324.92,3326.28,60.092,199962.85462
2025-06-09 09:00:00+00:00,3326.28,3329.38,3322.2,3324.72,122.428,407217.91051
2025-06-09 09:30:00+00:00,3324.72,3327.15,3323.01,3323.25,123.382,410231.19896
2025-06-09 10:00:00+00:00,3323.25,3323.25,3318.8,3320.18,133.935,444858.37012
2025-06-09 10:30:00+00:00,3320.18,3321.22,3315.15,3319.2,157.897,523941.42247
2025-06-09 11:00:00+00:00,3319.2,3325.29,3319.2,3323.65,244.175,811328.76719
2025-06-09 11:30:00+00:00,3323.65,3325.16,3314.14,3317.51,748.141,2484523.98845
2025-06-09 12:00:00+00:00,3317.51,3320.67,3316.44,3320.39,225.42,748115.51214
2025-06-09 12:30:00+00:00,3320.39,3325.83,3320.01,3322.37,156.013,518457.85019
2025-06-09 13:00:00+00:00,3322.37,3322.37,3314.8,3316.52,131.189,435369.04537
2025-06-09 13:30:00+00:00,3316.52,3323.34,3315.01,3322.04,113.507,376783.94349
2025-06-09 14:00:00+00:00,3322.04,3328.27,3321.07,3323.04,130.754,434673.30941
2025-06-09 14:30:00+00:00,3323.04,3323.94,3319.25,3323.07,75.433,250624.46171
2025-06-09 15:00:00+00:00,3323.07,3331.48,3323.07,3331.48,114.284,380360.3029
2025-06-09 15:30:00+00:00,3331.48,3333.33,3330.0,3330.0,75.796,252513.93838
2025-06-09 16:00:00+00:00,3330.0,3335.92,3328.67,3335.4,98.45,328076.33279
2025-06-09 16:30:00+00:00,3335.4,3338.6,3333.11,3338.23,87.824,293003.28348
2025-06-09 17:00:00+00:00,3338.23,3339.09,3333.75,3335.33,139.732,466211.46402
2025-06-09 17:30:00+00:00,3335.33,3337.0,3333.85,3334.36,81.396,271493.00539
2025-06-09 18:00:00+00:00,3334.36,3337.4,3333.6,3337.4,87.067,290364.40567
2025-06-09 18:30:00+00:00,3337.4,3337.4,3332.87,3333.74,24.878,82966.66896
2025-06-09 19:00:00+00:00,3333.74,3335.82,3332.65,3332.66,14.892,49657.32275
2025-06-09 19:30:00+00:00,3332.66,3332.66,3326.47,3327.49,110.843,369042.99539
2025-06-09 20:00:00+00:00,3327.49,3329.33,3325.37,3325.38,33.448,111292.59586
2025-06-09 20:30:00+00:00,3325.38,3327.35,3324.26,3324.27,18.362,61065.8191
2025-06-09 21:00:00+00:00,3324.27,3327.74,3316.0,3324.52,154.687,513933.46192
2025-06-09 21:30:00+00:00,3324.52,3325.53,3318.63,3324.57,77.192,256506.50317
2025-06-09 22:00:00+00:00,3324.57,3326.1,3320.65,3324.73,88.154,293024.88471
2025-06-09 22:30:00+00:00,3324.73,3326.8,3152.1,3321.19,1441.538,4719151.54176
2025-06-09 23:00:00+00:00,3321.19,3326.26,3310.84,3324.94,131.273,435973.78328
2025-06-09 23:30:00+00:00,3324.94,3327.09,3322.63,3326.46,73.217,243465.26311
2025-06-10 00:00:00+00:00,3326.46,3326.46,3315.35,3318.59,241.588,802178.60115
2025-06-10 00:30:00+00:00,3318.59,3320.35,3313.72,3314.92,104.572,346859.56007
2025-06-10 01:00:00+00:00,3314.92,3317.74,3306.22,3310.23,112.121,371383.35411
2025-06-10 01:30:00+00:00,3310.23,3311.86,3302.75,3306.49,73.324,242461.74503
2025-06-10 02:00:00+00:00,3306.49,3309.63,3302.0,3304.78,85.091,281323.64152
2025-06-10 02:30:00+00:00,3304.78,3307.7,3302.04,3307.68,60.868,201220.30465
2025-06-10 03:00:00+00:00,3307.68,3307.95,3304.11,3306.65,26.279,86891.68318
2025-06-10 03:30:00+00:00,3306.65,3310.7,3306.2,3307.37,32.143,106359.7938
2025-06-10 04:00:00+00:00,3307.37,3307.7,3304.4,3304.41,44.492,147112.6367
2025-06-10 04:30:00+00:00,3304.41,3307.57,3303.09,3307.56,37.739,124742.93494
2025-06-10 05:00:00+00:00,3307.56,3312.86,3306.67,3310.31,59.095,195597.37389
2025-06-10 05:30:00+00:00,3310.31,3318.27,3310.31,3317.27,67.749,224618.44841
2025-06-10 06:00:00+00:00,3317.27,3325.07,3316.61,3324.01,95.953,318659.76223
2025-06-10 06:30:00+00:00,3324.01,3329.37,3324.01,3325.41,95.798,318738.73399
2025-06-10 07:00:00+00:00,3325.41,3327.52,3322.52,3325.56,46.344,154100.81719
2025-06-10 07:30:00+00:00,3325.56,3329.95,3325.56,3327.35,85.404,284211.82969
2025-06-10 08:00:00+00:00,3327.35,3331.58,3324.33,3326.82,108.201,360200.10223
2025-06-10 08:30:00+00:00,3326.82,3328.18,3322.45,3328.0,64.941,215991.98368
2025-06-10 09:00:00+00:00,3328.0,3328.76,3325.15,3326.19,99.351,330539.95261
2025-06-10 09:30:00+00:00,3326.19,3328.7,3323.46,3326.7,238.209,792220.45245
2025-06-10 10:00:00+00:00,3326.7,3332.07,3325.71,3330.56,42.81,142533.81885
2025-06-10 10:30:00+00:00,3330.56,3332.42,3329.4,3331.96,35.955,119779.59252
2025-06-10 11:00:00+00:00,3331.96,3338.46,3330.41,3337.55,109.606,365619.23836
2025-06-10 11:30:00+00:00,3337.55,3338.35,3328.57,3329.37,63.72,212423.4748
2025-06-10 12:00:00+00:00,3329.37,3333.64,3323.8,3333.29,73.345,244160.0686
2025-06-10 12:30:00+00:00,3333.29,3337.0,3332.6,3334.57,66.475,221674.60623
2025-06-10 13:00:00+00:00,3334.57,3341.0,3332.52,3340.81,116.754,389618.23537
2025-06-10 13:30:00+00:00,3340.81,3344.75,3337.58,3339.46,111.31,371874.7816
2025-06-10 14:00:00+00:00,3339.46,3340.3,3328.84,3329.75,90.845,302813.15428
2025-06-10 14:30:00+00:00,3329.75,3329.75,3323.05,3324.73,54.702,181945.48726
2025-06-10 15:00:00+00:00,3324.73,3325.22,3320.78,3322.94,79.945,265628.12628
2025-06-10 15:30:00+00:00,3322.94,3325.69,3320.64,3323.21,50.389,167443.08465
2025-06-10 16:00:00+00:00,3323.21,3323.57,3318.59,3318.9,43.869,145669.05427
2025-06-10 16:30:00+00:00,3318.9,3320.61,3318.3,3318.3,15.575,51697.75675
2025-06-10 17:00:00+00:00,3318.3,3321.2,3318.09,3320.0,11.442,37978.65998
2025-06-10 17:30:00+00:00,3320.0,3322.57,3319.99,3322.57,18.016,59847.3316
2025-06-10 18:00:00+00:00,3322.57,3322.57,3319.7,3320.69,22.042,73191.95981
2025-06-10 18:30:00+00:00,3320.69,3320.69,3315.7,3318.67,53.615,177894.51461
2025-06-10 19:00:00+00:00,3318.67,3327.53,3318.66,3326.44,73.35,243876.42759
2025-06-10 19:30:00+00:00,3326.44,3329.21,3324.94,3324.94,52.283,173988.74279
2025-06-10 20:00:00+00:00,3324.94,3324.94,3322.45,3322.46,23.2,77105.65774
2025-06-10 20:30:00+00:00,3322.46,3322.46,3319.57,3320.0,13.225,43910.92992
2025-06-10 21:00:00+00:00,3320.0,3320.0,3319.5,3319.5,13.132,43595.38018
2025-06-10 21:30:00+00:00,3319.5,3322.42,3316.48,3321.75,48.414,160711.33415
2025-06-10 22:00:00+00:00,3321.75,3322.4,3316.35,3317.84,32.792,108862.81652
2025-06-10 22:30:00+00:00,3317.84,3322.91,3317.84,3320.15,10.915,36249.43899
2025-06-10 23:00:00+00:00,3320.15,3322.91,3314.56,3319.36,105.337,349314.95701
2025-06-10 23:30:00+00:00,3319.36,3324.08,3316.93,3323.24,51.493,171053.34376
2025-06-11 00:00:00+00:00,3323.24,3330.0,3321.36,3327.24,40.224,133771.4865
2025-06-11 00:30:00+00:00,3327.24,3330.0,3327.16,3328.02,11.255,37467.64462
2025-06-11 01:00:00+00:00,3328.02,3332.08,3326.07,3332.07,29.915,99585.32064
2025-06-11 01:30:00+00:00,3332.07,3333.62,3324.73,3326.1,23.618,78646.73625
2025-06-11 02:00:00+00:00,3326.1,3333.16,3324.99,3330.41,23.455,78116.49368
2025-06-11 02:30:00+00:00,3330.41,3335.87,3330.02,3334.2,46.004,153361.23469
2025-06-11 03:00:00+00:00,3334.2,3335.9,3333.24,3335.9,11.757,39204.93417
2025-06-11 03:30:00+00:00,3335.9,3337.8,3334.45,3335.9,9.493,31677.11317
2025-06-11 04:00:00+00:00,3335.9,3337.88,3333.0,3337.04,29.244,97573.88661
2025-06-11 04:30:00+00:00,3337.04,3337.8,3334.9,3337.64,10.585,35319.84564
2025-06-11 05:00:00+00:00,3337.64,3338.85,3335.09,3336.21,42.213,140894.05202
2025-06-11 05:30:00+00:00,3336.21,3337.99,3333.0,3335.81,27.949,93220.89889
2025-06-11 06:00:00+00:00,3335.81,3336.66,3327.9,3329.62,41.233,137379.64195
2025-06-11 06:30:00+00:00,3329.62,3335.52,3329.62,3333.56,19.516,65056.11424
2025-06-11 07:00:00+00:00,3333.56,3336.37,3333.0,3335.37,13.541,45160.52232
2025-06-11 07:30:00+00:00,3335.37,3342.97,3333.11,3340.85,82.625,275988.35649
2025-06-11 08:00:00+00:00,3340.85,3342.12,3338.4,3341.2,41.529,138744.09485
2025-06-11 08:30:00+00:00,3341.2,3342.77,3339.51,3341.44,29.44,98382.32885
2025-06-11 09:00:00+00:00,3341.44,3341.5,3328.1,3335.43,115.763,386094.32683
2025-06-11 09:30:00+00:00,3335.43,3336.7,3329.59,3331.98,48.186,160612.92777
2025-06-11 10:00:00+00:00,3331.98,3333.62,3330.29,3330.29,21.789,72606.32622
2025-06-11 10:30:00+00:00,3330.29,3331.36,3327.55,3327.74,32.931,109640.54557
2025-06-11 11:00:00+00:00,3327.74,3333.21,3324.94,3330.22,79.602,264973.70519
2025-06-11 11:30:00+00:00,3330.22,3332.7,3329.25,3330.57,40.599,135226.02161
2025-06-11 12:00:00+00:00,3330.57,3340.1,3326.0,3335.1,99.93,333210.80598
2025-06-11 12:30:00+00:00,3335.1,3357.6,3328.16,3334.52,506.51,1694495.17096
2025-06-11 13:00:00+00:00,3334.52,3340.64,3329.85,3334.8,145.356,484762.65973
2025-06-11 13:30:00+00:00,3334.8,3336.2,3324.5,3328.07,120.272,400465.60262
2025-06-11 14:00:00+00:00,3328.07,3332.65,3327.02,3330.18,101.159,336865.04298
2025-06-11 14:30:00+00:00,3330.18,3337.4,3329.7,3333.98,81.217,270817.83038
2025-06-11 15:00:00+00:00,3333.98,3338.15,3333.61,3335.48,40.035,133546.75656
2025-06-11 15:30:00+00:00,3335.48,3336.6,3327.56,3329.76,35.72,118949.49255
2025-06-11 16:00:00+00:00,3329.76,3331.49,3326.3,3328.56,21.212,70580.39028
2025-06-11 16:30:00+00:00,3328.56,3328.99,3326.23,3327.51,21.478,71484.45059
2025-06-11 17:00:00+00:00,3327.51,3327.83,3319.75,3322.16,136.732,454518.03858
2025-06-11 17:30:00+00:00,3322.16,3323.94,3317.86,3321.55,44.291,147071.03483
2025-06-11 18:00:00+00:00,3321.55,3340.5,3317.0,3340.46,358.937,1196535.90467
2025-06-11 18:30:00+00:00,3340.46,3342.3,3333.9,3339.29,81.761,272903.62039
2025-06-11 19:00:00+00:00,3339.29,3341.0,3337.98,3339.52,23.852,79661.53716
2025-06-11 19:30:00+00:00,3339.52,3344.21,3339.52,3343.0,30.639,102425.64885
2025-06-11 20:00:00+00:00,3343.0,3348.37,3341.74,3348.37,42.271,141384.46853
2025-06-11 20:30:00+00:00,3348.37,3350.8,3347.5,3350.79,51.342,171920.00365
2025-06-11 21:00:00+00:00,3350.79,3353.85,3349.48,3353.85,69.64,233404.74145
2025-06-11 21:30:00+00:00,3353.85,3355.83,3348.01,3349.28,87.628,293674.15957
2025-06-11 22:00:00+00:00,3349.28,3361.7,3349.28,3359.04,130.535,438256.75933
2025-06-11 22:30:00+00:00,3359.04,3364.7,3357.97,3364.69,69.05,232170.02684
2025-06-11 23:00:00+00:00,3364.69,3369.54,3360.2,3361.05,50.265,169138.57375
2025-06-11 23:30:00+00:00,3361.05,3363.32,3354.65,3360.16,48.355,162441.02532
2025-06-12 00:00:00+00:00,3360.16,3366.06,3359.17,3365.4,51.897,174493.84359
2025-06-12 00:30:00+00:00,3365.4,3367.4,3361.71,3363.61,31.501,105984.46737
2025-06-12 01:00:00+00:00,3363.61,3372.35,3360.2,3371.38,80.031,269436.24036
2025-06-12 01:30:00+00:00,3371.38,3372.35,3365.31,3367.22,64.316,216630.44557
2025-06-12 02:00:00+00:00,3367.22,3369.66,3366.1,3369.29,16.215,54610.66108
2025-06-12 02:30:00+00:00,3369.29,3372.0,3368.9,3370.16,34.314,115685.33675
2025-06-12 03:00:00+00:00,3370.16,3372.0,3367.79,3370.7,44.572,150217.98734
2025-06-12 03:30:00+00:00,3370.7,3375.99,3366.68,3369.0,160.021,539588.63357
2025-06-12 04:00:00+00:00,3369.0,3372.87,3364.89,3367.92,78.446,264201.23764
2025-06-12 04:30:00+00:00,3367.92,3370.58,3367.2,3368.03,21.698,73095.59517
2025-06-12 05:00:00+00:00,3368.03,3370.9,3362.11,3370.2,48.946,164774.45535
2025-06-12 05:30:00+00:00,3370.2,3371.8,3369.09,3371.79,26.051,87796.25625
2025-06-12 06:00:00+00:00,3371.79,3371.8,3362.11,3366.55,52.503,176712.48709
2025-06-12 06:30:00+00:00,3366.55,3372.08,3364.46,3370.51,46.188,155607.22289
2025-06-12 07:00:00+00:00,3370.51,3370.51,3365.23,3366.76,36.95,124455.14483
2025-06-12 07:30:00+00:00,3366.76,3367.64,3337.12,3344.8,396.668,1328078.0512
2025-06-12 08:00:00+00:00,3344.8,3357.57,3344.27,3357.57,236.831,793420.42909
2025-06-12 08:30:00+00:00,3357.57,3361.4,3353.8,3355.91,133.871,449640.17633
2025-06-12 09:00:00+00:00,3355.91,3362.55,3354.66,3359.9,51.115,171710.57186
2025-06-12 09:30:00+00:00,3359.9,3367.1,3357.97,3363.39,69.638,234223.51049
2025-06-12 10:00:00+00:00,3363.39,3377.09,3358.88,3377.08,177.833,599214.72738
2025-06-12 10:30:00+00:00,3377.08,3385.0,3375.89,3380.19,198.526,670992.69992
2025-06-12 11:00:00+00:00,3380.19,3392.53,3380.01,3381.31,490.079,1659154.12245
2025-06-12 11:30:00+00:00,3381.31,3383.67,3372.12,3377.94,117.909,398307.66828
2025-06-12 12:00:00+00:00,3377.94,3382.75,3375.14,3381.33,44.327,149832.64346
2025-06-12 12:30:00+00:00,3381.33,3390.0,3381.33,3387.4,102.338,346564.55734
2025-06-12 13:00:00+00:00,3387.4,3395.29,3380.03,3384.0,183.601,621944.68657
2025-06-12 13:30:00+00:00,3384.0,3395.54,3381.6,3389.15,241.543,819043.53667
2025-06-12 14:00:00+00:00,3389.15,3389.99,3384.4,3385.28,63.46,214972.91561
2025-06-12 14:30:00+00:00,3385.28,3387.42,3380.17,3380.5,67.498,228397.24164
2025-06-12 15:00:00+00:00,3380.5,3388.16,3377.39,3387.01,54.26,183503.23256
2025-06-12 15:30:00+00:00,3387.01,3389.12,3383.09,3384.53,58.277,197347.30262
2025-06-12 16:00:00+00:00,3384.53,3387.79,3381.43,3387.05,30.597,103532.7286
2025-06-12 16:30:00+00:00,3387.05,3390.79,3380.1,3384.02,88.014,298146.0021
2025-06-12 17:00:00+00:00,3384.02,3385.1,3375.2,3379.26,89.828,303564.64219
2025-06-12 17:30:00+00:00,3379.26,3382.72,3376.65,3379.2,68.293,230833.7914
2025-06-12 18:00:00+00:00,3379.2,3382.9,3377.08,3382.2,32.021,108266.49672
2025-06-12 18:30:00+00:00,3382.2,3385.19,3379.61,3381.9,201.241,680561.52258
2025-06-12 19:00:00+00:00,3381.9,3386.05,3379.97,3382.24,100.157,338742.08471
2025-06-12 19:30:00+00:00,3382.24,3390.79,3382.24,3385.67,197.574,669121.70383
2025-06-12 20:00:00+00:00,3385.67,3389.16,3383.2,3383.21,79.734,270011.69959
2025-06-12 20:30:00+00:00,3383.21,3388.64,3380.64,3381.0,177.865,601726.74202
2025-06-12 21:00:00+00:00,3381.0,3388.42,3380.83,3382.59,32.677,110601.38113
2025-06-12 21:30:00+00:00,3382.59,3389.02,3382.59,3386.09,51.397,174075.52932
2025-06-12 22:00:00+00:00,3386.09,3386.09,3380.0,3380.01,43.543,147236.00703
2025-06-12 22:30:00+00:00,3380.01,3382.59,3379.06,3379.7,34.511,116653.86364
2025-06-12 23:00:00+00:00,3379.7,3383.9,3379.3,3383.0,43.224,146195.32856
2025-06-12 23:30:00+00:00,3383.0,3395.1,3382.2,3394.53,79.032,267918.20195
2025-06-13 00:00:00+00:00,3394.53,3409.83,3350.0,3409.33,771.427,2616517.33601
2025-06-13 00:30:00+00:00,3409.33,3416.55,3397.71,3412.37,322.155,1098201.78593
2025-06-13 01:00:00+00:00,3412.37,3426.51,3409.11,3424.43,361.452,1235469.36203
2025-06-13 01:30:00+00:00,3424.43,3433.25,3420.0,3427.21,603.533,2068108.33752
2025-06-13 02:00:00+00:00,3427.21,3435.69,3423.94,3433.53,93.998,322371.46372
2025-06-13 02:30:00+00:00,3433.53,3448.35,3431.58,3446.43,830.8,2858899.34998
2025-06-13 03:00:00+00:00,3446.43,3448.31,3424.49,3431.57,381.48,1310124.65309
2025-06-13 03:30:00+00:00,3431.57,3434.65,3425.42,3426.54,161.671,554320.86382
2025-06-13 04:00:00+00:00,3426.54,3433.3,3424.11,3430.27,141.546,485494.90086
2025-06-13 04:30:00+00:00,3430.27,3432.18,3427.7,3427.94,156.79,537756.41424
2025-06-13 05:00:00+00:00,3427.94,3430.9,3420.25,3422.36,213.922,732897.23232
2025-06-13 05:30:00+00:00,3422.36,3428.33,3421.61,3427.6,67.438,230917.34238
2025-06-13 06:00:00+00:00,3427.6,3430.71,3423.81,3427.81,71.5,245058.85033
2025-06-13 06:30:00+00:00,3427.81,3434.69,3414.64,3420.63,370.277,1268098.44273
2025-06-13 07:00:00+00:00,3420.63,3422.22,3413.0,3420.6,175.981,601401.31717
2025-06-13 07:30:00+00:00,3420.6,3422.8,3416.01,3417.2,131.588,449943.51185
2025-06-13 08:00:00+00:00,3417.2,3429.6,3415.69,3426.18,188.275,644443.52071
2025-06-13 08:30:00+00:00,3426.18,3428.65,3423.9,3426.58,67.691,231940.61055
2025-06-13 09:00:00+00:00,3426.58,3428.2,3422.27,3423.91,76.017,260393.90324
2025-06-13 09:30:00+00:00,3423.91,3426.84,3422.5,3426.8,50.704,173683.45458
2025-06-13 10:00:00+00:00,3426.8,3429.99,3418.57,3423.96,139.419,477543.39079
2025-06-13 10:30:00+00:00,3423.96,3426.94,3416.29,3420.54,102.181,349557.92364
2025-06-13 11:00:00+00:00,3420.54,3423.42,3416.74,3422.17,63.076,215705.91643
2025-06-13 11:30:00+00:00,3422.17,3426.02,3422.17,3425.56,51.187,175300.7452
2025-06-13 12:00:00+00:00,3425.56,3428.69,3415.53,3428.48,123.997,424546.50262
2025-06-13 12:30:00+00:00,3428.48,3438.95,3428.4,3438.95,111.076,381302.6248
2025-06-13 13:00:00+00:00,3438.95,3444.84,3436.59,3444.09,150.957,519439.95111
2025-06-13 13:30:00+00:00,3444.09,3449.8,3433.8,3435.55,223.391,769032.58357
2025-06-13 14:00:00+00:00,3435.55,3438.89,3426.01,3435.59,157.335,539990.79872
2025-06-13 14:30:00+00:00,3435.59,3441.28,3426.85,3428.55,102.464,351885.24718
2025-06-13 15:00:00+00:00,3428.55,3431.18,3422.49,3427.59,241.397,827209.99404
2025-06-13 15:30:00+00:00,3427.59,3427.59,3422.1,3426.72,138.865,475595.35943
2025-06-13 16:00:00+00:00,3426.72,3434.99,3420.15,3427.31,178.257,610300.80174
2025-06-13 16:30:00+00:00,3427.31,3431.42,3426.86,3429.34,77.286,265026.86497
2025-06-13 17:00:00+00:00,3429.34,3434.59,3424.25,3432.48,98.795,338852.42696
2025-06-13 17:30:00+00:00,3432.48,3432.48,3426.75,3430.89,57.905,198604.34057
2025-06-13 18:00:00+00:00,3430.89,3436.62,3428.39,3433.15,114.771,394074.26858
2025-06-13 18:30:00+00:00,3433.15,3440.15,3432.45,3438.46,107.155,368274.1477
2025-06-13 19:00:00+00:00,3438.46,3440.14,3436.22,3436.22,44.235,152087.71996
2025-06-13 19:30:00+00:00,3436.22,3436.23,3432.32,3434.5,37.383,128385.95628
2025-06-13 20:00:00+00:00,3434.5,3434.5,3430.0,3432.81,35.213,120877.18177
2025-06-13 20:30:00+00:00,3432.81,3435.4,3431.35,3433.39,56.554,194205.77276
2025-06-13 21:00:00+00:00,3433.39,3433.4,3431.59,3433.0,14.62,50184.2849
2025-06-13 21:30:00+00:00,3433.0,3436.14,3433.0,3436.1,31.834,109376.69722
2025-06-13 22:00:00+00:00,3436.1,3437.9,3432.52,3433.69,61.201,210277.4818
2025-06-13 22:30:00+00:00,3433.69,3438.03,3433.08,3433.63,21.448,73685.10598
2025-06-13 23:00:00+00:00,3433.63,3435.9,3431.51,3434.52,40.818,140129.49215
2025-06-13 23:30:00+00:00,3434.52,3437.64,3433.56,3434.69,23.87,82014.687
2025-06-14 00:00:00+00:00,3434.69,3436.45,3432.63,3434.58,28.508,97902.41668
2025-06-14 00:30:00+00:00,3434.58,3435.35,3431.5,3434.79,31.859,109375.32964
2025-06-14 01:00:00+00:00,3434.79,3434.8,3431.81,3434.32,6.963,23903.17037
2025-06-14 01:30:00+00:00,3434.32,3436.0,3433.17,3434.63,23.467,80608.69887
2025-06-14 02:00:00+00:00,3434.63,3435.93,3432.7,3432.71,6.606,22690.1758
2025-06-14 02:30:00+00:00,3432.71,3436.37,3432.32,3432.7,49.598,170311.59891
2025-06-14 03:00:00+00:00,3432.7,3433.78,3432.35,3432.36,12.365,42449.42902
2025-06-14 03:30:00+00:00,3432.36,3432.83,3432.35,3432.6,10.934,37531.01328
2025-06-14 04:00:00+00:00,3432.6,3433.67,3432.42,3433.67,4.796,16463.02691
2025-06-14 04:30:00+00:00,3433.67,3433.67,3431.96,3432.35,7.602,26096.6212
2025-06-14 05:00:00+00:00,3432.35,3432.35,3431.53,3431.55,2.529,8678.9772
2025-06-14 05:30:00+00:00,3431.55,3432.29,3431.5,3431.5,9.303,31925.32455
2025-06-14 06:00:00+00:00,3431.5,3431.51,3424.0,3429.44,50.548,173297.5974
2025-06-14 06:30:00+00:00,3429.44,3432.96,3429.44,3432.96,14.387,49371.68101
2025-06-14 07:00:00+00:00,3432.96,3433.8,3429.0,3431.87,14.88,51071.64835
2025-06-14 07:30:00+00:00,3431.87,3432.43,3429.2,3429.8,15.313,52528.35824
2025-06-14 08:00:00+00:00,3429.8,3432.32,3426.0,3429.15,28.398,97391.23403
2025-06-14 08:30:00+00:00,3429.15,3433.37,3426.8,3433.34,36.177,124094.34103
2025-06-14 09:00:00+00:00,3433.34,3436.25,3430.26,3431.56,48.47,166413.18761
2025-06-14 09:30:00+00:00,3431.56,3437.96,3431.56,3435.6,90.079,309449.3457
2025-06-14 10:00:00+00:00,3435.6,3438.4,3433.52,3434.12,73.877,253841.17511
2025-06-14 10:30:00+00:00,3434.12,3436.16,3433.83,3435.21,6.52,22393.59794
2025-06-14 11:00:00+00:00,3435.21,3437.5,3435.21,3436.5,32.264,110889.05836
2025-06-14 11:30:00+00:00,3436.5,3436.86,3435.38,3435.38,12.262,42136.12618
2025-06-14 12:00:00+00:00,3435.38,3436.1,3432.68,3432.68,17.987,61780.01818
2025-06-14 12:30:00+00:00,3432.68,3432.69,3431.29,3431.29,4.471,15343.79007
2025-06-14 13:00:00+00:00,3431.29,3434.0,3431.27,3434.0,16.179,55527.784
2025-06-14 13:30:00+00:00,3434.0,3436.16,3434.0,3436.0,11.773,40442.7592
2025-06-14 14:00:00+00:00,3436.0,3436.72,3435.4,3435.4,13.881,47694.60283
2025-06-14 14:30:00+00:00,3435.4,3437.8,3435.2,3436.9,11.682,40142.03952
2025-06-14 15:00:00+00:00,3436.9,3437.28,3436.9,3437.13,13.546,46558.28619
2025-06-14 15:30:00+00:00,3437.13,3438.75,3437.04,3437.31,50.514,173649.47764
2025-06-14 16:00:00+00:00,3437.31,3439.0,3437.31,3438.81,52.446,180326.72975
2025-06-14 16:30:00+00:00,3438.81,3438.94,3437.33,3437.42,39.755,136694.24791
2025-06-14 17:00:00+00:00,3437.42,3443.05,3436.64,3438.4,97.514,335352.69986
2025-06-14 17:30:00+00:00,3438.4,3440.5,3438.4,3439.25,39.852,137059.02775
2025-06-14 18:00:00+00:00,3439.25,3444.32,3439.25,3444.09,41.39,142510.36884
2025-06-14 18:30:00+00:00,3444.09,3456.0,3444.04,3455.78,181.066,624597.69785
2025-06-14 19:00:00+00:00,3455.78,3455.78,3448.01,3452.38,126.641,437158.36557
2025-06-14 19:30:00+00:00,3452.38,3466.6,3450.5,3458.5,236.298,817335.3797
2025-06-14 20:00:00+00:00,3458.5,3472.65,3458.5,3470.18,190.691,660922.13118
2025-06-14 20:30:00+00:00,3470.18,3471.0,3457.36,3470.67,218.02,755697.61034
2025-06-14 21:00:00+00:00,3470.67,3479.8,3469.0,3477.65,209.087,726483.2977
2025-06-14 21:30:00+00:00,3477.65,3478.55,3469.0,3474.82,158.467,550540.34656
2025-06-14 22:00:00+00:00,3474.82,3476.38,3471.54,3473.55,100.008,347414.97627
2025-06-14 22:30:00+00:00,3473.55,3473.56,3466.19,3469.8,88.774,307972.29645
2025-06-14 23:00:00+00:00,3469.8,3471.45,3457.5,3458.1,77.717,269212.41909
2025-06-14 23:30:00+00:00,3458.1,3469.27,3458.1,3469.27,34.806,120517.8957
2025-06-15 00:00:00+00:00,3469.27,3474.74,3468.78,3472.56,44.961,156067.2815
2025-06-15 00:30:00+00:00,3472.56,3473.12,3468.24,3471.64,27.678,96036.99936
2025-06-15 01:00:00+00:00,3471.64,3473.67,3470.0,3472.75,21.107,73269.10455
2025-06-15 01:30:00+00:00,3472.75,3478.5,3471.21,3478.49,50.116,174222.13367
2025-06-15 02:00:00+00:00,3478.49,3478.5,3463.28,3463.28,65.252,226548.83633
2025-06-15 02:30:00+00:00,3463.28,3467.32,3459.04,3460.26,73.876,255849.18051
2025-06-15 03:00:00+00:00,3460.26,3465.63,3459.04,3459.05,47.102,163030.73767
2025-06-15 03:30:00+00:00,3459.05,3465.14,3458.25,3464.43,41.997,145352.68171
2025-06-15 04:00:00+00:00,3464.43,3464.44,3458.97,3459.65,38.595,133556.41167
2025-06-15 04:30:00+00:00,3459.65,3461.23,3455.82,3458.12,50.766,175549.46826
2025-06-15 05:00:00+00:00,3458.12,3462.56,3457.41,3461.6,28.014,96909.28622
2025-06-15 05:30:00+00:00,3461.6,3461.6,3457.35,3458.82,86.797,300203.32047
2025-06-15 06:00:00+00:00,3458.82,3460.09,3454.69,3454.69,45.916,158781.3873
2025-06-15 06:30:00+00:00,3454.69,3456.67,3452.75,3454.07,37.331,128972.47939
2025-06-15 07:00:00+00:00,3454.07,3463.28,3454.07,3458.62,57.502,198880.36591
2025-06-15 07:30:00+00:00,3458.62,3461.59,3456.7,3458.77,22.108,76469.37476
2025-06-15 08:00:00+00:00,3458.77,3459.68,3454.85,3455.59,18.366,63491.50681
2025-06-15 08:30:00+00:00,3455.59,3464.0,3455.31,3463.98,67.638,234013.99924
2025-06-15 09:00:00+00:00,3463.98,3465.0,3462.31,3464.34,57.662,199757.95238
2025-06-15 09:30:00+00:00,3464.34,3465.0,3461.78,3464.06,32.599,112917.03156
2025-06-15 10:00:00+00:00,3464.06,3466.99,3464.06,3465.21,41.406,143494.46546
2025-06-15 10:30:00+00:00,3465.21,3465.77,3460.23,3461.47,56.446,195438.79905
2025-06-15 11:00:00+00:00,3461.47,3465.4,3461.4,3463.73,46.73,161844.47398
2025-06-15 11:30:00+00:00,3463.73,3467.6,3462.76,3465.62,26.443,91634.5794
2025-06-15 12:00:00+00:00,3465.62,3467.58,3465.2,3467.18,30.317,105090.27857
2025-06-15 12:30:00+00:00,3467.18,3469.57,3465.75,3469.14,57.982,201067.4813
2025-06-15 13:00:00+00:00,3469.14,3469.18,3462.31,3464.99,78.61,272388.10056
2025-06-15 13:30:00+00:00,3464.99,3468.24,3452.33,3452.33,88.617,306650.25422
2025-06-15 14:00:00+00:00,3452.33,3460.58,3451.48,3458.25,112.04,387230.89004
2025-06-15 14:30:00+00:00,3458.25,3459.39,3452.01,3455.28,65.865,227556.36026
2025-06-15 15:00:00+00:00,3455.28,3458.37,3453.76,3458.05,32.724,113047.10988
2025-06-15 15:30:00+00:00,3458.05,3459.41,3454.44,3455.85,7.347,25399.3265
2025-06-15 16:00:00+00:00,3455.85,3456.77,3450.0,3451.01,108.375,374142.29213
2025-06-15 16:30:00+00:00,3451.01,3451.4,3444.08,3447.6,97.117,334873.01805
2025-06-15 17:00:00+00:00,3447.6,3449.2,3446.62,3449.2,11.371,39202.98474
2025-06-15 17:30:00+00:00,3449.2,3455.08,3449.19,3455.05,48.138,166221.33275
2025-06-15 18:00:00+00:00,3455.05,3455.38,3455.05,3455.38,2.845,9830.21954
2025-06-15 18:30:00+00:00,3455.38,3455.38,3451.3,3451.92,45.448,156962.6423
2025-06-15 19:00:00+00:00,3451.92,3459.48,3451.92,3459.48,40.772,140905.27597
2025-06-15 19:30:00+00:00,3459.48,3460.1,3456.6,3458.39,37.924,131155.25836
2025-06-15 20:00:00+00:00,3458.39,3459.92,3457.31,3459.8,45.341,156817.9141
2025-06-15 20:30:00+00:00,3459.8,3462.65,3456.68,3461.83,134.877,466629.34452
2025-06-15 21:00:00+00:00,3461.83,3463.57,3460.2,3463.56,69.267,239779.97913
2025-06-15 21:30:00+00:00,3463.56,3464.43,3461.2,3461.2,31.241,108191.13583
2025-06-15 22:00:00+00:00,3461.2,3461.39,3440.26,3452.8,650.885,2245649.38255
2025-06-15 22:30:00+00:00,3452.8,3455.95,3448.2,3455.01,99.116,342095.03708
2025-06-15 23:00:00+00:00,3455.01,3456.58,3451.4,3454.99,15.998,55266.87949
2025-06-15 23:30:00+00:00,3454.99,3455.83,3445.92,3450.99,78.645,271350.66066
2025-06-16 00:00:00+00:00,3450.99,3456.9,3444.09,3456.89,95.331,328945.83452
2025-06-16 00:30:00+00:00,3456.89,3456.9,3443.2,3447.11,145.904,503449.25782
2025-06-16 01:00:00+00:00,3447.11,3449.33,3442.2,3442.85,75.322,259585.02099
2025-06-16 01:30:00+00:00,3442.85,3447.02,3442.7,3446.98,142.832,492055.67414
2025-06-16 02:00:00+00:00,3446.98,3451.36,3446.21,3448.92,38.42,132497.98949
2025-06-16 02:30:00+00:00,3448.92,3448.92,3442.33,3443.39,53.591,184649.37475
2025-06-16 03:00:00+00:00,3443.39,3443.78,3437.77,3442.19,130.661,449604.03124
2025-06-16 03:30:00+00:00,3442.19,3442.19,3434.31,3435.4,85.983,295519.39807
2025-06-16 04:00:00+00:00,3435.4,3436.95,3430.0,3433.2,202.898,696555.47167
2025-06-16 04:30:00+00:00,3433.2,3434.4,3430.6,3430.68,90.822,311714.37989
2025-06-16 05:00:00+00:00,3430.68,3432.0,3425.8,3429.55,144.376,495128.34094
2025-06-16 05:30:00+00:00,3429.55,3433.25,3420.75,3425.27,175.64,601726.15039
2025-06-16 06:00:00+00:00,3425.27,3425.27,3417.48,3417.53,144.43,493995.11731
2025-06-16 06:30:00+00:00,3417.53,3422.89,3416.0,3419.6,208.883,714108.50771
2025-06-16 07:00:00+00:00,3419.6,3421.21,3412.5,3415.29,168.746,576453.13438
2025-06-16 07:30:00+00:00,3415.29,3418.46,3412.7,3415.23,172.097,587744.41347
2025-06-16 08:00:00+00:00,3415.23,3420.87,3412.09,3416.3,149.284,510094.07961
2025-06-16 08:30:00+00:00,3416.3,3420.86,3415.0,3415.05,114.503,391377.95824
2025-06-16 09:00:00+00:00,3415.05,3420.53,3415.04,3419.44,75.53,258174.89049
2025-06-16 09:30:00+00:00,3419.44,3420.21,3412.26,3415.1,81.172,277294.90247
2025-06-16 10:00:00+00:00,3415.1,3417.72,3413.05,3415.37,65.797,224751.45999
2025-06-16 10:30:00+00:00,3415.37,3422.8,3415.37,3421.28,92.508,316339.44362
2025-06-16 11:00:00+00:00,3421.28,3426.91,3420.4,3421.83,88.409,302642.7335
2025-06-16 11:30:00+00:00,3421.83,3421.91,3414.1,3417.76,80.542,275254.50966
2025-06-16 12:00:00+00:00,3417.76,3419.39,3414.2,3416.39,48.533,165800.71293
2025-06-16 12:30:00+00:00,3416.39,3420.9,3414.72,3419.27,50.8,173608.27105
2025-06-16 13:00:00+00:00,3419.27,3419.54,3410.62,3417.21,134.294,458604.84377
2025-06-16 13:30:00+00:00,3417.21,3418.11,3387.64,3391.61,506.065,1720807.85128
2025-06-16 14:00:00+00:00,3391.61,3401.45,3389.6,3394.96,239.126,812051.64104
2025-06-16 14:30:00+00:00,3394.96,3399.09,3390.05,3397.64,216.678,735420.90767
2025-06-16 15:00:00+00:00,3397.64,3405.0,3397.64,3405.0,67.625,230046.25657
2025-06-16 15:30:00+00:00,3405.0,3405.61,3402.01,3404.87,61.971,210964.61081
2025-06-16 16:00:00+00:00,3404.87,3404.87,3400.0,3400.38,31.155,105995.18757
2025-06-16 16:30:00+00:00,3400.38,3400.84,3397.22,3400.42,48.252,164043.72703
2025-06-16 17:00:00+00:00,3400.42,3400.42,3395.78,3398.01,46.148,156826.0478
2025-06-16 17:30:00+00:00,3398.01,3398.02,3393.0,3393.15,56.964,193376.171
2025-06-16 18:00:00+00:00,3393.15,3393.46,3388.0,3389.2,123.929,420169.67982
2025-06-16 18:30:00+00:00,3389.2,3390.75,3384.68,3385.22,57.662,195381.74951
2025-06-16 19:00:00+00:00,3385.22,3385.22,3375.26,3384.32,321.614,1087856.00906
2025-06-16 19:30:00+00:00,3384.32,3388.3,3383.47,3384.29,70.81,239742.45584
2025-06-16 20:00:00+00:00,3384.29,3384.4,3381.47,3384.4,45.07,152482.01405
2025-06-16 20:30:00+00:00,3384.4,3385.5,3380.55,3383.09,111.296,376463.59016
2025-06-16 21:00:00+00:00,3383.09,3388.6,3378.9,3388.6,85.747,290024.40187
2025-06-16 21:30:00+00:00,3388.6,3392.02,3388.6,3391.63,52.023,176417.62834
2025-06-16 22:00:00+00:00,3391.63,3391.63,3387.0,3389.5,100.418,340323.98236
2025-06-16 22:30:00+00:00,3389.5,3400.92,3387.71,3397.86,333.105,1131438.78069
2025-06-16 23:00:00+00:00,3397.86,3402.23,3396.01,3401.23,171.573,583234.63929
2025-06-16 23:30:00+00:00,3401.23,3408.61,3397.8,3408.19,270.661,920830.74056
2025-06-17 00:00:00+00:00,3408.19,3408.38,3401.0,3403.43,328.938,1120041.53431
2025-06-17 00:30:00+00:00,3403.43,3407.59,3397.18,3398.18,64.058,217980.44985
2025-06-17 01:00:00+00:00,3398.18,3406.34,3398.18,3405.15,20.532,69874.60466
2025-06-17 01:30:00+00:00,3405.15,3405.16,3398.66,3399.35,27.131,92278.14099
2025-06-17 02:00:00+00:00,3399.35,3401.6,3395.21,3399.93,39.2,133245.48217
2025-06-17 02:30:00+00:00,3399.93,3403.5,3392.6,3392.62,60.093,204188.05361
2025-06-17 03:00:00+00:00,3392.62,3394.91,3380.1,3388.31,249.047,843434.44027
2025-06-17 03:30:00+00:00,3388.31,3390.39,3386.99,3390.39,38.136,129243.56688
2025-06-17 04:00:00+00:00,3390.39,3393.09,3390.38,3392.0,44.785,151912.04046
2025-06-17 04:30:00+00:00,3392.0,3398.95,3392.0,3397.99,31.007,105292.80909
2025-06-17 05:00:00+00:00,3397.99,3399.4,3395.79,3397.47,54.009,183490.52721
2025-06-17 05:30:00+00:00,3397.47,3398.19,3394.64,3397.82,37.497,127371.68584
2025-06-17 06:00:00+00:00,3397.82,3397.82,3389.67,3391.2,84.417,286312.41067
2025-06-17 06:30:00+00:00,3391.2,3392.2,3385.0,3388.91,33.194,112474.50424
2025-06-17 07:00:00+00:00,3388.91,3398.17,3387.04,3393.24,118.682,402714.24279
2025-06-17 07:30:00+00:00,3393.24,3395.93,3389.0,3393.85,71.455,242454.25098
2025-06-17 08:00:00+00:00,3393.85,3394.41,3386.93,3389.19,112.986,383046.48363
2025-06-17 08:30:00+00:00,3389.19,3391.4,3382.46,3383.8,54.632,185057.45604
2025-06-17 09:00:00+00:00,3383.8,3388.3,3381.9,3385.1,54.081,183062.74594
2025-06-17 09:30:00+00:00,3385.1,3390.69,3384.2,3390.1,70.275,238093.23279
2025-06-17 10:00:00+00:00,3390.1,3403.4,3390.1,3399.75,129.827,441142.47632
2025-06-17 10:30:00+00:00,3399.75,3406.96,3398.96,3404.28,148.013,503607.69963
2025-06-17 11:00:00+00:00,3404.28,3406.57,3398.66,3399.4,94.021,319996.23059
2025-06-17 11:30:00+00:00,3399.4,3403.02,3394.2,3394.65,68.244,232006.43448
2025-06-17 12:00:00+00:00,3394.65,3394.65,3390.56,3392.64,102.181,346544.79195
2025-06-17 12:30:00+00:00,3392.64,3396.8,3388.23,3392.55,77.086,261444.11101
2025-06-17 13:00:00+00:00,3392.55,3400.7,3391.77,3398.27,53.754,182627.86438
2025-06-17 13:30:00+00:00,3398.27,3402.23,3394.44,3395.83,99.048,336496.10067
2025-06-17 14:00:00+00:00,3395.83,3396.86,3386.58,3386.63,72.893,247268.97708
2025-06-17 14:30:00+00:00,3386.63,3390.26,3371.29,3389.02,223.791,756224.31516
2025-06-17 15:00:00+00:00,3389.02,3393.03,3384.64,3385.68,193.745,656760.77056
2025-06-17 15:30:00+00:00,3385.68,3388.13,3378.0,3384.0,119.019,402599.28893
2025-06-17 16:00:00+00:00,3384.0,3386.43,3380.2,3385.21,51.892,175587.72103
2025-06-17 16:30:00+00:00,3385.21,3391.7,3383.13,3385.2,166.665,564595.52855
2025-06-17 17:00:00+00:00,3385.2,3398.45,3385.0,3392.57,117.613,398682.0257
2025-06-17 17:30:00+00:00,3392.57,3394.9,3391.39,3393.19,45.981,155999.80805
2025-06-17 18:00:00+00:00,3393.19,3396.14,3392.15,3394.25,60.912,206732.45272
2025-06-17 18:30:00+00:00,3394.25,3396.14,3386.56,3386.56,76.239,258457.66363
2025-06-17 19:00:00+00:00,3386.56,3388.3,3371.0,3385.32,307.717,1041348.74199
2025-06-17 19:30:00+00:00,3385.32,3387.2,3384.03,3387.01,34.337,116261.84672
2025-06-17 20:00:00+00:00,3387.01,3388.69,3384.6,3388.42,32.985,111698.89736
2025-06-17 20:30:00+00:00,3388.42,3393.64,3388.41,3392.99,53.416,181192.44072
2025-06-17 21:00:00+00:00,3392.99,3406.56,3390.61,3399.7,108.401,368440.34398
2025-06-17 21:30:00+00:00,3399.7,3403.0,3394.59,3397.94,79.906,271548.38861
2025-06-17 22:00:00+00:00,3397.94,3404.64,3396.3,3396.79,124.563,423419.30012
2025-06-17 22:30:00+00:00,3396.79,3398.57,3393.86,3394.48,37.378,126927.72064
2025-06-17 23:00:00+00:00,3394.48,3395.4,3393.84,3393.89,10.305,34980.03558
2025-06-17 23:30:00+00:00,3393.89,3394.79,3390.39,3390.94,32.412,109932.38652
2025-06-18 00:00:00+00:00,3390.94,3392.98,3388.4,3388.6,56.286,190834.73274
2025-06-18 00:30:00+00:00,3388.6,3390.75,3385.89,3389.58,43.961,148938.19346
2025-06-18 01:00:00+00:00,3389.58,3390.74,3384.9,3389.57,120.579,408420.29401
2025-06-18 01:30:00+00:00,3389.57,3390.74,3384.64,3384.64,43.964,148860.19336
2025-06-18 02:00:00+00:00,3384.64,3384.64,3377.17,3377.64,50.704,171354.09295
2025-06-18 02:30:00+00:00,3377.64,3381.9,3374.43,3381.9,53.974,182230.08241
2025-06-18 03:00:00+00:00,3381.9,3388.38,3381.9,3388.1,30.364,102812.96065
2025-06-18 03:30:00+00:00,3388.1,3393.0,3388.1,3392.35,35.339,119833.81704
2025-06-18 04:00:00+00:00,3392.35,3396.24,3392.14,3396.24,27.431,93116.1632
2025-06-18 04:30:00+00:00,3396.24,3401.17,3396.24,3397.17,44.104,149893.59754
2025-06-18 05:00:00+00:00,3397.17,3397.17,3392.12,3393.6,41.954,142438.95773
2025-06-18 05:30:00+00:00,3393.6,3393.6,3388.39,3388.42,54.65,185249.24346
2025-06-18 06:00:00+00:00,3388.42,3389.34,3385.68,3386.85,92.616,313764.69986
2025-06-18 06:30:00+00:00,3386.85,3389.57,3384.43,3387.0,55.554,188148.58999
2025-06-18 07:00:00+00:00,3387.0,3388.2,3383.98,3383.98,56.511,191329.35821
2025-06-18 07:30:00+00:00,3383.98,3389.99,3383.31,3389.66,52.754,178592.77775
2025-06-18 08:00:00+00:00,3389.66,3392.0,3389.07,3391.13,31.774,107733.63191
2025-06-18 08:30:00+00:00,3391.13,3391.13,3387.2,3387.2,17.374,58873.2752
2025-06-18 09:00:00+00:00,3387.2,3388.59,3385.47,3386.98,26.531,89860.48208
2025-06-18 09:30:00+00:00,3386.98,3386.98,3381.42,3381.6,68.387,231395.4759
2025-06-18 10:00:00+00:00,3381.6,3383.43,3380.9,3380.91,23.005,77797.92245
2025-06-18 10:30:00+00:00,3380.91,3390.09,3380.91,3385.51,94.079,318464.30636
2025-06-18 11:00:00+00:00,3385.51,3390.43,3385.4,3390.19,26.564,89989.06874
2025-06-18 11:30:00+00:00,3390.19,3391.8,3385.4,3385.41,23.026,78045.131
2025-06-18 12:00:00+00:00,3385.41,3392.99,3385.41,3392.24,20.145,68309.143
2025-06-18 12:30:00+00:00,3392.24,3393.24,3389.5,3391.0,54.678,185402.60435
2025-06-18 13:00:00+00:00,3391.0,3400.25,3390.21,3398.85,126.28,428887.06659
2025-06-18 13:30:00+00:00,3398.85,3400.25,3392.86,3397.39,61.477,208819.97066
2025-06-18 14:00:00+00:00,3397.39,3397.39,3377.4,3383.54,266.324,901640.34375
2025-06-18 14:30:00+00:00,3383.54,3391.39,3383.54,3388.78,78.966,267575.56708
2025-06-18 15:00:00+00:00,3388.78,3391.69,3385.0,3389.41,44.938,152272.22001
2025-06-18 15:30:00+00:00,3389.41,3394.59,3388.65,3394.59,26.614,90250.50936
2025-06-18 16:00:00+00:00,3394.59,3396.79,3391.73,3394.01,35.155,119310.75798
2025-06-18 16:30:00+00:00,3394.01,3396.52,3392.6,3392.97,21.521,73048.92046
2025-06-18 17:00:00+00:00,3392.97,3396.97,3391.11,3392.05,50.356,170865.08665
2025-06-18 17:30:00+00:00,3392.05,3396.3,3388.26,3388.26,89.933,305056.09764
2025-06-18 18:00:00+00:00,3388.26,3398.1,3388.26,3391.82,81.701,277285.09318
2025-06-18 18:30:00+00:00,3391.82,3394.37,3382.16,3383.0,61.218,207376.31848
2025-06-18 19:00:00+00:00,3383.0,3383.0,3371.0,3371.0,140.928,475824.77086
2025-06-18 19:30:00+00:00,3371.0,3377.25,3365.7,3369.86,157.512,530811.82169
2025-06-18 20:00:00+00:00,3369.86,3371.13,3366.6,3367.76,98.233,330847.19726
2025-06-18 20:30:00+00:00,3367.76,3369.0,3366.2,3368.99,255.676,860950.49409
2025-06-18 21:00:00+00:00,3368.99,3376.8,3368.98,3376.79,32.366,109129.93963
2025-06-18 21:30:00+00:00,3376.79,3376.8,3373.31,3373.37,54.475,183808.54824
2025-06-18 22:00:00+00:00,3373.37,3380.19,3373.26,3377.59,80.665,272261.11404
2025-06-18 22:30:00+00:00,3377.59,3377.97,3376.2,3376.95,51.966,175507.37175
2025-06-18 23:00:00+00:00,3376.95,3377.4,3373.51,3373.51,30.585,103259.94833
2025-06-18 23:30:00+00:00,3373.51,3378.0,3373.4,3376.24,25.721,86814.33958
2025-06-19 00:00:00+00:00,3376.24,3380.4,3376.24,3380.39,33.293,112466.74942
2025-06-19 00:30:00+00:00,3380.39,3384.01,3380.39,3380.81,36.612,123820.04992
2025-06-19 01:00:00+00:00,3380.81,3387.4,3379.8,3381.0,46.877,158567.55935
2025-06-19 01:30:00+00:00,3381.0,3382.2,3377.39,3377.39,14.139,47795.41223
2025-06-19 02:00:00+00:00,3377.39,3379.76,3376.6,3376.7,16.483,55682.13337
2025-06-19 02:30:00+00:00,3376.7,3380.0,3376.7,3377.61,37.14,125492.38003
2025-06-19 03:00:00+00:00,3377.61,3377.64,3372.01,3372.01,40.864,137908.18979
2025-06-19 03:30:00+00:00,3372.01,3376.54,3372.01,3375.42,30.793,103923.89318
2025-06-19 04:00:00+00:00,3375.42,3375.57,3374.6,3374.6,6.503,21949.63417
2025-06-19 04:30:00+00:00,3374.6,3375.6,3374.6,3375.49,5.352,18063.95661
2025-06-19 05:00:00+00:00,3375.49,3375.6,3372.13,3372.8,172.961,583408.71485
2025-06-19 05:30:00+00:00,3372.8,3373.09,3363.12,3366.26,189.746,639018.12925
2025-06-19 06:00:00+00:00,3366.26,3366.26,3352.72,3353.71,456.102,1531523.65567
2025-06-19 06:30:00+00:00,3353.71,3360.46,3352.22,3360.46,185.363,621882.91761
2025-06-19 07:00:00+00:00,3360.46,3362.18,3354.91,3357.9,83.246,279554.78385
2025-06-19 07:30:00+00:00,3357.9,3370.78,3357.9,3368.0,236.199,794663.07796
2025-06-19 08:00:00+00:00,3368.0,3368.59,3364.55,3367.79,36.584,123167.75737
2025-06-19 08:30:00+00:00,3367.79,3373.2,3366.2,3370.79,99.999,336930.18205
2025-06-19 09:00:00+00:00,3370.79,3374.38,3365.92,3374.38,53.508,180354.26437
2025-06-19 09:30:00+00:00,3374.38,3374.4,3370.58,3372.4,46.469,156728.85534
2025-06-19 10:00:00+00:00,3372.4,3378.52,3370.81,3377.11,74.674,252001.0503
2025-06-19 10:30:00+00:00,3377.11,3378.7,3376.0,3377.2,53.465,180549.28731
2025-06-19 11:00:00+00:00,3377.2,3377.79,3373.81,3375.31,40.094,135345.04502
2025-06-19 11:30:00+00:00,3375.31,3375.79,3373.21,3373.21,21.155,71390.84625
2025-06-19 12:00:00+00:00,3373.21,3373.27,3366.79,3367.8,79.923,269348.68059
2025-06-19 12:30:00+00:00,3367.8,3372.92,3367.79,3369.79,62.152,209466.72546
2025-06-19 13:00:00+00:00,3369.79,3370.26,3364.52,3364.71,60.032,202217.16335
2025-06-19 13:30:00+00:00,3364.71,3376.55,3364.71,3372.46,119.085,401426.54295
2025-06-19 14:00:00+00:00,3372.46,3374.2,3365.89,3366.59,68.861,232067.40282
2025-06-19 14:30:00+00:00,3366.59,3370.88,3365.66,3368.42,65.182,219549.45556
2025-06-19 15:00:00+00:00,3368.42,3373.49,3367.17,3371.6,56.818,191509.0896
2025-06-19 15:30:00+00:00,3371.6,3375.3,3370.58,3374.2,63.118,212864.5124
2025-06-19 16:00:00+00:00,3374.2,3375.23,3371.17,3374.11,19.841,66926.27595
2025-06-19 16:30:00+00:00,3374.11,3376.78,3371.91,3376.21,233.41,787861.23234
2025-06-19 17:00:00+00:00,3376.21,3380.91,3376.2,3380.39,149.707,505904.54473
2025-06-19 17:30:00+00:00,3380.39,3380.39,3369.28,3372.99,102.229,344901.27978
2025-06-19 18:00:00+00:00,3372.99,3375.0,3371.85,3374.99,14.123,47647.20438
2025-06-19 18:30:00+00:00,3374.99,3379.84,3374.99,3379.8,65.771,222161.0078
2025-06-19 19:00:00+00:00,3379.8,3381.13,3379.8,3381.13,6.332,21402.87327
2025-06-19 19:30:00+00:00,3381.13,3385.98,3380.84,3381.51,57.198,193479.63843
2025-06-19 20:00:00+00:00,3381.51,3381.51,3380.8,3381.21,32.223,108949.98793
2025-06-19 20:30:00+00:00,3381.21,3381.26,3381.01,3381.02,8.084,27333.32243
2025-06-19 21:00:00+00:00,3381.02,3381.09,3379.8,3379.86,9.496,32101.55996
2025-06-19 21:30:00+00:00,3379.86,3380.49,3378.84,3378.84,17.2,58127.77425
2025-06-19 22:00:00+00:00,3378.84,3378.85,3368.2,3372.5,95.746,322969.03944
2025-06-19 22:30:00+00:00,3372.5,3373.19,3366.6,3370.2,41.86,141072.40707
2025-06-19 23:00:00+00:00,3370.2,3375.65,3370.06,3374.6,28.165,95009.28307
2025-06-19 23:30:00+00:00,3374.6,3375.5,3372.4,3374.21,16.505,55690.25752
2025-06-20 00:00:00+00:00,3374.21,3375.82,3371.86,3371.86,16.785,56622.20731
2025-06-20 00:30:00+00:00,3371.86,3375.19,3371.4,3374.2,29.515,99522.12525
2025-06-20 01:00:00+00:00,3374.2,3374.79,3364.7,3368.79,48.65,163910.26623
2025-06-20 01:30:00+00:00,3368.79,3369.77,3362.28,3362.37,57.726,194237.6351
2025-06-20 02:00:00+00:00,3362.37,3365.0,3362.19,3362.51,29.564,99428.78551
2025-06-20 02:30:00+00:00,3362.51,3362.51,3358.1,3359.12,42.17,141688.8311
2025-06-20 03:00:00+00:00,3359.12,3359.13,3352.01,3358.2,121.762,408534.29351
2025-06-20 03:30:00+00:00,3358.2,3361.54,3357.4,3361.53,12.124,40730.63933
2025-06-20 04:00:00+00:00,3361.53,3363.04,3360.41,3363.04,14.465,48625.77867
2025-06-20 04:30:00+00:00,3363.04,3364.7,3360.2,3360.21,26.954,90665.74616
2025-06-20 05:00:00+00:00,3360.21,3360.21,3356.55,3356.55,15.795,53054.65268
2025-06-20 05:30:00+00:00,3356.55,3359.46,3350.25,3352.1,90.548,303765.57067
2025-06-20 06:00:00+00:00,3352.1,3355.4,3351.2,3352.01,47.255,158453.28098
2025-06-20 06:30:00+00:00,3352.01,3352.72,3345.39,3352.57,152.657,511291.36802
2025-06-20 07:00:00+00:00,3352.57,3361.3,3352.01,3358.54,44.131,148160.81345
2025-06-20 07:30:00+00:00,3358.54,3358.54,3350.39,3353.11,213.162,714906.99498
2025-06-20 08:00:00+00:00,3353.11,3355.4,3349.29,3353.39,181.279,607711.9819
2025-06-20 08:30:00+00:00,3353.39,3357.77,3351.9,3357.19,66.679,223725.50612
2025-06-20 09:00:00+00:00,3357.19,3360.46,3356.01,3360.46,20.255,68028.7142
2025-06-20 09:30:00+00:00,3360.46,3363.09,3359.11,3359.29,19.994,67214.11157
2025-06-20 10:00:00+00:00,3359.29,3361.7,3359.29,3360.69,16.193,54419.48319
2025-06-20 10:30:00+00:00,3360.69,3361.4,3360.0,3360.03,19.486,65481.7328
2025-06-20 11:00:00+00:00,3360.03,3360.04,3356.0,3356.29,66.638,223784.38555
2025-06-20 11:30:00+00:00,3356.29,3360.0,3353.34,3353.81,61.074,204995.97307
2025-06-20 12:00:00+00:00,3353.81,3354.8,3352.0,3353.4,22.006,73785.96424
2025-06-20 12:30:00+00:00,3353.4,3353.68,3347.9,3350.55,66.74,223603.23735
2025-06-20 13:00:00+00:00,3350.55,3361.39,3350.0,3361.0,35.394,118799.66951
2025-06-20 13:30:00+00:00,3361.0,3376.92,3361.0,3374.63,216.641,730073.53314
2025-06-20 14:00:00+00:00,3374.63,3378.47,3368.41,3372.2,118.984,401287.12113
2025-06-20 14:30:00+00:00,3372.2,3381.0,3369.71,3375.8,299.196,1009847.01291
2025-06-20 15:00:00+00:00,3375.8,3378.33,3370.88,3372.41,88.045,297131.48376
2025-06-20 15:30:00+00:00,3372.41,3377.0,3371.4,3376.32,37.736,127290.27222
2025-06-20 16:00:00+00:00,3376.32,3376.33,3373.4,3374.0,16.916,57079.79724
2025-06-20 16:30:00+00:00,3374.0,3380.53,3374.0,3375.71,85.92,290243.13532
2025-06-20 17:00:00+00:00,3375.71,3381.0,3373.17,3373.2,228.152,770330.40032
2025-06-20 17:30:00+00:00,3373.2,3378.3,3373.0,3373.01,181.307,611924.84917
2025-06-20 18:00:00+00:00,3373.01,3373.2,3368.25,3369.6,57.489,193802.62545
2025-06-20 18:30:00+00:00,3369.6,3370.43,3367.88,3370.43,36.064,121515.50703
2025-06-20 19:00:00+00:00,3370.43,3374.33,3370.43,3374.21,14.702,49578.55867
2025-06-20 19:30:00+00:00,3374.21,3374.3,3369.52,3370.1,47.836,161306.97755
2025-06-20 20:00:00+00:00,3370.1,3373.74,3367.25,3373.4,54.55,183823.16985
2025-06-20 20:30:00+00:00,3373.4,3374.0,3371.47,3373.91,19.164,64637.63312
2025-06-20 21:00:00+00:00,3373.91,3377.88,3373.91,3377.88,11.856,40014.05758
2025-06-20 21:30:00+00:00,3377.88,3383.68,3377.88,3381.0,33.239,112401.03462
2025-06-20 22:00:00+00:00,3381.0,3381.01,3376.86,3378.2,13.655,46126.30429
2025-06-20 22:30:00+00:00,3378.2,3378.3,3377.4,3377.98,11.025,37238.57217
2025-06-20 23:00:00+00:00,3377.98,3385.25,3376.88,3380.89,72.588,245368.59313
2025-06-20 23:30:00+00:00,3380.89,3381.39,3380.29,3381.21,16.829,56897.55429
2025-06-21 00:00:00+00:00,3381.21,3381.21,3376.14,3377.39,23.561,79599.25921
2025-06-21 00:30:00+00:00,3377.39,3379.0,3377.39,3378.86,5.798,19590.07559
2025-06-21 01:00:00+00:00,3378.86,3379.42,3378.85,3379.41,4.762,16091.97914
2025-06-21 01:30:00+00:00,3379.41,3380.38,3379.41,3380.37,3.371,11392.48438
2025-06-21 02:00:00+00:00,3380.37,3380.38,3378.6,3378.6,11.536,38992.87288
2025-06-21 02:30:00+00:00,3378.6,3378.6,3376.67,3376.68,5.999,20262.48261
2025-06-21 03:00:00+00:00,3376.68,3376.68,3374.34,3374.35,18.531,62553.76271
2025-06-21 03:30:00+00:00,3374.35,3377.89,3374.35,3377.31,32.758,110628.4072
2025-06-21 04:00:00+00:00,3377.31,3377.45,3376.8,3377.44,4.615,15585.05684
2025-06-21 04:30:00+00:00,3377.44,3379.53,3377.44,3379.52,6.504,21978.40696
2025-06-21 05:00:00+00:00,3379.52,3379.52,3378.47,3378.49,34.096,115220.9204
2025-06-21 05:30:00+00:00,3378.49,3380.18,3378.49,3380.18,7.091,23962.54825
2025-06-21 06:00:00+00:00,3380.18,3381.19,3380.18,3380.91,9.351,31615.09626
2025-06-21 06:30:00+00:00,3380.91,3381.0,3380.48,3380.87,9.686,32746.739
2025-06-21 07:00:00+00:00,3380.87,3380.88,3380.8,3380.81,3.398,11488.09382
2025-06-21 07:30:00+00:00,3380.81,3380.9,3379.8,3379.8,7.759,26228.68096
2025-06-21 08:00:00+00:00,3379.8,3379.81,3379.15,3379.16,9.337,31555.92952
2025-06-21 08:30:00+00:00,3379.16,3379.4,3379.15,3379.39,6.4,21627.46712
2025-06-21 09:00:00+00:00,3379.39,3380.04,3376.4,3380.03,36.191,122267.14061
2025-06-21 09:30:00+00:00,3380.03,3380.13,3380.03,3380.09,7.767,26253.25034
2025-06-21 10:00:00+00:00,3380.09,3380.19,3380.09,3380.18,3.18,10748.78699
2025-06-21 10:30:00+00:00,3380.18,3380.19,3376.75,3378.36,14.548,49150.87705
2025-06-21 11:00:00+00:00,3378.36,3378.36,3376.9,3377.19,17.791,60084.37674
2025-06-21 11:30:00+00:00,3377.19,3377.67,3377.18,3377.3,10.398,35116.73929
2025-06-21 12:00:00+00:00,3377.3,3377.82,3377.3,3377.76,12.458,42078.53858
2025-06-21 12:30:00+00:00,3377.76,3378.32,3377.76,3378.23,10.09,34082.26509
2025-06-21 13:00:00+00:00,3378.23,3382.23,3378.22,3380.65,51.344,173548.57296
2025-06-21 13:30:00+00:00,3380.65,3380.66,3380.44,3380.49,24.978,84441.19525
2025-06-21 14:00:00+00:00,3380.49,3380.79,3380.13,3380.14,15.969,53980.30778
2025-06-21 14:30:00+00:00,3380.14,3380.28,3379.74,3379.77,14.342,48477.19001
2025-06-21 15:00:00+00:00,3379.77,3379.78,3379.76,3379.76,1.973,6668.29163
2025-06-21 15:30:00+00:00,3379.76,3379.76,3379.68,3379.69,9.556,32296.6293
2025-06-21 16:00:00+00:00,3379.69,3379.69,3376.64,3377.2,47.548,160578.64698
2025-06-21 16:30:00+00:00,3377.2,3378.06,3377.19,3378.05,20.902,70602.68952
2025-06-21 17:00:00+00:00,3378.05,3378.06,3378.02,3378.02,4.222,14262.0591
2025-06-21 17:30:00+00:00,3378.02,3383.4,3378.02,3382.59,35.734,120806.80106
2025-06-21 18:00:00+00:00,3382.59,3385.25,3382.59,3384.87,48.359,163668.07767
2025-06-21 18:30:00+00:00,3384.87,3385.53,3383.2,3384.01,102.987,348538.1545
2025-06-21 19:00:00+00:00,3384.01,3385.55,3383.6,3385.21,90.447,306110.34112
2025-06-21 19:30:00+00:00,3385.21,3386.99,3381.88,3386.89,138.63,469360.2951
2025-06-21 20:00:00+00:00,3386.89,3390.0,3386.89,3390.0,79.111,268069.52556
2025-06-21 20:30:00+00:00,3390.0,3394.3,3389.99,3393.46,166.175,563681.57329
2025-06-21 21:00:00+00:00,3393.46,3394.28,3387.99,3390.39,114.021,386691.61607
2025-06-21 21:30:00+00:00,3390.39,3392.49,3376.0,3384.69,180.323,610171.79155
2025-06-21 22:00:00+00:00,3384.69,3386.95,3378.31,3378.31,43.805,148174.10932
2025-06-21 22:30:00+00:00,3378.31,3380.0,3378.24,3379.38,13.341,45080.32604
2025-06-21 23:00:00+00:00,3379.38,3380.84,3378.41,3378.41,11.557,39065.00348
2025-06-21 23:30:00+00:00,3378.41,3381.0,3371.81,3380.99,51.595,174171.69662
2025-06-22 00:00:00+00:00,3380.99,3387.0,3379.61,3384.99,106.181,359247.93961
2025-06-22 00:30:00+00:00,3384.99,3385.99,3378.92,3383.6,112.786,381480.18336
2025-06-22 01:00:00+00:00,3383.6,3388.3,3383.6,3388.3,18.352,62150.73564
2025-06-22 01:30:00+00:00,3388.3,3400.0,3388.29,3398.43,110.424,374834.37077
2025-06-22 02:00:00+00:00,3398.43,3403.3,3396.36,3401.24,141.731,481763.25693
2025-06-22 02:30:00+00:00,3401.24,3403.01,3396.57,3401.6,61.047,207564.8889
2025-06-22 03:00:00+00:00,3401.6,3407.39,3400.66,3405.13,136.156,463589.6503
2025-06-22 03:30:00+00:00,3405.13,3405.13,3400.0,3402.8,47.404,161259.40717
2025-06-22 04:00:00+00:00,3402.8,3407.49,3402.8,3406.2,91.644,312068.5515
2025-06-22 04:30:00+00:00,3406.2,3409.85,3402.8,3404.5,105.99,361097.12163
2025-06-22 05:00:00+00:00,3404.5,3404.8,3390.11,3390.7,120.074,407768.25632
2025-06-22 05:30:00+00:00,3390.7,3396.97,3390.7,3396.97,37.582,127582.49358
2025-06-22 06:00:00+00:00,3396.97,3399.06,3390.8,3394.33,60.361,204913.23816
2025-06-22 06:30:00+00:00,3394.33,3394.5,3393.1,3394.49,17.952,60926.61911
2025-06-22 07:00:00+00:00,3394.49,3399.8,3394.35,3398.8,63.776,216639.02086
2025-06-22 07:30:00+00:00,3398.8,3402.3,3395.19,3400.18,100.079,340144.08647
2025-06-22 08:00:00+00:00,3400.18,3403.0,3399.18,3400.42,53.834,183078.94232
2025-06-22 08:30:00+00:00,3400.42,3402.36,3398.53,3401.73,29.559,100526.63269
2025-06-22 09:00:00+00:00,3401.73,3404.2,3401.73,3403.89,45.527,154952.308
2025-06-22 09:30:00+00:00,3403.89,3403.9,3398.2,3402.38,75.684,257400.61637
2025-06-22 10:00:00+00:00,3402.38,3403.4,3395.59,3400.01,48.24,163988.43401
2025-06-22 10:30:00+00:00,3400.01,3402.0,3396.75,3396.81,37.495,127476.2706
2025-06-22 11:00:00+00:00,3396.81,3401.28,3396.81,3398.61,52.525,178555.7068
2025-06-22 11:30:00+00:00,3398.61,3404.0,3398.4,3403.0,50.708,172532.80916
2025-06-22 12:00:00+00:00,3403.0,3404.0,3401.94,3403.39,109.312,372034.15547
2025-06-22 12:30:00+00:00,3403.39,3403.39,3400.41,3401.08,53.055,180482.11345
2025-06-22 13:00:00+00:00,3401.08,3404.45,3397.9,3402.46,191.936,652812.66721
2025-06-22 13:30:00+00:00,3402.46,3416.6,3400.4,3409.19,398.431,1358009.22224
2025-06-22 14:00:00+00:00,3409.19,3419.4,3406.14,3414.99,153.747,524754.19268
2025-06-22 14:30:00+00:00,3414.99,3428.3,3412.01,3427.85,196.874,673143.1877
2025-06-22 15:00:00+00:00,3427.85,3428.92,3423.23,3425.8,304.968,1044751.23425
2025-06-22 15:30:00+00:00,3425.8,3433.39,3424.21,3430.01,157.575,540167.49429
2025-06-22 16:00:00+00:00,3430.01,3433.2,3415.0,3415.0,198.219,678872.44789
2025-06-22 16:30:00+00:00,3415.0,3420.99,3410.88,3417.94,225.095,768920.86245
2025-06-22 17:00:00+00:00,3417.94,3420.98,3410.41,3410.6,123.087,420573.03325
2025-06-22 17:30:00+00:00,3410.6,3416.79,3410.6,3416.79,52.65,179759.47454
2025-06-22 18:00:00+00:00,3416.79,3420.97,3416.78,3418.1,33.284,113783.67223
2025-06-22 18:30:00+00:00,3418.1,3423.37,3418.09,3420.99,52.594,179840.72448
2025-06-22 19:00:00+00:00,3420.99,3423.57,3420.8,3422.8,59.202,202579.80114
2025-06-22 19:30:00+00:00,3422.8,3423.56,3413.14,3419.6,95.394,326209.01101
2025-06-22 20:00:00+00:00,3419.6,3427.91,3416.12,3422.77,182.174,623612.35262
2025-06-22 20:30:00+00:00,3422.77,3426.49,3403.73,3408.19,220.783,753800.28349
2025-06-22 21:00:00+00:00,3408.19,3411.94,3403.89,3411.0,62.395,212674.21744
2025-06-22 21:30:00+00:00,3411.0,3415.95,3410.17,3410.2,48.631,165985.88791
2025-06-22 22:00:00+00:00,3410.2,3410.79,3381.93,3389.25,754.295,2559381.44747
2025-06-22 22:30:00+00:00,3389.25,3394.72,3383.73,3389.81,214.276,726159.83761
2025-06-22 23:00:00+00:00,3389.81,3391.03,3383.26,3387.4,119.131,403503.5723
2025-06-22 23:30:00+00:00,3387.4,3389.09,3377.03,3380.39,225.875,763929.42756
2025-06-23 00:00:00+00:00,3380.39,3383.76,3375.15,3375.15,193.082,652537.22265
2025-06-23 00:30:00+00:00,3375.15,3383.52,3372.7,3379.24,159.912,540169.36122
2025-06-23 01:00:00+00:00,3379.24,3383.06,3370.25,3371.0,100.105,337940.52618
2025-06-23 01:30:00+00:00,3371.0,3376.52,3362.0,3365.38,159.651,537676.64141
2025-06-23 02:00:00+00:00,3365.38,3374.9,3316.0,3372.29,667.468,2239148.42036
2025-06-23 02:30:00+00:00,3372.29,3372.3,3367.78,3368.59,78.171,263434.79856
2025-06-23 03:00:00+00:00,3368.59,3374.5,3368.43,3368.47,173.46,584893.24768
2025-06-23 03:30:00+00:00,3368.47,3372.3,3368.0,3368.8,90.506,304961.8158
2025-06-23 04:00:00+00:00,3368.8,3370.79,3365.27,3365.8,64.091,215857.20085
2025-06-23 04:30:00+00:00,3365.8,3366.79,3362.8,3364.4,47.116,158526.08183
2025-06-23 05:00:00+00:00,3364.4,3367.16,3359.3,3360.57,115.152,387242.93461
2025-06-23 05:30:00+00:00,3360.57,3360.72,3351.66,3357.8,395.286,1326856.48684
2025-06-23 06:00:00+00:00,3357.8,3362.4,3354.9,3358.4,202.732,680902.21572
2025-06-23 06:30:00+00:00,3358.4,3360.83,3354.6,3360.83,69.085,231936.61323
2025-06-23 07:00:00+00:00,3360.83,3360.84,3355.55,3358.26,56.113,188423.3752
2025-06-23 07:30:00+00:00,3358.26,3362.12,3358.0,3359.9,93.004,312442.86624
2025-06-23 08:00:00+00:00,3359.9,3365.0,3359.9,3364.32,102.787,345656.53578
2025-06-23 08:30:00+00:00,3364.32,3365.01,3358.9,3363.11,470.457,1582081.20196
2025-06-23 09:00:00+00:00,3363.11,3372.09,3363.11,3368.14,85.313,287387.15058
2025-06-23 09:30:00+00:00,3368.14,3370.61,3365.2,3368.93,73.106,246213.69033
2025-06-23 10:00:00+00:00,3368.93,3369.92,3367.4,3369.41,24.09,81156.10944
2025-06-23 10:30:00+00:00,3369.41,3370.3,3368.0,3369.59,60.883,205115.01114
2025-06-23 11:00:00+00:00,3369.59,3385.2,3369.59,3380.1,172.157,581415.12004
2025-06-23 11:30:00+00:00,3380.1,3383.22,3378.73,3383.22,95.298,322212.72344
2025-06-23 12:00:00+00:00,3383.22,3383.8,3363.14,3365.99,100.698,339485.94108
2025-06-23 12:30:00+00:00,3365.99,3367.58,3361.0,3364.21,132.916,447057.39836
2025-06-23 13:00:00+00:00,3364.21,3372.66,3364.21,3370.78,75.377,253992.55356
2025-06-23 13:30:00+00:00,3370.78,3389.6,3370.78,3384.2,212.952,720587.01558
2025-06-23 14:00:00+00:00,3384.2,3387.19,3374.0,3383.6,201.48,681294.21423
2025-06-23 14:30:00+00:00,3383.6,3390.85,3381.6,3390.85,109.947,372371.95587
2025-06-23 15:00:00+00:00,3390.85,3393.4,3387.4,3391.19,71.843,243597.29973
2025-06-23 15:30:00+00:00,3391.19,3393.73,3388.4,3388.46,208.516,706935.85169
2025-06-23 16:00:00+00:00,3388.46,3399.69,3388.46,3393.3,219.831,745896.39021
2025-06-23 16:30:00+00:00,3393.3,3397.19,3383.2,3391.59,394.478,1336917.03379
2025-06-23 17:00:00+00:00,3391.59,3393.0,3375.16,3379.6,257.133,869772.03783
2025-06-23 17:30:00+00:00,3379.6,3384.63,3378.53,3382.37,218.197,737875.33627
2025-06-23 18:00:00+00:00,3382.37,3387.39,3376.84,3383.59,189.188,639739.18706
2025-06-23 18:30:00+00:00,3383.59,3383.61,3375.0,3378.2,89.655,302890.56987
2025-06-23 19:00:00+00:00,3378.2,3380.79,3377.3,3379.8,55.637,188009.24167
2025-06-23 19:30:00+00:00,3379.8,3380.45,3375.3,3375.6,47.441,160234.01739
2025-06-23 20:00:00+00:00,3375.6,3375.6,3365.88,3370.4,243.648,821584.38374
2025-06-23 20:30:00+00:00,3370.4,3370.8,3362.0,3367.6,124.382,418822.65916
2025-06-23 21:00:00+00:00,3367.6,3368.8,3363.66,3364.4,93.577,315058.29406
2025-06-23 21:30:00+00:00,3364.4,3381.9,3362.0,3379.4,190.968,643542.32811
2025-06-23 22:00:00+00:00,3379.4,3381.1,3347.09,3355.68,1002.665,3366835.04102
2025-06-23 22:30:00+00:00,3355.68,3360.09,3353.84,3355.7,184.804,620483.57779
2025-06-23 23:00:00+00:00,3355.7,3357.39,3350.0,3352.59,168.71,565805.33644
2025-06-23 23:30:00+00:00,3352.59,3354.0,3342.01,3344.71,323.044,1081734.17206
2025-06-24 00:00:00+00:00,3344.71,3350.0,3335.2,3349.8,245.157,818968.36111
2025-06-24 00:30:00+00:00,3349.8,3357.36,3349.8,3353.0,105.417,353509.11517
2025-06-24 01:00:00+00:00,3353.0,3355.19,3347.1,3348.59,285.427,956208.26465
2025-06-24 01:30:00+00:00,3348.59,3349.1,3342.52,3349.1,47.412,158627.26964
2025-06-24 02:00:00+00:00,3349.1,3353.29,3347.24,3347.71,40.518,135729.09244
2025-06-24 02:30:00+00:00,3347.71,3354.52,3347.71,3352.47,49.362,165478.08281
2025-06-24 03:00:00+00:00,3352.47,3374.43,3352.47,3354.6,153.338,514788.52392
2025-06-24 03:30:00+00:00,3354.6,3359.0,3354.05,3354.75,44.768,150223.2184
2025-06-24 04:00:00+00:00,3354.75,3355.49,3350.41,3350.41,56.464,189296.24362
2025-06-24 04:30:00+00:00,3350.41,3350.41,3349.5,3350.23,24.605,82426.0647
2025-06-24 05:00:00+00:00,3350.23,3350.23,3336.45,3338.08,161.572,539986.86718
2025-06-24 05:30:00+00:00,3338.08,3339.8,3329.6,3333.5,376.923,1256789.43924
2025-06-24 06:00:00+00:00,3333.5,3335.0,3325.0,3325.01,275.089,915696.64973
2025-06-24 06:30:00+00:00,3325.01,3327.23,3320.0,3325.0,284.479,945203.91553
2025-06-24 07:00:00+00:00,3325.0,3327.74,3321.0,3323.78,65.822,218803.50812
2025-06-24 07:30:00+00:00,3323.78,3336.65,3323.78,3331.66,171.831,572125.12032
2025-06-24 08:00:00+00:00,3331.66,3336.61,3328.65,3329.32,179.162,597102.71146
2025-06-24 08:30:00+00:00,3329.32,3331.01,3327.2,3328.8,63.187,210372.63826
2025-06-24 09:00:00+00:00,3328.8,3331.52,3321.09,3322.6,82.916,275667.15156
2025-06-24 09:30:00+00:00,3322.6,3324.2,3320.16,3320.6,76.938,255565.94923
2025-06-24 10:00:00+00:00,3320.6,3326.28,3320.59,3326.28,76.032,252758.93195
2025-06-24 10:30:00+00:00,3326.28,3329.99,3326.28,3327.97,61.214,203765.61959
2025-06-24 11:00:00+00:00,3327.97,3329.93,3326.03,3326.4,71.305,237298.80257
2025-06-24 11:30:00+00:00,3326.4,3326.69,3321.21,3322.91,80.315,266950.53194
2025-06-24 12:00:00+00:00,3322.91,3322.91,3314.0,3317.0,183.837,609958.16377
2025-06-24 12:30:00+00:00,3317.0,3321.45,3305.14,3318.77,383.266,1269603.00776
2025-06-24 13:00:00+00:00,3318.77,3321.45,3313.0,3313.2,148.071,491325.66118
2025-06-24 13:30:00+00:00,3313.2,3316.6,3296.0,3305.78,359.321,1186889.46956
2025-06-24 14:00:00+00:00,3305.78,3313.64,3303.4,3308.63,197.915,654919.18821
2025-06-24 14:30:00+00:00,3308.63,3311.9,3303.91,3307.9,103.729,343204.97762
2025-06-24 15:00:00+00:00,3307.9,3316.5,3301.8,3314.2,137.507,454591.73984
2025-06-24 15:30:00+00:00,3314.2,3318.27,3314.01,3314.8,134.881,447286.328
2025-06-24 16:00:00+00:00,3314.8,3322.91,3312.62,3314.19,189.713,629057.58796
2025-06-24 16:30:00+00:00,3314.19,3322.22,3314.1,3319.81,55.478,184158.05118
2025-06-24 17:00:00+00:00,3319.81,3322.65,3319.6,3322.65,81.588,270958.10873
2025-06-24 17:30:00+00:00,3322.65,3323.37,3319.2,3319.4,49.548,164567.32558
2025-06-24 18:00:00+00:00,3319.4,3319.98,3318.27,3319.59,16.508,54791.65034
2025-06-24 18:30:00+00:00,3319.59,3320.2,3319.0,3319.0,22.36,74226.00111
2025-06-24 19:00:00+00:00,3319.0,3319.8,3318.6,3319.2,12.393,41133.76267
2025-06-24 19:30:00+00:00,3319.2,3328.64,3319.2,3325.24,87.003,289375.09481
2025-06-24 20:00:00+00:00,3325.24,3325.65,3324.88,3324.88,25.621,85194.40907
2025-06-24 20:30:00+00:00,3324.88,3325.6,3323.11,3324.4,73.475,244255.26699
2025-06-24 21:00:00+00:00,3324.4,3326.3,3324.39,3326.29,10.146,33735.54473
2025-06-24 21:30:00+00:00,3326.29,3326.3,3320.5,3320.5,20.771,69038.84196
2025-06-24 22:00:00+00:00,3320.5,3326.5,3320.49,3323.81,33.502,111359.33388
2025-06-24 22:30:00+00:00,3323.81,3323.81,3322.69,3322.69,5.805,19292.13861
2025-06-24 23:00:00+00:00,3322.69,3325.14,3322.69,3325.13,7.145,23753.25393
2025-06-24 23:30:00+00:00,3325.13,3327.36,3324.2,3325.41,27.535,91583.50027
2025-06-25 00:00:00+00:00,3325.41,3331.7,3325.4,3330.0,41.228,137230.07915
2025-06-25 00:30:00+00:00,3330.0,3331.96,3323.57,3328.48,86.07,286460.86281
2025-06-25 01:00:00+00:00,3328.48,3334.0,3328.48,3331.0,55.347,184441.40871
2025-06-25 01:30:00+00:00,3331.0,3335.2,3331.0,3335.2,33.252,110847.02163
2025-06-25 02:00:00+00:00,3335.2,3335.58,3331.21,3332.19,44.553,148503.12801
2025-06-25 02:30:00+00:00,3332.19,3332.68,3328.64,3330.0,45.11,150215.17008
2025-06-25 03:00:00+00:00,3330.0,3332.5,3329.0,3331.6,43.14,143697.77402
2025-06-25 03:30:00+00:00,3331.6,3331.6,3327.3,3328.17,72.78,242262.16396
2025-06-25 04:00:00+00:00,3328.17,3330.79,3327.37,3328.32,30.905,102883.54065
2025-06-25 04:30:00+00:00,3328.32,3328.8,3327.33,3328.4,33.386,111100.45755
2025-06-25 05:00:00+00:00,3328.4,3330.0,3328.0,3329.59,11.169,37183.22913
2025-06-25 05:30:00+00:00,3329.59,3333.74,3329.59,3332.6,52.388,174580.19422
2025-06-25 06:00:00+00:00,3332.6,3333.46,3330.22,3331.01,43.274,144154.70776
2025-06-25 06:30:00+00:00,3331.01,3332.93,3329.42,3330.93,135.4,451023.46059
2025-06-25 07:00:00+00:00,3330.93,3335.1,3327.13,3333.81,109.396,364431.53023
2025-06-25 07:30:00+00:00,3333.81,3335.64,3329.85,3330.0,71.83,239405.99997
2025-06-25 08:00:00+00:00,3330.0,3331.45,3326.55,3328.47,67.29,224022.01054
2025-06-25 08:30:00+00:00,3328.47,3329.2,3325.0,3325.88,89.762,298623.30959
2025-06-25 09:00:00+00:00,3325.88,3325.89,3320.0,3322.15,211.667,703247.04057
2025-06-25 09:30:00+00:00,3322.15,3323.4,3320.79,3323.4,69.342,230358.54833
2025-06-25 10:00:00+00:00,3323.4,3327.99,3323.4,3325.91,42.847,142520.84402
2025-06-25 10:30:00+00:00,3325.91,3327.0,3323.4,3324.0,47.794,158907.87913
2025-06-25 11:00:00+00:00,3324.0,3330.41,3322.71,3324.11,143.094,475984.24311
2025-06-25 11:30:00+00:00,3324.11,3327.2,3321.02,3321.02,126.471,420430.26654
2025-06-25 12:00:00+00:00,3321.02,3327.1,3320.88,3327.09,56.741,188602.41203
2025-06-25 12:30:00+00:00,3327.09,3327.1,3316.2,3318.94,62.282,206757.13515
2025-06-25 13:00:00+00:00,3318.94,3318.94,3310.5,3311.8,291.135,964853.10286
2025-06-25 13:30:00+00:00,3311.8,3314.79,3310.6,3313.23,185.042,613011.16458
2025-06-25 14:00:00+00:00,3313.23,3320.0,3310.21,3319.39,127.574,422975.31916
2025-06-25 14:30:00+00:00,3319.39,3323.82,3319.39,3321.92,42.02,139572.70927
2025-06-25 15:00:00+00:00,3321.92,3326.35,3321.2,3322.31,137.285,456261.49142
2025-06-25 15:30:00+00:00,3322.31,3326.1,3320.51,3324.75,74.654,248106.35843
2025-06-25 16:00:00+00:00,3324.75,3326.43,3324.59,3326.39,100.917,335582.30525
2025-06-25 16:30:00+00:00,3326.39,3335.51,3326.39,3331.72,269.387,897283.44653
2025-06-25 17:00:00+00:00,3331.72,3332.16,3327.53,3327.53,51.064,170087.38536
2025-06-25 17:30:00+00:00,3327.53,3327.53,3323.65,3326.87,28.512,94804.25117
2025-06-25 18:00:00+00:00,3326.87,3328.0,3325.19,3327.6,16.051,53400.74468
2025-06-25 18:30:00+00:00,3327.6,3329.0,3327.4,3329.0,10.363,34487.62416
2025-06-25 19:00:00+00:00,3329.0,3330.26,3326.31,3330.26,47.001,156454.10551
2025-06-25 19:30:00+00:00,3330.26,3335.65,3330.26,3331.05,147.635,492068.39356
2025-06-25 20:00:00+00:00,3331.05,3331.8,3330.5,3331.08,12.796,42624.0697
2025-06-25 20:30:00+00:00,3331.08,3331.08,3331.07,3331.07,1.299,4327.06025
2025-06-25 21:00:00+00:00,3331.07,3331.08,3331.0,3331.0,6.996,23303.92091
2025-06-25 21:30:00+00:00,3331.0,3331.0,3329.3,3330.73,18.654,62129.19807
2025-06-25 22:00:00+00:00,3330.73,3332.8,3328.8,3329.5,73.323,244224.96195
2025-06-25 22:30:00+00:00,3329.5,3333.88,3329.46,3331.38,32.385,107887.25316
2025-06-25 23:00:00+00:00,3331.38,3334.99,3331.37,3334.99,22.45,74824.99315
2025-06-25 23:30:00+00:00,3334.99,3337.4,3334.81,3337.39,16.121,53773.94968
2025-06-26 00:00:00+00:00,3337.39,3337.4,3330.93,3332.46,37.531,125139.10301
2025-06-26 00:30:00+00:00,3332.46,3333.19,3330.81,3331.7,22.81,76005.72567
2025-06-26 01:00:00+00:00,3331.7,3334.2,3328.75,3329.67,54.199,180518.06998
2025-06-26 01:30:00+00:00,3329.67,3330.54,3329.2,3329.21,17.141,57082.47918
2025-06-26 02:00:00+00:00,3329.21,3332.66,3328.43,3332.66,48.758,162359.506
2025-06-26 02:30:00+00:00,3332.66,3338.69,3332.66,3336.21,44.725,149229.80519
2025-06-26 03:00:00+00:00,3336.21,3339.21,3335.58,3336.61,42.961,143383.1846
2025-06-26 03:30:00+00:00,3336.61,3336.62,3334.2,3334.99,32.185,107326.04873
2025-06-26 04:00:00+00:00,3334.99,3335.0,3332.6,3333.22,21.353,71176.31395
2025-06-26 04:30:00+00:00,3333.22,3333.22,3331.44,3331.44,4.298,14322.18045
2025-06-26 05:00:00+00:00,3331.44,3331.59,3330.82,3331.58,23.208,77307.59812
2025-06-26 05:30:00+00:00,3331.58,3334.99,3330.75,3331.8,88.131,293722.8157
2025-06-26 06:00:00+00:00,3331.8,3333.89,3329.76,3333.89,31.323,104332.33479
2025-06-26 06:30:00+00:00,3333.89,3336.65,3329.35,3336.65,79.012,263325.73313
2025-06-26 07:00:00+00:00,3336.65,3345.38,3336.64,3341.8,107.569,359485.83114
2025-06-26 07:30:00+00:00,3341.8,3343.03,3340.4,3341.6,54.897,183481.98636
2025-06-26 08:00:00+00:00,3341.6,3343.6,3340.28,3343.17,42.184,140985.45344
2025-06-26 08:30:00+00:00,3343.17,3346.06,3343.0,3346.06,32.605,109039.62452
2025-06-26 09:00:00+00:00,3346.06,3346.06,3336.3,3336.3,73.712,246163.07598
2025-06-26 09:30:00+00:00,3336.3,3339.6,3336.0,3338.2,41.494,138486.61298
2025-06-26 10:00:00+00:00,3338.2,3340.93,3335.82,3337.23,95.213,317805.4018
2025-06-26 10:30:00+00:00,3337.23,3340.75,3336.04,3340.37,88.146,294343.06142
2025-06-26 11:00:00+00:00,3340.37,3341.27,3337.3,3337.7,22.94,76608.21205
2025-06-26 11:30:00+00:00,3337.7,3337.7,3330.61,3330.75,151.737,505643.82802
2025-06-26 12:00:00+00:00,3330.75,3341.0,3330.75,3339.62,57.823,192916.81447
2025-06-26 12:30:00+00:00,3339.62,3339.62,3320.69,3320.69,148.868,495488.05443
2025-06-26 13:00:00+00:00,3320.69,3350.21,3315.5,3319.75,430.198,1430331.63362
2025-06-26 13:30:00+00:00,3319.75,3327.24,3310.0,3319.54,293.162,972257.50349
2025-06-26 14:00:00+00:00,3319.54,3323.27,3314.62,3314.62,87.693,291103.47064
2025-06-26 14:30:00+00:00,3314.62,3354.1,3309.51,3316.61,516.45,1715222.12012
2025-06-26 15:00:00+00:00,3316.61,3322.61,3316.61,3320.8,60.972,202461.78895
2025-06-26 15:30:00+00:00,3320.8,3324.4,3320.41,3324.4,47.592,158093.98915
2025-06-26 16:00:00+00:00,3324.4,3331.05,3324.4,3329.68,32.459,108053.55029
2025-06-26 16:30:00+00:00,3329.68,3333.65,3329.68,3330.21,87.012,289930.26254
2025-06-26 17:00:00+00:00,3330.21,3333.88,3330.0,3333.88,25.08,83569.37672
2025-06-26 17:30:00+00:00,3333.88,3351.32,3332.61,3332.61,246.471,822997.30282
2025-06-26 18:00:00+00:00,3332.61,3333.8,3331.88,3332.64,81.023,270057.30514
2025-06-26 18:30:00+00:00,3332.64,3333.0,3332.46,3333.0,8.025,26743.9495
2025-06-26 19:00:00+00:00,3333.0,3333.08,3326.87,3329.07,41.76,139034.47024
2025-06-26 19:30:00+00:00,3329.07,3330.11,3326.92,3329.5,50.599,168426.85158
2025-06-26 20:00:00+00:00,3329.5,3330.79,3328.7,3328.71,15.208,50635.27374
2025-06-26 20:30:00+00:00,3328.71,3329.0,3326.0,3326.61,94.431,314274.80271
2025-06-26 21:00:00+00:00,3326.61,3326.61,3323.37,3323.37,24.928,82878.31996
2025-06-26 21:30:00+00:00,3323.37,3323.38,3322.23,3322.5,16.962,56361.31484
2025-06-26 22:00:00+00:00,3322.5,3326.27,3320.14,3322.6,81.177,269742.0029
2025-06-26 22:30:00+00:00,3322.6,3322.8,3318.1,3320.6,29.496,97932.08695
2025-06-26 23:00:00+00:00,3320.6,3323.89,3320.59,3321.8,44.695,148482.59058
2025-06-26 23:30:00+00:00,3321.8,3321.8,3316.67,3317.0,12.087,40117.83724
2025-06-27 00:00:00+00:00,3317.0,3319.0,3314.4,3314.4,45.903,152202.28953
2025-06-27 00:30:00+00:00,3314.4,3317.6,3313.39,3317.4,23.942,79353.19452
2025-06-27 01:00:00+00:00,3317.4,3319.79,3315.17,3319.79,31.684,105088.3092
2025-06-27 01:30:00+00:00,3319.79,3321.8,3315.8,3317.44,91.723,304339.09391
2025-06-27 02:00:00+00:00,3317.44,3319.65,3314.98,3314.98,37.518,124471.87185
2025-06-27 02:30:00+00:00,3314.98,3314.98,3308.51,3309.51,98.17,325064.59981
2025-06-27 03:00:00+00:00,3309.51,3311.2,3297.9,3302.78,252.935,835613.93896
2025-06-27 03:30:00+00:00,3302.78,3303.4,3294.08,3294.47,154.591,509790.85435
2025-06-27 04:00:00+00:00,3294.47,3296.64,3291.5,3295.49,150.889,497072.69131
2025-06-27 04:30:00+00:00,3295.49,3297.96,3295.04,3295.05,34.867,114948.7135
2025-06-27 05:00:00+00:00,3295.05,3299.73,3288.62,3297.99,155.856,513271.42479
2025-06-27 05:30:00+00:00,3297.99,3301.1,3297.2,3297.8,25.407,83826.93804
2025-06-27 06:00:00+00:00,3297.8,3300.55,3294.61,3294.8,33.96,111946.63125
2025-06-27 06:30:00+00:00,3294.8,3295.7,3288.92,3295.7,81.269,267480.53052
2025-06-27 07:00:00+00:00,3295.7,3295.71,3285.0,3289.6,159.031,522883.25758
2025-06-27 07:30:00+00:00,3289.6,3289.7,3286.38,3286.39,49.582,163006.18225
2025-06-27 08:00:00+00:00,3286.39,3288.4,3284.01,3284.68,77.139,253463.31262
2025-06-27 08:30:00+00:00,3284.68,3291.0,3284.6,3291.0,35.111,115469.61622
2025-06-27 09:00:00+00:00,3291.0,3291.0,3286.09,3287.0,28.745,94527.87878
2025-06-27 09:30:00+00:00,3287.0,3289.19,3283.52,3283.77,40.063,131641.81822
2025-06-27 10:00:00+00:00,3283.77,3290.89,3281.47,3288.12,157.656,518085.45864
2025-06-27 10:30:00+00:00,3288.12,3288.12,3281.04,3285.84,45.013,147865.11965
2025-06-27 11:00:00+00:00,3285.84,3289.89,3284.62,3285.09,112.971,371427.84677
2025-06-27 11:30:00+00:00,3285.09,3285.99,3277.36,3281.89,119.474,391974.39378
2025-06-27 12:00:00+00:00,3281.89,3282.39,3272.33,3281.4,127.753,418607.43927
2025-06-27 12:30:00+00:00,3281.4,3282.29,3271.41,3271.44,180.058,589777.24675
2025-06-27 13:00:00+00:00,3271.44,3271.44,3259.0,3259.12,343.479,1121386.84542
2025-06-27 13:30:00+00:00,3259.12,3276.56,3259.12,3275.8,153.808,502535.87466
2025-06-27 14:00:00+00:00,3275.8,3279.19,3267.21,3276.45,172.795,565388.26095
2025-06-27 14:30:00+00:00,3276.45,3279.22,3267.22,3273.4,69.804,228426.84049
2025-06-27 15:00:00+00:00,3273.4,3277.32,3273.4,3273.8,71.254,233378.92033
2025-06-27 15:30:00+00:00,3273.8,3278.7,3273.2,3275.7,110.406,361729.817
2025-06-27 16:00:00+00:00,3275.7,3280.74,3275.24,3280.07,102.116,334772.20369
2025-06-27 16:30:00+00:00,3280.07,3280.08,3275.01,3278.6,75.596,247710.89674
2025-06-27 17:00:00+00:00,3278.6,3278.8,3275.74,3276.43,35.134,115115.40386
2025-06-27 17:30:00+00:00,3276.43,3285.59,3275.8,3280.25,107.002,351121.46971
2025-06-27 18:00:00+00:00,3280.25,3280.25,3274.01,3276.74,41.312,135338.03199
2025-06-27 18:30:00+00:00,3276.74,3278.2,3272.81,3278.19,27.614,90417.41338
2025-06-27 19:00:00+00:00,3278.19,3278.19,3271.43,3272.47,19.531,63944.53927
2025-06-27 19:30:00+00:00,3272.47,3273.73,3268.57,3272.55,50.09,163885.61524
2025-06-27 20:00:00+00:00,3272.55,3276.2,3272.13,3274.8,23.831,78030.17967
2025-06-27 20:30:00+00:00,3274.8,3276.76,3274.8,3276.76,4.561,14941.28239
2025-06-27 21:00:00+00:00,3276.76,3279.28,3276.75,3279.27,14.281,46808.07337
2025-06-27 21:30:00+00:00,3279.27,3282.05,3279.27,3282.04,20.656,67767.76302
2025-06-27 22:00:00+00:00,3282.04,3282.05,3280.8,3280.81,13.64,44764.45137
2025-06-27 22:30:00+00:00,3280.81,3280.81,3280.8,3280.8,0.837,2746.03462
2025-06-27 23:00:00+00:00,3280.8,3280.81,3280.8,3280.81,1.348,4422.53058
2025-06-27 23:30:00+00:00,3280.81,3280.81,3280.8,3280.81,0.874,2867.42412
2025-06-28 00:00:00+00:00,3280.81,3280.81,3280.8,3280.81,3.94,12926.37797
2025-06-28 00:30:00+00:00,3280.81,3280.81,3280.8,3280.8,2.209,7247.2988
2025-06-28 01:00:00+00:00,3280.8,3280.81,3270.68,3279.53,80.057,262427.44898
2025-06-28 01:30:00+00:00,3279.53,3279.53,3279.08,3279.08,7.06,23153.15566
2025-06-28 02:00:00+00:00,3279.08,3279.09,3279.08,3279.09,1.353,4436.59684
2025-06-28 02:30:00+00:00,3279.09,3279.09,3279.01,3279.01,6.363,20864.74093
2025-06-28 03:00:00+00:00,3279.01,3279.02,3279.01,3279.02,0.723,2370.73048
2025-06-28 03:30:00+00:00,3279.02,3279.02,3278.0,3278.0,7.076,23200.67926
2025-06-28 04:00:00+00:00,3278.0,3279.05,3276.72,3279.04,11.585,37965.9337
2025-06-28 04:30:00+00:00,3279.04,3279.8,3279.04,3279.21,7.351,24108.12749
2025-06-28 05:00:00+00:00,3279.21,3279.4,3279.2,3279.4,1.578,5174.7841
2025-06-28 05:30:00+00:00,3279.4,3279.4,3278.76,3278.8,3.598,11798.12856
2025-06-28 06:00:00+00:00,3278.8,3278.94,3278.31,3278.31,7.206,23626.41831
2025-06-28 06:30:00+00:00,3278.31,3278.31,3275.42,3275.42,4.002,13114.39017
2025-06-28 07:00:00+00:00,3275.42,3275.42,3275.0,3275.01,1.67,5469.50092
2025-06-28 07:30:00+00:00,3275.01,3275.01,3272.09,3273.0,16.647,54495.44767
2025-06-28 08:00:00+00:00,3273.0,3276.31,3273.0,3276.31,26.488,86716.00029
2025-06-28 08:30:00+00:00,3276.31,3277.18,3276.31,3276.56,8.253,27041.62569
2025-06-28 09:00:00+00:00,3276.56,3276.56,3273.89,3274.06,14.225,46577.75821
2025-06-28 09:30:00+00:00,3274.06,3274.06,3274.04,3274.04,1.649,5398.90642
2025-06-28 10:00:00+00:00,3274.04,3277.04,3274.04,3277.03,3.228,10570.86953
2025-06-28 10:30:00+00:00,3277.03,3277.03,3276.1,3276.11,4.342,14228.04641
2025-06-28 11:00:00+00:00,3276.11,3276.11,3274.8,3274.81,4.969,16276.85285
2025-06-28 11:30:00+00:00,3274.81,3274.81,3274.3,3274.31,5.362,17558.36034
2025-06-28 12:00:00+00:00,3274.31,3274.31,3274.3,3274.31,3.452,11302.89746
2025-06-28 12:30:00+00:00,3274.31,3275.71,3274.3,3275.7,6.537,21407.71708
2025-06-28 13:00:00+00:00,3275.7,3277.0,3275.7,3277.0,8.783,28778.10582
2025-06-28 13:30:00+00:00,3277.0,3280.0,3277.0,3279.99,5.758,18876.82483
2025-06-28 14:00:00+00:00,3279.99,3292.34,3277.79,3277.8,82.781,271760.01175
2025-06-28 14:30:00+00:00,3277.8,3278.42,3274.64,3277.21,17.836,58439.99511
2025-06-28 15:00:00+00:00,3277.21,3278.23,3275.5,3276.29,6.275,20562.50088
2025-06-28 15:30:00+00:00,3276.29,3276.7,3275.21,3276.7,23.427,76745.55102
2025-06-28 16:00:00+00:00,3276.7,3277.05,3276.02,3276.71,8.145,26688.99543
2025-06-28 16:30:00+00:00,3276.71,3279.0,3275.92,3279.0,9.566,31346.07071
2025-06-28 17:00:00+00:00,3279.0,3279.0,3278.99,3279.0,1.931,6331.73697
2025-06-28 17:30:00+00:00,3279.0,3279.0,3278.44,3278.44,8.782,28794.98109
2025-06-28 18:00:00+00:00,3278.44,3278.44,3277.22,3277.83,14.793,48492.91516
2025-06-28 18:30:00+00:00,3277.83,3278.2,3277.8,3278.01,5.425,17783.07825
2025-06-28 19:00:00+00:00,3278.01,3278.2,3278.0,3278.2,2.441,8001.8254
2025-06-28 19:30:00+00:00,3278.2,3278.2,3278.19,3278.2,1.176,3855.15825
2025-06-28 20:00:00+00:00,3278.2,3278.2,3278.19,3278.19,1.556,5100.87467
2025-06-28 20:30:00+00:00,3278.19,3278.2,3278.19,3278.2,1.116,3658.46975
2025-06-28 21:00:00+00:00,3278.2,3279.8,3278.19,3279.79,9.564,31358.79686
2025-06-28 21:30:00+00:00,3279.79,3282.05,3279.79,3280.01,22.053,72358.72234
2025-06-28 22:00:00+00:00,3280.01,3280.01,3276.8,3276.8,6.61,21668.69398
2025-06-28 22:30:00+00:00,3276.8,3276.8,3276.44,3276.45,0.722,2365.77706
2025-06-28 23:00:00+00:00,3276.45,3276.45,3276.44,3276.45,0.921,3017.60193
2025-06-28 23:30:00+00:00,3276.45,3276.45,3276.21,3276.21,10.188,33379.82888
2025-06-29 00:00:00+00:00,3276.21,3276.21,3275.8,3275.81,3.579,11725.04704
2025-06-29 00:30:00+00:00,3275.81,3275.81,3274.89,3275.8,23.378,76579.46974
2025-06-29 01:00:00+00:00,3275.8,3278.16,3275.79,3278.16,25.279,82843.66223
2025-06-29 01:30:00+00:00,3278.16,3278.16,3278.15,3278.16,1.383,4533.68723
2025-06-29 02:00:00+00:00,3278.16,3278.16,3277.28,3277.29,7.317,23983.66637
2025-06-29 02:30:00+00:00,3277.29,3277.29,3277.29,3277.29,0.237,776.71773
2025-06-29 03:00:00+00:00,3277.29,3277.98,3277.21,3277.98,14.429,47289.51493
2025-06-29 03:30:00+00:00,3277.98,3277.98,3277.97,3277.98,0.917,3005.90572
2025-06-29 04:00:00+00:00,3277.98,3278.2,3277.97,3278.2,4.103,13449.75763
2025-06-29 04:30:00+00:00,3278.2,3278.2,3278.19,3278.19,2.524,8274.17059
2025-06-29 05:00:00+00:00,3278.19,3278.2,3278.19,3278.2,0.507,1662.04412
2025-06-29 05:30:00+00:00,3278.2,3280.0,3278.19,3279.99,6.979,22882.68042
2025-06-29 06:00:00+00:00,3279.99,3280.41,3279.99,3280.41,0.618,2027.18166
2025-06-29 06:30:00+00:00,3280.41,3280.5,3280.4,3280.45,7.343,24088.12186
2025-06-29 07:00:00+00:00,3280.45,3280.47,3280.44,3280.47,1.643,5389.79716
2025-06-29 07:30:00+00:00,3280.47,3280.47,3280.46,3280.47,4.962,16277.65846
2025-06-29 08:00:00+00:00,3280.47,3280.47,3279.7,3279.71,10.42,34179.20395
2025-06-29 08:30:00+00:00,3279.71,3280.09,3279.2,3280.0,25.705,84307.98372
2025-06-29 09:00:00+00:00,3280.0,3280.4,3279.8,3279.98,28.139,92297.52374
2025-06-29 09:30:00+00:00,3279.98,3280.11,3278.21,3278.6,54.169,177635.37254
2025-06-29 10:00:00+00:00,3278.6,3278.6,3274.6,3275.82,98.951,324182.3992
2025-06-29 10:30:00+00:00,3275.82,3275.82,3275.8,3275.8,1.997,6541.78501
2025-06-29 11:00:00+00:00,3275.8,3275.81,3275.8,3275.81,5.731,18773.65785
2025-06-29 11:30:00+00:00,3275.81,3275.81,3274.1,3274.4,43.972,144001.34315
2025-06-29 12:00:00+00:00,3274.4,3274.59,3273.46,3273.47,18.797,61545.10853
2025-06-29 12:30:00+00:00,3273.47,3273.47,3271.81,3271.81,16.968,55527.77841
2025-06-29 13:00:00+00:00,3271.81,3271.81,3271.4,3271.4,6.176,20205.13113
2025-06-29 13:30:00+00:00,3271.4,3271.4,3270.06,3270.06,10.891,35622.41193
2025-06-29 14:00:00+00:00,3270.06,3270.07,3268.5,3268.58,29.236,95579.65012
2025-06-29 14:30:00+00:00,3268.58,3269.2,3268.5,3268.57,17.615,57577.75964
2025-06-29 15:00:00+00:00,3268.57,3268.58,3267.69,3268.0,15.62,51049.71118
2025-06-29 15:30:00+00:00,3268.0,3268.0,3267.99,3268.0,8.59,28072.10758
2025-06-29 16:00:00+00:00,3268.0,3268.6,3267.99,3268.5,16.745,54724.44002
2025-06-29 16:30:00+00:00,3268.5,3269.87,3268.5,3269.87,9.735,31829.71796
2025-06-29 17:00:00+00:00,3269.87,3269.87,3269.86,3269.87,12.213,39934.81988
2025-06-29 17:30:00+00:00,3269.87,3270.67,3269.87,3270.67,12.252,40068.82703
2025-06-29 18:00:00+00:00,3270.67,3270.88,3270.66,3270.88,5.193,16984.72056
2025-06-29 18:30:00+00:00,3270.88,3271.86,3270.88,3271.69,19.104,62502.83488
2025-06-29 19:00:00+00:00,3271.69,3271.7,3271.01,3271.01,4.804,15716.84079
2025-06-29 19:30:00+00:00,3271.01,3271.8,3271.0,3271.77,19.695,64429.07666
2025-06-29 20:00:00+00:00,3271.77,3271.77,3268.61,3269.79,32.537,106397.69159
2025-06-29 20:30:00+00:00,3269.79,3270.2,3269.79,3270.2,5.521,18053.92005
2025-06-29 21:00:00+00:00,3270.2,3271.6,3270.2,3271.34,25.598,83724.18248
2025-06-29 21:30:00+00:00,3271.34,3272.88,3269.61,3270.99,25.716,84115.70552
2025-06-29 22:00:00+00:00,3270.99,3278.3,3250.45,3251.01,706.915,2304375.35045
2025-06-29 22:30:00+00:00,3251.01,3265.0,3250.0,3263.92,373.523,1216423.44967
2025-06-29 23:00:00+00:00,3263.92,3269.52,3263.83,3267.2,82.233,268694.50589
2025-06-29 23:30:00+00:00,3267.2,3268.4,3261.4,3261.95,62.532,204264.07786
2025-06-30 00:00:00+00:00,3261.95,3268.2,3261.95,3267.2,83.034,271126.95698
2025-06-30 00:30:00+00:00,3267.2,3267.21,3260.25,3263.39,65.402,213448.79035
2025-06-30 01:00:00+00:00,3263.39,3273.4,3259.1,3273.26,156.157,510411.69155
2025-06-30 01:30:00+00:00,3273.26,3273.39,3269.4,3271.6,56.727,185565.38881
2025-06-30 02:00:00+00:00,3271.6,3279.4,3271.6,3278.4,110.931,363306.97087
2025-06-30 02:30:00+00:00,3278.4,3280.4,3276.0,3277.99,43.367,142205.2368
2025-06-30 03:00:00+00:00,3277.99,3280.22,3277.01,3278.39,61.448,201504.73021
2025-06-30 03:30:00+00:00,3278.39,3278.5,3276.22,3276.22,14.987,49122.3882
2025-06-30 04:00:00+00:00,3276.22,3278.4,3273.49,3274.99,27.482,90026.00998
2025-06-30 04:30:00+00:00,3274.99,3287.26,3274.99,3284.72,128.786,422843.40992
2025-06-30 05:00:00+00:00,3284.72,3290.0,3284.2,3287.89,94.865,311788.06163
2025-06-30 05:30:00+00:00,3287.89,3292.24,3286.0,3287.8,82.066,269854.88306
2025-06-30 06:00:00+00:00,3287.8,3291.54,3287.55,3289.6,47.39,155876.71649
2025-06-30 06:30:00+00:00,3289.6,3298.1,3289.0,3291.19,198.635,654343.10469
2025-06-30 07:00:00+00:00,3291.19,3295.99,3291.19,3293.73,42.187,138947.61555
2025-06-30 07:30:00+00:00,3293.73,3295.04,3291.08,3291.09,48.887,161040.74271
2025-06-30 08:00:00+00:00,3291.09,3294.45,3290.4,3290.59,161.212,530870.57032
2025-06-30 08:30:00+00:00,3290.59,3291.72,3285.09,3287.0,88.19,289939.0103
2025-06-30 09:00:00+00:00,3287.0,3287.0,3278.07,3283.99,201.523,661593.98433
2025-06-30 09:30:00+00:00,3283.99,3288.6,3276.61,3287.8,348.913,1145692.40165
2025-06-30 10:00:00+00:00,3287.8,3289.78,3280.82,3284.8,669.24,2198463.19653
2025-06-30 10:30:00+00:00,3284.8,3286.34,3279.6,3282.1,282.389,926949.67106
2025-06-30 11:00:00+00:00,3282.1,3283.8,3272.31,3274.32,108.354,355189.95663
2025-06-30 11:30:00+00:00,3274.32,3280.99,3274.3,3277.67,161.589,529632.30705
2025-06-30 12:00:00+00:00,3277.67,3285.06,3277.07,3282.99,19.365,63548.83201
2025-06-30 12:30:00+00:00,3282.99,3286.4,3280.3,3280.8,142.697,468551.97192
2025-06-30 13:00:00+00:00,3280.8,3286.84,3276.77,3280.32,374.92,1230324.50039
2025-06-30 13:30:00+00:00,3280.32,3286.49,3277.01,3284.51,164.302,539365.55112
2025-06-30 14:00:00+00:00,3284.51,3287.62,3279.28,3283.57,54.083,177643.27813
2025-06-30 14:30:00+00:00,3283.57,3289.06,3283.41,3287.84,103.487,340141.88804
2025-06-30 15:00:00+00:00,3287.84,3289.25,3282.8,3287.58,56.379,185350.77885
2025-06-30 15:30:00+00:00,3287.58,3288.6,3285.96,3288.41,22.819,75011.07965
2025-06-30 16:00:00+00:00,3288.41,3292.0,3288.01,3291.15,41.392,136196.9189
2025-06-30 16:30:00+00:00,3291.15,3294.99,3291.02,3294.42,63.689,209752.17985
2025-06-30 17:00:00+00:00,3294.42,3295.59,3290.2,3293.43,119.373,393139.88354
2025-06-30 17:30:00+00:00,3293.43,3293.6,3290.0,3293.0,72.743,239460.78847
2025-06-30 18:00:00+00:00,3293.0,3295.88,3291.58,3295.8,29.923,98583.24173
2025-06-30 18:30:00+00:00,3295.8,3296.26,3295.64,3295.64,19.031,62726.35424
2025-06-30 19:00:00+00:00,3295.64,3305.4,3295.64,3303.41,101.399,334786.03994
2025-06-30 19:30:00+00:00,3303.41,3305.6,3301.1,3305.6,127.99,422816.24409
2025-06-30 20:00:00+00:00,3305.6,3305.65,3304.0,3304.0,37.594,124233.87597
2025-06-30 20:30:00+00:00,3304.0,3304.01,3298.82,3299.21,35.391,116808.15658
2025-06-30 21:00:00+00:00,3299.21,3300.0,3299.12,3300.0,15.92,52529.92256
2025-06-30 21:30:00+00:00,3300.0,3306.9,3299.99,3300.76,82.907,273915.89671
2025-06-30 22:00:00+00:00,3300.76,3304.42,3300.76,3304.42,23.022,76018.79513
2025-06-30 22:30:00+00:00,3304.42,3311.46,3303.4,3307.67,79.034,261496.41741
2025-06-30 23:00:00+00:00,3307.67,3309.41,3306.6,3307.39,46.65,154313.38245
2025-06-30 23:30:00+00:00,3307.39,3313.7,3307.0,3310.0,80.2,265439.30279
2025-07-01 00:00:00+00:00,3310.0,3310.72,3308.81,3309.21,16.92,55996.19544
2025-07-01 00:30:00+00:00,3309.21,3310.8,3307.3,3310.8,88.156,291676.8153
2025-07-01 01:00:00+00:00,3310.8,3316.63,3310.79,3316.63,53.973,178870.47931
2025-07-01 01:30:00+00:00,3316.63,3316.63,3312.8,3313.64,60.704,201236.20805
2025-07-01 02:00:00+00:00,3313.64,3313.65,3311.04,3311.04,62.506,207036.49175
2025-07-01 02:30:00+00:00,3311.04,3315.0,3311.04,3312.46,80.424,266441.63066
2025-07-01 03:00:00+00:00,3312.46,3317.27,3312.1,3316.89,80.209,265864.31675
2025-07-01 03:30:00+00:00,3316.89,3318.11,3315.0,3317.58,45.669,151480.52557
2025-07-01 04:00:00+00:00,3317.58,3318.4,3315.91,3318.39,44.075,146211.87361
2025-07-01 04:30:00+00:00,3318.39,3318.8,3317.6,3318.14,49.992,165885.01143
2025-07-01 05:00:00+00:00,3318.14,3326.02,3318.14,3324.59,216.046,717809.14894
2025-07-01 05:30:00+00:00,3324.59,3326.66,3323.75,3325.0,97.45,324019.02971
2025-07-01 06:00:00+00:00,3325.0,3325.2,3322.01,3324.11,88.897,295455.09246
2025-07-01 06:30:00+00:00,3324.11,3329.11,3323.55,3326.6,106.905,355655.1518
2025-07-01 07:00:00+00:00,3326.6,3333.51,3326.22,3332.4,182.705,608561.88757
2025-07-01 07:30:00+00:00,3332.4,3333.8,3328.92,3333.78,90.702,302167.27411
2025-07-01 08:00:00+00:00,3333.78,3335.77,3332.37,3333.93,77.181,257274.49599
2025-07-01 08:30:00+00:00,3333.93,3338.96,3331.82,3333.8,124.539,415338.94863
2025-07-01 09:00:00+00:00,3333.8,3339.18,3332.58,3337.25,144.374,481626.26077
2025-07-01 09:30:00+00:00,3337.25,3340.94,3337.25,3340.21,93.046,310683.95566
2025-07-01 10:00:00+00:00,3340.21,3343.69,3339.58,3342.8,160.726,537088.34667
2025-07-01 10:30:00+00:00,3342.8,3344.0,3341.2,3343.87,61.885,206882.0278
2025-07-01 11:00:00+00:00,3343.87,3346.07,3343.82,3345.59,80.732,270052.07106
2025-07-01 11:30:00+00:00,3345.59,3346.18,3341.0,3343.6,82.797,276782.15762
2025-07-01 12:00:00+00:00,3343.6,3349.49,3343.49,3346.59,122.918,411418.97833
2025-07-01 12:30:00+00:00,3346.59,3349.85,3344.86,3348.8,122.501,410179.02605
2025-07-01 13:00:00+00:00,3348.8,3348.81,3338.14,3344.56,164.444,549690.00794
2025-07-01 13:30:00+00:00,3344.56,3344.75,3338.04,3344.74,106.176,354733.78794
2025-07-01 14:00:00+00:00,3344.74,3346.19,3339.4,3344.28,115.424,385797.27698
2025-07-01 14:30:00+00:00,3344.28,3344.93,3337.4,3338.98,108.545,362647.85731
2025-07-01 15:00:00+00:00,3338.98,3339.46,3330.7,3332.91,209.198,697581.92179
2025-07-01 15:30:00+00:00,3332.91,3334.99,3331.06,3332.0,68.157,227147.35042
2025-07-01 16:00:00+00:00,3332.0,3335.72,3331.43,3331.43,73.262,244260.29273
2025-07-01 16:30:00+00:00,3331.43,3336.5,3330.6,3334.59,63.251,210880.41741
2025-07-01 17:00:00+00:00,3334.59,3334.6,3331.0,3331.0,29.893,99630.22729
2025-07-01 17:30:00+00:00,3331.0,3333.4,3330.25,3333.39,46.954,156410.71544
2025-07-01 18:00:00+00:00,3333.39,3333.45,3331.58,3332.42,57.84,192745.38774
2025-07-01 18:30:00+00:00,3332.42,3333.22,3331.7,3331.71,38.957,129829.41233
2025-07-01 19:00:00+00:00,3331.71,3334.8,3331.6,3332.61,73.417,244734.43862
2025-07-01 19:30:00+00:00,3332.61,3333.31,3332.6,3332.79,34.356,114508.17514
2025-07-01 20:00:00+00:00,3332.79,3333.27,3331.84,3332.19,41.577,138565.13013
2025-07-01 20:30:00+00:00,3332.19,3334.0,3332.14,3334.0,10.153,33839.7061
2025-07-01 21:00:00+00:00,3334.0,3334.0,3327.3,3327.91,47.429,157977.46128
2025-07-01 21:30:00+00:00,3327.91,3327.91,3325.0,3326.06,35.687,118720.07561
2025-07-01 22:00:00+00:00,3326.06,3336.66,3326.06,3336.07,145.875,485980.50697
2025-07-01 22:30:00+00:00,3336.07,3339.1,3335.0,3335.11,44.387,148129.83405
2025-07-01 23:00:00+00:00,3335.11,3335.77,3332.54,3335.09,19.446,64832.58073
2025-07-01 23:30:00+00:00,3335.09,3335.6,3331.53,3333.19,32.475,108259.68985
2025-07-02 00:00:00+00:00,3333.19,3338.5,3330.22,3334.23,31.516,105076.10869
2025-07-02 00:30:00+00:00,3334.23,3334.23,3332.27,3332.4,14.941,49798.46354
2025-07-02 01:00:00+00:00,3332.4,3336.53,3328.67,3329.0,35.854,119502.36396
2025-07-02 01:30:00+00:00,3329.0,3330.24,3326.08,3326.08,26.533,88299.93291
2025-07-02 02:00:00+00:00,3326.08,3327.41,3323.86,3325.51,31.807,105782.09008
2025-07-02 02:30:00+00:00,3325.51,3332.43,3325.23,3332.0,16.542,55084.44715
2025-07-02 03:00:00+00:00,3332.0,3336.5,3330.2,3334.3,44.331,147809.6245
2025-07-02 03:30:00+00:00,3334.3,3335.72,3333.2,3335.6,21.603,72039.11388
2025-07-02 04:00:00+00:00,3335.6,3336.0,3333.01,3333.59,57.413,191446.98473
2025-07-02 04:30:00+00:00,3333.59,3334.2,3333.59,3334.19,4.47,14901.90141
2025-07-02 05:00:00+00:00,3334.19,3336.6,3331.44,3336.59,29.465,98241.47576
2025-07-02 05:30:00+00:00,3336.59,3336.59,3329.59,3331.0,53.489,178198.2413
2025-07-02 06:00:00+00:00,3331.0,3333.16,3325.4,3329.91,178.792,595081.64929
2025-07-02 06:30:00+00:00,3329.91,3329.91,3322.69,3325.52,82.12,273079.52929
2025-07-02 07:00:00+00:00,3325.52,3325.52,3322.24,3322.25,18.289,60784.07259
2025-07-02 07:30:00+00:00,3322.25,3329.78,3320.5,3327.43,103.375,343640.78853
2025-07-02 08:00:00+00:00,3327.43,3331.9,3324.74,3329.6,80.039,266357.34413
2025-07-02 08:30:00+00:00,3329.6,3331.69,3325.08,3326.57,70.505,234700.94776
2025-07-02 09:00:00+00:00,3326.57,3332.63,3324.22,3331.26,96.633,321557.21884
2025-07-02 09:30:00+00:00,3331.26,3335.71,3331.26,3335.7,31.044,103497.96698
2025-07-02 10:00:00+00:00,3335.7,3337.3,3333.92,3335.88,95.643,319018.08174
2025-07-02 10:30:00+00:00,3335.88,3338.4,3335.87,3338.2,43.968,146748.10217
2025-07-02 11:00:00+00:00,3338.2,3341.77,3335.8,3338.19,55.512,185352.55142
2025-07-02 11:30:00+00:00,3338.19,3338.2,3333.85,3334.9,23.38,77984.74456
2025-07-02 12:00:00+00:00,3334.9,3344.47,3332.38,3340.8,66.934,223417.4214
2025-07-02 12:30:00+00:00,3340.8,3345.51,3336.89,3340.94,177.939,594645.25773
2025-07-02 13:00:00+00:00,3340.94,3341.17,3336.65,3338.01,40.881,136489.8709
2025-07-02 13:30:00+00:00,3338.01,3338.8,3329.33,3330.24,124.349,414422.6105
2025-07-02 14:00:00+00:00,3330.24,3331.8,3323.62,3330.8,155.953,518962.39675
2025-07-02 14:30:00+00:00,3330.8,3335.0,3330.2,3334.99,40.595,135284.26421
2025-07-02 15:00:00+00:00,3334.99,3335.64,3330.84,3333.8,83.886,279651.40258
2025-07-02 15:30:00+00:00,3333.8,3335.2,3330.66,3332.8,50.161,167163.87898
2025-07-02 16:00:00+00:00,3332.8,3339.45,3332.8,3337.8,221.973,740723.00748
2025-07-02 16:30:00+00:00,3337.8,3339.49,3317.69,3338.8,308.963,1029648.65533
2025-07-02 17:00:00+00:00,3338.8,3340.93,3338.2,3339.68,108.488,362311.8086
2025-07-02 17:30:00+00:00,3339.68,3340.94,3339.0,3340.93,76.095,254155.00882
2025-07-02 18:00:00+00:00,3340.93,3343.22,3339.68,3343.22,58.485,195441.67192
2025-07-02 18:30:00+00:00,3343.22,3345.0,3343.2,3345.0,28.905,96651.40662
2025-07-02 19:00:00+00:00,3345.0,3347.26,3344.99,3347.09,40.547,135705.87509
2025-07-02 19:30:00+00:00,3347.09,3350.0,3347.09,3349.61,26.384,88348.47844
2025-07-02 20:00:00+00:00,3349.61,3353.38,3349.6,3349.87,75.716,253739.23392
2025-07-02 20:30:00+00:00,3349.87,3350.19,3347.6,3347.6,31.916,106877.87989
2025-07-02 21:00:00+00:00,3347.6,3348.54,3347.6,3348.38,14.147,47363.36238
2025-07-02 21:30:00+00:00,3348.38,3348.59,3343.3,3343.87,46.97,157155.82543
2025-07-02 22:00:00+00:00,3343.87,3355.86,3343.87,3355.85,66.105,221487.99478
2025-07-02 22:30:00+00:00,3355.85,3355.85,3354.0,3354.2,41.465,139116.95709
2025-07-02 23:00:00+00:00,3354.2,3354.21,3341.28,3342.0,54.906,183806.45637
2025-07-02 23:30:00+00:00,3342.0,3344.39,3341.4,3341.4,51.828,173259.88932
2025-07-03 00:00:00+00:00,3341.4,3341.41,3336.65,3337.4,27.485,91759.83725
2025-07-03 00:30:00+00:00,3337.4,3337.79,3336.6,3336.6,5.361,17890.00035
2025-07-03 01:00:00+00:00,3336.6,3338.21,3334.45,3335.6,20.203,67393.77529
2025-07-03 01:30:00+00:00,3335.6,3339.47,3335.11,3337.35,4.847,16177.59446
2025-07-03 02:00:00+00:00,3337.35,3339.2,3337.34,3339.2,6.03,20132.35246
2025-07-03 02:30:00+00:00,3339.2,3342.2,3339.19,3342.19,10.718,35802.36425
2025-07-03 03:00:00+00:00,3342.19,3343.2,3339.0,3339.0,24.738,82683.79121
2025-07-03 03:30:00+00:00,3339.0,3339.51,3338.4,3339.0,6.448,21530.00222
2025-07-03 04:00:00+00:00,3339.0,3342.07,3338.81,3342.06,20.383,68092.29901
2025-07-03 04:30:00+00:00,3342.06,3342.79,3342.06,3342.45,6.021,20125.57756
2025-07-03 05:00:00+00:00,3342.45,3347.9,3342.45,3346.14,45.296,151554.56735
2025-07-03 05:30:00+00:00,3346.14,3350.81,3344.21,3350.47,32.315,108182.29166
2025-07-03 06:00:00+00:00,3350.47,3353.15,3348.44,3351.2,46.451,155655.44202
2025-07-03 06:30:00+00:00,3351.2,3352.52,3348.15,3352.52,29.845,99964.10779
2025-07-03 07:00:00+00:00,3352.52,3353.0,3347.07,3347.4,26.241,87878.22877
2025-07-03 07:30:00+00:00,3347.4,3350.78,3344.29,3346.0,56.918,190520.59466
2025-07-03 08:00:00+00:00,3346.0,3346.42,3344.04,3346.42,25.255,84473.90487
2025-07-03 08:30:00+00:00,3346.42,3349.39,3346.33,3348.22,20.928,70065.77968
2025-07-03 09:00:00+00:00,3348.22,3348.23,3339.07,3341.0,95.468,319058.89525
2025-07-03 09:30:00+00:00,3341.0,3341.32,3333.39,3336.53,160.473,535415.60585
2025-07-03 10:00:00+00:00,3336.53,3340.92,3336.27,3340.51,30.909,103187.66535
2025-07-03 10:30:00+00:00,3340.51,3350.0,3340.5,3344.23,132.127,441959.93659
2025-07-03 11:00:00+00:00,3344.23,3344.23,3338.46,3338.6,31.35,104736.00324
2025-07-03 11:30:00+00:00,3338.6,3338.97,3335.89,3337.0,16.017,53461.90572
2025-07-03 12:00:00+00:00,3337.0,3341.99,3335.72,3339.65,66.174,220949.08112
2025-07-03 12:30:00+00:00,3339.65,3339.84,3306.27,3316.41,542.458,1800019.34262
2025-07-03 13:00:00+00:00,3316.41,3326.5,3316.0,3324.8,182.176,604865.53201
2025-07-03 13:30:00+00:00,3324.8,3329.88,3323.3,3324.8,215.196,715889.99325
2025-07-03 14:00:00+00:00,3324.8,3325.13,3317.57,3319.29,160.966,534747.43026
2025-07-03 14:30:00+00:00,3319.29,3322.31,3317.28,3317.29,33.899,112547.53093
2025-07-03 15:00:00+00:00,3317.29,3323.36,3316.41,3322.78,77.712,257926.90065
2025-07-03 15:30:00+00:00,3322.78,3323.15,3319.81,3319.97,84.481,280570.5385
2025-07-03 16:00:00+00:00,3319.97,3320.28,3319.22,3320.28,42.764,141966.11461
2025-07-03 16:30:00+00:00,3320.28,3327.15,3320.28,3326.86,42.055,139802.69289
2025-07-03 17:00:00+00:00,3326.86,3326.86,3326.4,3326.4,11.874,39501.1036
2025-07-03 17:30:00+00:00,3326.4,3326.4,3323.0,3323.01,16.615,55231.96292
2025-07-03 18:00:00+00:00,3323.01,3323.01,3322.5,3322.51,21.86,72635.73657
2025-07-03 18:30:00+00:00,3322.51,3322.51,3322.44,3322.45,10.394,34533.84416
2025-07-03 19:00:00+00:00,3322.45,3322.45,3321.0,3321.33,24.755,82227.62812
2025-07-03 19:30:00+00:00,3321.33,3321.6,3321.33,3321.6,19.577,65024.30521
2025-07-03 20:00:00+00:00,3321.6,3321.6,3320.6,3320.6,29.561,98188.18366
2025-07-03 20:30:00+00:00,3320.6,3320.61,3319.76,3319.76,16.882,56055.62595
2025-07-03 21:00:00+00:00,3319.76,3319.76,3319.44,3319.45,5.781,19190.51349
2025-07-03 21:30:00+00:00,3319.45,3320.55,3319.1,3320.54,15.675,52033.58468
2025-07-03 22:00:00+00:00,3320.54,3320.57,3317.56,3317.99,44.363,147248.27873
2025-07-03 22:30:00+00:00,3317.99,3322.56,3317.99,3322.39,24.32,80748.08154
2025-07-03 23:00:00+00:00,3322.39,3323.8,3322.38,3323.8,8.781,29177.91807
2025-07-03 23:30:00+00:00,3323.8,3324.39,3323.6,3324.39,20.236,67263.54789
2025-07-04 00:00:00+00:00,3324.39,3324.39,3319.65,3321.5,39.087,129825.73045
2025-07-04 00:30:00+00:00,3321.5,3323.45,3321.5,3322.41,7.706,25605.62026
2025-07-04 01:00:00+00:00,3322.41,3326.73,3320.95,3326.49,32.146,106854.70688
2025-07-04 01:30:00+00:00,3326.49,3326.49,3322.31,3323.01,35.852,119190.92417
2025-07-04 02:00:00+00:00,3323.01,3324.0,3323.01,3323.93,23.087,76728.59385
2025-07-04 02:30:00+00:00,3323.93,3324.88,3321.6,3321.61,22.842,75911.9505
2025-07-04 03:00:00+00:00,3321.61,3325.23,3320.84,3325.23,34.642,115121.61483
2025-07-04 03:30:00+00:00,3325.23,3331.93,3325.23,3331.64,53.255,177322.72025
2025-07-04 04:00:00+00:00,3331.64,3334.46,3331.64,3334.46,66.806,222695.23422
2025-07-04 04:30:00+00:00,3334.46,3337.96,3334.46,3335.66,115.12,384046.96412
2025-07-04 05:00:00+00:00,3335.66,3338.43,3335.4,3335.43,77.653,259095.65966
2025-07-04 05:30:00+00:00,3335.43,3335.43,3332.52,3332.7,31.048,103489.4015
2025-07-04 06:00:00+00:00,3332.7,3338.82,3332.7,3336.97,70.664,235709.03457
2025-07-04 06:30:00+00:00,3336.97,3337.0,3335.31,3335.54,28.327,94499.88973
2025-07-04 07:00:00+00:00,3335.54,3336.41,3327.3,3330.4,99.409,331006.64132
2025-07-04 07:30:00+00:00,3330.4,3336.3,3330.2,3335.59,50.805,169395.54296
2025-07-04 08:00:00+00:00,3335.59,3341.89,3334.42,3336.65,175.593,586191.9212
2025-07-04 08:30:00+00:00,3336.65,3338.6,3336.41,3337.97,41.302,137840.65379
2025-07-04 09:00:00+00:00,3337.97,3337.97,3332.6,3332.6,40.49,135012.97841
2025-07-04 09:30:00+00:00,3332.6,3332.6,3320.0,3328.79,137.243,456684.07617
2025-07-04 10:00:00+00:00,3328.79,3330.8,3327.91,3327.91,55.752,185621.46346
2025-07-04 10:30:00+00:00,3327.91,3331.2,3327.05,3330.46,32.104,106882.47518
2025-07-04 11:00:00+00:00,3330.46,3330.86,3328.41,3329.79,15.021,50024.45766
2025-07-04 11:30:00+00:00,3329.79,3330.9,3329.79,3329.79,39.109,130247.54331
2025-07-04 12:00:00+00:00,3329.79,3331.31,3328.83,3329.61,37.378,124466.37764
2025-07-04 12:30:00+00:00,3329.61,3331.13,3327.09,3328.38,85.494,284580.31252
2025-07-04 13:00:00+00:00,3328.38,3330.1,3327.6,3328.41,21.139,70372.58879
2025-07-04 13:30:00+00:00,3328.41,3334.1,3328.4,3329.99,99.218,330590.12548
2025-07-04 14:00:00+00:00,3329.99,3329.99,3328.0,3328.73,120.458,400926.91956
2025-07-04 14:30:00+00:00,3328.73,3329.0,3327.36,3327.95,88.928,296002.52772
2025-07-04 15:00:00+00:00,3327.95,3329.62,3327.95,3328.01,60.763,202257.05362
2025-07-04 15:30:00+00:00,3328.01,3328.01,3326.8,3327.51,98.157,326587.48471
2025-07-04 16:00:00+00:00,3327.51,3328.95,3326.8,3327.93,126.778,421850.2401
2025-07-04 16:30:00+00:00,3327.93,3330.67,3327.93,3330.67,33.546,111692.36366
2025-07-04 17:00:00+00:00,3330.67,3331.18,3330.66,3331.18,3.725,12407.23706
2025-07-04 17:30:00+00:00,3331.18,3331.79,3331.17,3331.72,18.888,62925.61634
2025-07-04 18:00:00+00:00,3331.72,3331.8,3331.71,3331.78,17.95,59805.51933
2025-07-04 18:30:00+00:00,3331.78,3333.99,3331.78,3333.28,22.362,74531.0547
2025-07-04 19:00:00+00:00,3333.28,3335.99,3333.04,3335.94,66.21,220780.55655
2025-07-04 19:30:00+00:00,3335.94,3335.95,3335.8,3335.82,25.638,85524.91617
2025-07-04 20:00:00+00:00,3335.82,3335.87,3335.48,3335.48,20.362,67922.91465
2025-07-04 20:30:00+00:00,3335.48,3335.49,3334.81,3335.0,24.559,81909.54153
2025-07-04 21:00:00+00:00,3335.0,3335.01,3335.0,3335.01,10.706,35704.55391
2025-07-04 21:30:00+00:00,3335.01,3335.03,3334.54,3334.55,11.963,39893.40373
2025-07-04 22:00:00+00:00,3334.55,3335.51,3334.54,3335.51,17.922,59765.46353
2025-07-04 22:30:00+00:00,3335.51,3335.8,3335.41,3335.71,9.872,32928.28069
2025-07-04 23:00:00+00:00,3335.71,3335.72,3335.61,3335.62,5.555,18529.57245
2025-07-04 23:30:00+00:00,3335.62,3335.62,3335.3,3335.31,17.732,59144.10869
2025-07-05 00:00:00+00:00,3335.31,3335.32,3335.31,3335.31,9.986,33306.47202
2025-07-05 00:30:00+00:00,3335.31,3336.11,3335.31,3336.11,15.253,50879.04098
2025-07-05 01:00:00+00:00,3336.11,3336.11,3336.0,3336.0,21.96,73259.95904
2025-07-05 01:30:00+00:00,3336.0,3336.0,3335.86,3335.87,14.392,48010.89012
2025-07-05 02:00:00+00:00,3335.87,3335.87,3335.85,3335.85,2.256,7525.70075
2025-07-05 02:30:00+00:00,3335.85,3335.86,3335.81,3335.81,6.034,20128.44226
2025-07-05 03:00:00+00:00,3335.81,3335.86,3330.9,3334.07,44.33,147751.19474
2025-07-05 03:30:00+00:00,3334.07,3334.07,3334.05,3334.05,2.292,7641.65844
2025-07-05 04:00:00+00:00,3334.05,3334.06,3328.01,3329.74,35.093,116904.68352
2025-07-05 04:30:00+00:00,3329.74,3330.2,3329.73,3330.19,14.872,49522.05248
2025-07-05 05:00:00+00:00,3330.19,3332.0,3330.19,3332.0,6.525,21733.7814
2025-07-05 05:30:00+00:00,3332.0,3332.0,3331.99,3331.99,6.891,22960.79175
2025-07-05 06:00:00+00:00,3331.99,3332.0,3329.83,3329.84,7.021,23388.72935
2025-07-05 06:30:00+00:00,3329.84,3329.84,3328.09,3329.4,8.916,29682.89942
2025-07-05 07:00:00+00:00,3329.4,3329.4,3329.39,3329.4,1.448,4820.96775
2025-07-05 07:30:00+00:00,3329.4,3329.4,3329.2,3329.27,14.434,48055.25399
2025-07-05 08:00:00+00:00,3329.27,3329.44,3327.4,3329.44,16.136,53710.00667
2025-07-05 08:30:00+00:00,3329.44,3330.99,3329.43,3330.99,5.481,18250.91168
2025-07-05 09:00:00+00:00,3330.99,3331.92,3330.99,3331.92,3.14,10461.27466
2025-07-05 09:30:00+00:00,3331.92,3332.19,3330.93,3332.19,16.749,55803.1012
2025-07-05 10:00:00+00:00,3332.19,3334.31,3332.19,3334.31,22.137,73787.9672
2025-07-05 10:30:00+00:00,3334.31,3334.31,3331.88,3333.8,15.753,52513.02549
2025-07-05 11:00:00+00:00,3333.8,3333.8,3332.92,3332.92,3.856,12853.34112
2025-07-05 11:30:00+00:00,3332.92,3332.92,3332.4,3332.4,3.799,12660.52993
2025-07-05 12:00:00+00:00,3332.4,3332.41,3330.77,3330.78,9.879,32914.52068
2025-07-05 12:30:00+00:00,3330.78,3331.0,3330.54,3331.0,7.829,26075.126
2025-07-05 13:00:00+00:00,3331.0,3332.2,3330.99,3332.19,3.644,12139.22196
2025-07-05 13:30:00+00:00,3332.19,3333.71,3332.19,3333.71,3.53,11764.48817
2025-07-05 14:00:00+00:00,3333.71,3333.71,3333.7,3333.7,0.701,2336.92495
2025-07-05 14:30:00+00:00,3333.7,3333.7,3333.6,3333.61,1.907,6357.19285
2025-07-05 15:00:00+00:00,3333.61,3336.99,3333.6,3335.8,27.438,91514.79902
2025-07-05 15:30:00+00:00,3335.8,3335.8,3335.78,3335.79,13.589,45330.03418
2025-07-05 16:00:00+00:00,3335.79,3335.79,3334.03,3334.21,9.061,30220.91695
2025-07-05 16:30:00+00:00,3334.21,3334.34,3334.21,3334.34,1.689,5631.49391
2025-07-05 17:00:00+00:00,3334.34,3334.35,3334.2,3334.21,6.531,21776.50371
2025-07-05 17:30:00+00:00,3334.21,3334.21,3330.2,3331.19,7.712,25696.25906
2025-07-05 18:00:00+00:00,3331.19,3331.45,3331.06,3331.06,2.003,6672.58874
2025-07-05 18:30:00+00:00,3331.06,3331.12,3331.0,3331.12,2.579,8590.67453
2025-07-05 19:00:00+00:00,3331.12,3331.12,3331.11,3331.12,1.382,4603.60374
2025-07-05 19:30:00+00:00,3331.12,3331.12,3331.11,3331.11,2.02,6728.86142
2025-07-05 20:00:00+00:00,3331.11,3331.32,3331.11,3331.32,2.305,7678.37462
2025-07-05 20:30:00+00:00,3331.32,3334.81,3331.32,3334.81,17.136,57127.91412
2025-07-05 21:00:00+00:00,3334.81,3335.71,3334.8,3335.7,2.46,8205.309
2025-07-05 21:30:00+00:00,3335.7,3335.71,3330.82,3331.31,20.326,67756.13284
2025-07-05 22:00:00+00:00,3331.31,3331.32,3330.19,3330.34,13.143,43776.22204
2025-07-05 22:30:00+00:00,3330.34,3330.34,3330.15,3330.2,1.591,5298.35654
2025-07-05 23:00:00+00:00,3330.2,3331.3,3330.2,3330.74,4.374,14566.94701
2025-07-05 23:30:00+00:00,3330.74,3330.74,3330.41,3330.42,1.754,5841.86562
2025-07-06 00:00:00+00:00,3330.42,3330.42,3330.41,3330.41,2.64,8792.3074
2025-07-06 00:30:00+00:00,3330.41,3330.42,3330.41,3330.42,0.752,2504.47091
2025-07-06 01:00:00+00:00,3330.42,3330.6,3330.41,3330.6,3.596,11976.18529
2025-07-06 01:30:00+00:00,3330.6,3330.6,3330.59,3330.59,1.507,5019.20758
2025-07-06 02:00:00+00:00,3330.59,3330.8,3330.59,3330.78,4.344,14468.48112
2025-07-06 02:30:00+00:00,3330.78,3330.79,3330.78,3330.79,0.9,2997.70502
2025-07-06 03:00:00+00:00,3330.79,3331.19,3330.78,3331.02,6.527,21740.5195
2025-07-06 03:30:00+00:00,3331.02,3331.19,3331.02,3331.18,0.764,2544.93122
2025-07-06 04:00:00+00:00,3331.18,3332.39,3331.18,3332.39,1.097,3654.96186
2025-07-06 04:30:00+00:00,3332.39,3332.4,3332.38,3332.4,1.036,3452.3594
2025-07-06 05:00:00+00:00,3332.4,3332.6,3332.4,3332.6,2.306,7684.9214
2025-07-06 05:30:00+00:00,3332.6,3332.6,3332.59,3332.59,1.834,6111.97701
2025-07-06 06:00:00+00:00,3332.59,3332.59,3332.57,3332.58,4.623,15406.53021
2025-07-06 06:30:00+00:00,3332.58,3332.88,3332.57,3332.58,1.321,4402.44409
2025-07-06 07:00:00+00:00,3332.58,3332.88,3332.57,3332.58,1.146,3819.13783
2025-07-06 07:30:00+00:00,3332.58,3335.71,3332.57,3333.53,16.462,54884.58299
2025-07-06 08:00:00+00:00,3333.53,3333.54,3333.52,3333.52,6.382,21274.58381
2025-07-06 08:30:00+00:00,3333.52,3333.6,3333.52,3333.6,9.405,31352.38852
2025-07-06 09:00:00+00:00,3333.6,3334.19,3332.0,3333.0,23.029,76770.02434
2025-07-06 09:30:00+00:00,3333.0,3334.09,3332.1,3332.4,12.536,41780.87769
2025-07-06 10:00:00+00:00,3332.4,3334.03,3332.4,3334.02,1.482,4940.05085
2025-07-06 10:30:00+00:00,3334.02,3334.02,3333.8,3333.8,1.042,3473.99745
2025-07-06 11:00:00+00:00,3333.8,3333.81,3333.8,3333.8,1.953,6510.91902
2025-07-06 11:30:00+00:00,3333.8,3338.0,3333.8,3335.77,35.816,119475.9998
2025-07-06 12:00:00+00:00,3335.77,3336.61,3335.77,3335.89,6.799,22683.99672
2025-07-06 12:30:00+00:00,3335.89,3335.9,3335.8,3335.8,5.649,18844.365
2025-07-06 13:00:00+00:00,3335.8,3335.81,3333.0,3333.0,7.605,25361.28157
2025-07-06 13:30:00+00:00,3333.0,3333.0,3325.19,3330.81,116.914,389188.37797
2025-07-06 14:00:00+00:00,3330.81,3330.81,3329.4,3330.73,12.129,40384.95194
2025-07-06 14:30:00+00:00,3330.73,3330.73,3329.39,3330.4,16.026,53364.58007
2025-07-06 15:00:00+00:00,3330.4,3331.0,3324.85,3328.2,38.323,127522.62873
2025-07-06 15:30:00+00:00,3328.2,3328.2,3328.0,3328.01,2.59,8619.71649
2025-07-06 16:00:00+00:00,3328.01,3330.86,3327.21,3328.26,47.841,159265.39051
2025-07-06 16:30:00+00:00,3328.26,3328.81,3328.26,3328.58,7.55,25131.79257
2025-07-06 17:00:00+00:00,3328.58,3329.4,3328.58,3329.4,10.287,34244.32222
2025-07-06 17:30:00+00:00,3329.4,3331.18,3329.39,3331.18,3.207,10679.59633
2025-07-06 18:00:00+00:00,3331.18,3331.18,3331.17,3331.18,0.563,1875.45111
2025-07-06 18:30:00+00:00,3331.18,3332.2,3331.17,3332.2,1.273,4241.36582
2025-07-06 19:00:00+00:00,3332.2,3333.54,3330.61,3333.48,13.784,45931.60543
2025-07-06 19:30:00+00:00,3333.48,3333.49,3333.28,3333.28,2.708,9026.88004
2025-07-06 20:00:00+00:00,3333.28,3333.29,3330.89,3332.81,14.5,48320.23805
2025-07-06 20:30:00+00:00,3332.81,3332.81,3332.6,3332.6,1.717,5722.28709
2025-07-06 21:00:00+00:00,3332.6,3333.21,3330.0,3333.21,39.448,131421.31483
2025-07-06 21:30:00+00:00,3333.21,3333.21,3323.63,3326.14,132.445,440731.97886
2025-07-06 22:00:00+00:00,3326.14,3334.1,3326.13,3327.99,132.105,440026.36528
2025-07-06 22:30:00+00:00,3327.99,3329.6,3327.2,3327.22,29.277,97450.37682
2025-07-06 23:00:00+00:00,3327.22,3327.22,3324.32,3324.79,14.983,49829.47737
2025-07-06 23:30:00+00:00,3324.79,3324.79,3321.21,3322.75,23.223,77163.71908
2025-07-07 00:00:00+00:00,3322.75,3322.75,3318.59,3318.59,66.617,221140.9675
2025-07-07 00:30:00+00:00,3318.59,3320.97,3317.16,3320.8,36.927,122558.3582
2025-07-07 01:00:00+00:00,3320.8,3321.73,3300.83,3308.3,304.735,1008806.93938
2025-07-07 01:30:00+00:00,3308.3,3314.29,3308.29,3310.75,69.036,228589.8038
2025-07-07 02:00:00+00:00,3310.75,3311.99,3306.71,3308.2,179.263,593111.85123
2025-07-07 02:30:00+00:00,3308.2,3308.6,3300.88,3303.47,115.696,382240.92095
2025-07-07 03:00:00+00:00,3303.47,3308.9,3293.79,3306.5,263.715,870861.52125
2025-07-07 03:30:00+00:00,3306.5,3307.0,3303.65,3305.44,51.788,171166.59412
2025-07-07 04:00:00+00:00,3305.44,3306.2,3301.45,3302.0,27.709,91546.79244
2025-07-07 04:30:00+00:00,3302.0,3304.0,3300.64,3303.8,28.935,95562.02511
2025-07-07 05:00:00+00:00,3303.8,3306.71,3302.81,3304.39,26.2,86571.98912
2025-07-07 05:30:00+00:00,3304.39,3310.0,3304.03,3308.91,38.235,126440.87277
2025-07-07 06:00:00+00:00,3308.91,3309.9,3305.54,3306.54,36.19,119679.58815
2025-07-07 06:30:00+00:00,3306.54,3307.6,3303.56,3305.6,66.234,218982.70134
2025-07-07 07:00:00+00:00,3305.6,3307.53,3302.5,3306.68,48.296,159618.60145
2025-07-07 07:30:00+00:00,3306.68,3306.9,3297.02,3297.17,82.976,273848.01214
2025-07-07 08:00:00+00:00,3297.17,3305.0,3297.0,3305.0,63.373,209121.92087
2025-07-07 08:30:00+00:00,3305.0,3306.9,3304.4,3304.41,41.021,135621.65119
2025-07-07 09:00:00+00:00,3304.41,3306.19,3304.01,3304.29,43.785,144706.93735
2025-07-07 09:30:00+00:00,3304.29,3305.8,3302.43,3305.44,33.204,109708.37025
2025-07-07 10:00:00+00:00,3305.44,3305.96,3304.34,3304.41,32.369,106984.51441
2025-07-07 10:30:00+00:00,3304.41,3304.41,3292.67,3297.89,139.748,460727.44365
2025-07-07 11:00:00+00:00,3297.89,3302.14,3296.3,3298.93,70.228,231718.1694
2025-07-07 11:30:00+00:00,3298.93,3301.09,3297.15,3298.21,130.908,431972.77589
2025-07-07 12:00:00+00:00,3298.21,3303.54,3298.21,3300.0,58.461,192977.76443
2025-07-07 12:30:00+00:00,3300.0,3308.3,3300.0,3305.2,73.923,244357.77369
2025-07-07 13:00:00+00:00,3305.2,3309.19,3303.55,3309.19,63.435,209709.0102
2025-07-07 13:30:00+00:00,3309.19,3312.38,3304.36,3311.98,63.294,209412.89737
2025-07-07 14:00:00+00:00,3311.98,3315.35,3309.51,3310.78,113.211,375095.81464
2025-07-07 14:30:00+00:00,3310.78,3316.58,3310.67,3314.2,99.827,330876.11051
2025-07-07 15:00:00+00:00,3314.2,3315.2,3313.0,3315.19,21.916,72630.15353
2025-07-07 15:30:00+00:00,3315.19,3317.2,3315.19,3316.18,90.471,300004.59037
2025-07-07 16:00:00+00:00,3316.18,3322.0,3316.08,3320.4,72.244,239815.55657
2025-07-07 16:30:00+00:00,3320.4,3323.55,3319.1,3322.79,54.635,181495.80763
2025-07-07 17:00:00+00:00,3322.79,3327.53,3322.79,3327.53,103.151,342984.74392
2025-07-07 17:30:00+00:00,3327.53,3329.88,3326.19,3327.41,68.427,227767.66862
2025-07-07 18:00:00+00:00,3327.41,3327.42,3323.6,3324.6,74.05,246181.56808
2025-07-07 18:30:00+00:00,3324.6,3329.6,3324.6,3329.41,51.464,171203.68971
2025-07-07 19:00:00+00:00,3329.41,3332.4,3329.41,3332.39,69.01,229883.54134
2025-07-07 19:30:00+00:00,3332.39,3334.6,3330.42,3330.73,62.404,207979.16113
2025-07-07 20:00:00+00:00,3330.73,3331.3,3330.0,3331.29,128.995,429620.3149
2025-07-07 20:30:00+00:00,3331.29,3331.3,3330.74,3330.8,20.23,67382.80672
2025-07-07 21:00:00+00:00,3330.8,3332.36,3330.8,3332.0,12.432,41418.43651
2025-07-07 21:30:00+00:00,3332.0,3332.0,3327.22,3327.22,52.729,175537.4505
2025-07-07 22:00:00+00:00,3327.22,3338.9,3327.22,3335.73,174.731,582593.31789
2025-07-07 22:30:00+00:00,3335.73,3337.18,3333.62,3333.69,38.308,127760.59307
2025-07-07 23:00:00+00:00,3333.69,3333.69,3328.88,3330.18,51.948,173043.47449
2025-07-07 23:30:00+00:00,3330.18,3330.18,3328.04,3328.04,24.078,80159.71699
2025-07-08 00:00:00+00:00,3328.04,3331.53,3327.15,3327.81,56.79,189064.90508
2025-07-08 00:30:00+00:00,3327.81,3329.36,3325.71,3328.0,65.934,219389.31781
2025-07-08 01:00:00+00:00,3328.0,3329.0,3324.71,3328.99,16.767,55769.2057
2025-07-08 01:30:00+00:00,3328.99,3331.2,3327.4,3328.11,34.178,113800.13809
2025-07-08 02:00:00+00:00,3328.11,3330.64,3327.4,3330.63,25.352,84385.99314
2025-07-08 02:30:00+00:00,3330.63,3332.8,3328.59,3329.4,56.949,189702.41531
2025-07-08 03:00:00+00:00,3329.4,3330.01,3325.49,3327.0,48.525,161462.62327
2025-07-08 03:30:00+00:00,3327.0,3327.39,3326.1,3326.11,13.956,46426.91991
2025-07-08 04:00:00+00:00,3326.11,3326.6,3324.48,3324.48,19.438,64643.2957
2025-07-08 04:30:00+00:00,3324.48,3325.08,3322.26,3323.3,33.181,110273.58338
2025-07-08 05:00:00+00:00,3323.3,3330.0,3323.29,3329.99,18.812,62569.51035
2025-07-08 05:30:00+00:00,3329.99,3330.0,3328.8,3328.8,21.13,70357.88865
2025-07-08 06:00:00+00:00,3328.8,3328.81,3326.3,3328.77,36.098,120134.25641
2025-07-08 06:30:00+00:00,3328.77,3329.79,3328.72,3329.79,27.61,91909.14466
2025-07-08 07:00:00+00:00,3329.79,3332.4,3328.6,3328.6,35.964,119809.72551
2025-07-08 07:30:00+00:00,3328.6,3329.99,3326.12,3328.81,48.877,162676.11717
2025-07-08 08:00:00+00:00,3328.81,3328.81,3321.11,3323.8,126.744,421182.66769
2025-07-08 08:30:00+00:00,3323.8,3324.69,3319.6,3319.62,36.506,121247.44292
2025-07-08 09:00:00+00:00,3319.62,3321.5,3318.9,3319.79,31.864,105779.90533
2025-07-08 09:30:00+00:00,3319.79,3320.76,3317.28,3317.5,48.876,162214.68385
2025-07-08 10:00:00+00:00,3317.5,3319.8,3316.22,3317.59,47.828,158695.30167
2025-07-08 10:30:00+00:00,3317.59,3321.36,3317.59,3318.72,80.66,267745.38416
2025-07-08 11:00:00+00:00,3318.72,3321.32,3317.61,3318.23,54.149,179724.0629
2025-07-08 11:30:00+00:00,3318.23,3319.4,3315.4,3318.56,72.3,239805.0087
2025-07-08 12:00:00+00:00,3318.56,3322.94,3318.4,3321.19,86.451,287102.12259
2025-07-08 12:30:00+00:00,3321.19,3323.4,3321.19,3322.79,21.912,72794.82739
2025-07-08 13:00:00+00:00,3322.79,3323.64,3313.64,3319.6,73.884,245123.58446
2025-07-08 13:30:00+00:00,3319.6,3320.45,3310.3,3310.93,135.333,448466.16057
2025-07-08 14:00:00+00:00,3310.93,3310.93,3298.4,3302.4,346.108,1143512.64752
2025-07-08 14:30:00+00:00,3302.4,3302.4,3292.04,3294.61,400.943,1321396.42039
2025-07-08 15:00:00+00:00,3294.61,3296.17,3285.24,3295.53,246.707,812030.15436
2025-07-08 15:30:00+00:00,3295.53,3298.1,3293.33,3297.2,64.766,213448.06223
2025-07-08 16:00:00+00:00,3297.2,3298.9,3294.74,3298.78,53.508,176394.15957
2025-07-08 16:30:00+00:00,3298.78,3298.78,3294.31,3298.19,80.305,264710.25524
2025-07-08 17:00:00+00:00,3298.19,3306.0,3296.89,3304.5,149.502,493642.6084
2025-07-08 17:30:00+00:00,3304.5,3305.15,3302.49,3303.04,63.551,209954.65928
2025-07-08 18:00:00+00:00,3303.04,3304.34,3298.65,3298.65,76.912,253920.42767
2025-07-08 18:30:00+00:00,3298.65,3302.5,3298.2,3301.5,82.188,271304.143
2025-07-08 19:00:00+00:00,3301.5,3301.83,3300.0,3300.0,11.768,38842.95021
2025-07-08 19:30:00+00:00,3300.0,3301.32,3297.93,3299.26,80.079,264271.79231
2025-07-08 20:00:00+00:00,3299.26,3299.26,3297.94,3298.37,32.199,106213.17988
2025-07-08 20:30:00+00:00,3298.37,3298.37,3295.55,3297.0,48.353,159398.01186
2025-07-08 21:00:00+00:00,3297.0,3297.39,3296.99,3297.39,10.532,34726.53407
2025-07-08 21:30:00+00:00,3297.39,3303.22,3297.39,3303.21,26.79,88442.68903
2025-07-08 22:00:00+00:00,3303.21,3303.22,3298.65,3298.73,112.175,370319.90878
2025-07-08 22:30:00+00:00,3298.73,3299.79,3298.65,3298.65,13.235,43662.49509
2025-07-08 23:00:00+00:00,3298.65,3301.9,3298.65,3299.24,17.718,58479.81902
2025-07-08 23:30:00+00:00,3299.24,3299.78,3294.69,3299.61,38.42,126658.98138
2025-07-09 00:00:00+00:00,3299.61,3303.97,3299.61,3302.02,47.741,157656.05901
2025-07-09 00:30:00+00:00,3302.02,3304.35,3302.02,3304.19,22.942,75785.94673
2025-07-09 01:00:00+00:00,3304.19,3304.39,3300.0,3303.39,31.742,104827.84118
2025-07-09 01:30:00+00:00,3303.39,3303.4,3298.15,3299.65,36.622,120839.57012
2025-07-09 02:00:00+00:00,3299.65,3300.77,3297.81,3299.99,43.849,144671.21888
2025-07-09 02:30:00+00:00,3299.99,3300.0,3286.0,3287.84,103.602,340929.95302
2025-07-09 03:00:00+00:00,3287.84,3292.34,3284.29,3291.41,72.948,239802.35272
2025-07-09 03:30:00+00:00,3291.41,3292.86,3289.4,3292.85,15.977,52583.66608
2025-07-09 04:00:00+00:00,3292.85,3293.8,3290.8,3293.79,5.436,17900.07697
2025-07-09 04:30:00+00:00,3293.79,3293.8,3293.48,3293.55,11.279,37150.14379
2025-07-09 05:00:00+00:00,3293.55,3295.16,3290.75,3290.75,65.7,216360.14633
2025-07-09 05:30:00+00:00,3290.75,3291.73,3288.87,3288.87,35.963,118326.92738
2025-07-09 06:00:00+00:00,3288.87,3288.9,3285.66,3285.66,61.557,202353.05362
2025-07-09 06:30:00+00:00,3285.66,3291.19,3285.61,3291.07,46.28,152181.05075
2025-07-09 07:00:00+00:00,3291.07,3292.34,3290.0,3290.02,37.423,123167.7274
2025-07-09 07:30:00+00:00,3290.02,3294.26,3287.85,3289.81,76.41,251479.74174
2025-07-09 08:00:00+00:00,3289.81,3291.6,3283.77,3285.21,94.342,310062.72501
2025-07-09 08:30:00+00:00,3285.21,3288.58,3283.0,3285.01,72.297,237505.60126
2025-07-09 09:00:00+00:00,3285.01,3289.0,3284.4,3288.41,46.78,153760.4966
2025-07-09 09:30:00+00:00,3288.41,3289.01,3287.98,3288.0,43.289,142363.25186
2025-07-09 10:00:00+00:00,3288.0,3290.66,3288.0,3288.89,69.546,228744.57117
2025-07-09 10:30:00+00:00,3288.89,3293.45,3288.2,3293.2,114.549,377078.43952
2025-07-09 11:00:00+00:00,3293.2,3293.5,3286.1,3286.1,177.91,585577.46575
2025-07-09 11:30:00+00:00,3286.1,3286.85,3282.6,3283.61,93.724,307845.60496
2025-07-09 12:00:00+00:00,3283.61,3291.3,3283.61,3289.61,91.392,300582.67868
2025-07-09 12:30:00+00:00,3289.61,3294.8,3289.61,3294.61,76.711,252587.07017
2025-07-09 13:00:00+00:00,3294.61,3297.43,3293.09,3293.81,88.671,292215.08909
2025-07-09 13:30:00+00:00,3293.81,3301.67,3290.2,3297.7,163.365,538653.6151
2025-07-09 14:00:00+00:00,3297.7,3305.42,3297.7,3304.4,209.737,692803.02737
2025-07-09 14:30:00+00:00,3304.4,3309.48,3303.95,3308.48,232.356,768336.27976
2025-07-09 15:00:00+00:00,3308.48,3308.56,3304.6,3305.81,68.759,227347.87216
2025-07-09 15:30:00+00:00,3305.81,3307.04,3303.12,3306.4,85.595,282886.89668
2025-07-09 16:00:00+00:00,3306.4,3307.2,3304.93,3307.2,25.125,83066.33718
2025-07-09 16:30:00+00:00,3307.2,3308.53,3307.2,3308.52,23.377,77333.69254
2025-07-09 17:00:00+00:00,3308.52,3309.8,3307.8,3308.36,25.913,85742.94629
2025-07-09 17:30:00+00:00,3308.36,3308.36,3305.1,3305.11,22.275,73654.64542
2025-07-09 18:00:00+00:00,3305.11,3309.2,3305.11,3307.4,73.279,242346.47722
2025-07-09 18:30:00+00:00,3307.4,3308.56,3306.0,3307.61,38.099,126002.12934
2025-07-09 19:00:00+00:00,3307.61,3311.11,3307.01,3309.16,151.086,500056.88286
2025-07-09 19:30:00+00:00,3309.16,3311.96,3307.48,3309.0,359.126,1188683.11285
2025-07-09 20:00:00+00:00,3309.0,3309.13,3305.89,3306.0,72.382,239436.75277
2025-07-09 20:30:00+00:00,3306.0,3319.5,3305.12,3310.87,187.185,619593.02996
2025-07-09 21:00:00+00:00,3310.87,3311.21,3303.19,3304.79,141.492,467791.3577
2025-07-09 21:30:00+00:00,3304.79,3309.19,3304.75,3307.87,19.082,63102.15457
2025-07-09 22:00:00+00:00,3307.87,3314.29,3305.01,3314.28,39.521,130791.14986
2025-07-09 22:30:00+00:00,3314.28,3314.5,3312.61,3314.32,30.793,102046.0228
2025-07-09 23:00:00+00:00,3314.32,3314.41,3310.21,3311.82,36.19,119868.99929
2025-07-09 23:30:00+00:00,3311.82,3312.0,3311.08,3311.6,21.088,69838.97103
2025-07-10 00:00:00+00:00,3311.6,3314.1,3311.6,3314.09,18.429,61053.077
2025-07-10 00:30:00+00:00,3314.09,3315.88,3312.46,3312.46,42.315,140271.35166
2025-07-10 01:00:00+00:00,3312.46,3317.56,3311.61,3317.56,22.028,73014.03433
2025-07-10 01:30:00+00:00,3317.56,3319.4,3317.56,3317.6,23.998,79641.83489
2025-07-10 02:00:00+00:00,3317.6,3317.61,3316.0,3317.2,25.003,82931.26404
2025-07-10 02:30:00+00:00,3317.2,3317.2,3313.64,3313.66,27.069,89730.01547
2025-07-10 03:00:00+00:00,3313.66,3313.72,3312.1,3312.61,17.093,56633.5197
2025-07-10 03:30:00+00:00,3312.61,3314.31,3310.39,3310.4,28.759,95244.59077
2025-07-10 04:00:00+00:00,3310.4,3311.39,3310.0,3311.38,14.742,48802.48049
2025-07-10 04:30:00+00:00,3311.38,3315.72,3311.01,3315.72,47.507,157357.31966
2025-07-10 05:00:00+00:00,3315.72,3317.62,3315.72,3316.8,50.142,166312.22111
2025-07-10 05:30:00+00:00,3316.8,3317.4,3314.8,3314.8,34.263,113614.61751
2025-07-10 06:00:00+00:00,3314.8,3320.82,3314.8,3318.33,59.865,198663.50029
2025-07-10 06:30:00+00:00,3318.33,3320.39,3318.2,3318.36,59.623,197902.07588
2025-07-10 07:00:00+00:00,3318.36,3321.15,3318.36,3319.16,107.47,356828.98694
2025-07-10 07:30:00+00:00,3319.16,3319.65,3313.73,3313.94,71.968,238687.52398
2025-07-10 08:00:00+00:00,3313.94,3315.33,3313.6,3314.38,30.837,102205.40487
2025-07-10 08:30:00+00:00,3314.38,3321.4,3314.37,3321.39,76.851,255080.44975
2025-07-10 09:00:00+00:00,3321.39,3321.4,3319.2,3319.2,30.286,100573.23097
2025-07-10 09:30:00+00:00,3319.2,3319.21,3317.11,3318.8,8.419,27937.54945
2025-07-10 10:00:00+00:00,3318.8,3318.8,3315.91,3318.05,94.074,312053.84189
2025-07-10 10:30:00+00:00,3318.05,3320.8,3317.6,3319.0,57.953,192355.86535
2025-07-10 11:00:00+00:00,3319.0,3321.45,3319.0,3320.81,32.978,109514.30204
2025-07-10 11:30:00+00:00,3320.81,3320.81,3312.65,3312.79,99.396,329598.91466
2025-07-10 12:00:00+00:00,3312.79,3315.03,3312.22,3314.39,36.995,122580.51249
2025-07-10 12:30:00+00:00,3314.39,3317.59,3311.9,3316.52,90.259,299145.9052
2025-07-10 13:00:00+00:00,3316.52,3321.48,3315.8,3317.61,106.24,352661.57739
2025-07-10 13:30:00+00:00,3317.61,3319.16,3305.72,3305.72,124.029,410927.9175
2025-07-10 14:00:00+00:00,3305.72,3313.7,3304.0,3306.96,91.453,302507.86519
2025-07-10 14:30:00+00:00,3306.96,3311.66,3306.96,3308.79,34.576,114418.56769
2025-07-10 15:00:00+00:00,3308.79,3313.2,3308.6,3313.2,39.125,129544.30862
2025-07-10 15:30:00+00:00,3313.2,3313.2,3311.15,3312.6,27.493,91055.68561
2025-07-10 16:00:00+00:00,3312.6,3312.6,3305.26,3308.24,183.281,606538.78144
2025-07-10 16:30:00+00:00,3308.24,3308.24,3304.39,3307.36,68.198,225454.20565
2025-07-10 17:00:00+00:00,3307.36,3311.3,3307.36,3309.63,73.196,242290.11793
2025-07-10 17:30:00+00:00,3309.63,3310.6,3309.08,3309.61,44.231,146389.04526
2025-07-10 18:00:00+00:00,3309.61,3310.42,3309.6,3310.22,16.183,53569.68844
2025-07-10 18:30:00+00:00,3310.22,3312.77,3310.22,3312.77,18.017,59649.28083
2025-07-10 19:00:00+00:00,3312.77,3320.82,3312.77,3319.69,258.925,859264.21677
2025-07-10 19:30:00+00:00,3319.69,3319.69,3316.8,3317.51,105.758,350960.80991
2025-07-10 20:00:00+00:00,3317.51,3320.05,3317.19,3317.19,230.142,763768.35198
2025-07-10 20:30:00+00:00,3317.19,3317.36,3316.8,3317.36,33.201,110132.92262
2025-07-10 21:00:00+00:00,3317.36,3320.67,3315.3,3319.21,170.912,567054.47882
2025-07-10 21:30:00+00:00,3319.21,3322.71,3311.21,3313.2,265.539,881260.95534
2025-07-10 22:00:00+00:00,3313.2,3319.54,3311.98,3318.79,163.963,543858.3148
2025-07-10 22:30:00+00:00,3318.79,3318.79,3316.75,3317.03,70.187,232886.54266
2025-07-10 23:00:00+00:00,3317.03,3318.8,3317.03,3318.8,20.977,69588.02932
2025-07-10 23:30:00+00:00,3318.8,3320.25,3318.0,3318.41,44.311,147085.61799
2025-07-11 00:00:00+00:00,3318.41,3321.13,3318.01,3321.13,96.317,319734.61236
2025-07-11 00:30:00+00:00,3321.13,3329.22,3321.13,3324.63,205.895,684912.07464
2025-07-11 01:00:00+00:00,3324.63,3324.63,3320.2,3322.99,133.992,445087.69607
2025-07-11 01:30:00+00:00,3322.99,3326.42,3322.99,3323.69,80.26,266917.21263
2025-07-11 02:00:00+00:00,3323.69,3325.91,3322.4,3325.6,28.453,94587.67618
2025-07-11 02:30:00+00:00,3325.6,3328.04,3324.81,3327.94,44.945,149515.15639
2025-07-11 03:00:00+00:00,3327.94,3329.4,3327.4,3329.4,34.887,116116.41294
2025-07-11 03:30:00+00:00,3329.4,3329.4,3327.21,3328.2,29.803,99195.0963
2025-07-11 04:00:00+00:00,3328.2,3328.2,3325.6,3325.61,30.036,99960.12008
2025-07-11 04:30:00+00:00,3325.61,3325.61,3324.22,3324.6,32.246,107214.27934
2025-07-11 05:00:00+00:00,3324.6,3333.45,3324.6,3333.35,183.912,612381.14576
2025-07-11 05:30:00+00:00,3333.35,3333.36,3327.42,3327.61,136.156,453421.2711
2025-07-11 06:00:00+00:00,3327.61,3336.0,3326.4,3335.81,207.591,691444.88186
2025-07-11 06:30:00+00:00,3335.81,3335.81,3325.41,3325.41,77.274,257395.15653
2025-07-11 07:00:00+00:00,3325.41,3328.3,3323.91,3328.29,76.903,255704.612
2025-07-11 07:30:00+00:00,3328.29,3332.8,3327.12,3332.8,81.901,272701.43873
2025-07-11 08:00:00+00:00,3332.8,3335.99,3330.92,3330.92,100.413,334794.17574
2025-07-11 08:30:00+00:00,3330.92,3332.1,3325.58,3327.01,64.132,213513.18787
2025-07-11 09:00:00+00:00,3327.01,3329.99,3326.42,3328.2,68.93,229451.44622
2025-07-11 09:30:00+00:00,3328.2,3333.08,3328.2,3333.07,137.474,457947.20356
2025-07-11 10:00:00+00:00,3333.07,3337.66,3333.07,3337.66,172.874,576651.23601
2025-07-11 10:30:00+00:00,3337.66,3339.99,3336.84,3336.85,118.273,394817.01627
2025-07-11 11:00:00+00:00,3336.85,3339.95,3333.61,3336.19,56.222,187636.21472
2025-07-11 11:30:00+00:00,3336.19,3340.0,3336.19,3339.01,38.187,127513.25785
2025-07-11 12:00:00+00:00,3339.01,3340.0,3336.68,3338.86,76.166,254266.43888
2025-07-11 12:30:00+00:00,3338.86,3347.09,3338.86,3345.59,197.734,661127.02343
2025-07-11 13:00:00+00:00,3345.59,3347.53,3341.23,3344.99,110.172,368605.35009
2025-07-11 13:30:00+00:00,3344.99,3351.6,3342.63,3345.39,446.052,1493082.43148
2025-07-11 14:00:00+00:00,3345.39,3356.95,3344.97,3349.99,454.461,1521664.84779
2025-07-11 14:30:00+00:00,3349.99,3361.75,3349.89,3356.78,442.426,1484525.61681
2025-07-11 15:00:00+00:00,3356.78,3366.05,3356.78,3364.84,513.754,1727670.80009
2025-07-11 15:30:00+00:00,3364.84,3365.35,3356.4,3358.79,508.034,1707142.10308
2025-07-11 16:00:00+00:00,3358.79,3359.4,3351.56,3353.2,272.344,913846.3024
2025-07-11 16:30:00+00:00,3353.2,3353.75,3351.02,3352.34,51.258,171827.02872
2025-07-11 17:00:00+00:00,3352.34,3352.35,3347.25,3348.26,60.86,203829.16889
2025-07-11 17:30:00+00:00,3348.26,3349.38,3347.81,3349.38,34.155,114361.54517
2025-07-11 18:00:00+00:00,3349.38,3354.6,3349.38,3353.46,63.488,212820.13742
2025-07-11 18:30:00+00:00,3353.46,3354.94,3353.45,3354.4,17.095,57343.69959
2025-07-11 19:00:00+00:00,3354.4,3354.9,3352.94,3354.56,33.56,112562.70066
2025-07-11 19:30:00+00:00,3354.56,3355.66,3354.21,3354.21,52.219,175206.1312
2025-07-11 20:00:00+00:00,3354.21,3354.22,3352.0,3352.01,39.825,133553.61732
2025-07-11 20:30:00+00:00,3352.01,3352.01,3351.33,3351.9,44.269,148370.17702
2025-07-11 21:00:00+00:00,3351.9,3351.91,3347.24,3348.27,73.007,244483.46437
2025-07-11 21:30:00+00:00,3348.27,3349.9,3345.55,3345.55,84.491,282766.48994
2025-07-11 22:00:00+00:00,3345.55,3345.56,3344.62,3344.62,79.553,266133.79553
2025-07-11 22:30:00+00:00,3344.62,3346.2,3344.61,3346.14,39.78,133097.00619
2025-07-11 23:00:00+00:00,3346.14,3346.72,3346.13,3346.72,18.777,62834.42668
2025-07-11 23:30:00+00:00,3346.72,3351.03,3346.72,3351.03,36.607,122575.21125
2025-07-12 00:00:00+00:00,3351.03,3351.34,3351.02,3351.33,13.349,44735.967
2025-07-12 00:30:00+00:00,3351.33,3351.4,3343.89,3344.8,89.725,300336.36583
2025-07-12 01:00:00+00:00,3344.8,3354.6,3344.8,3354.6,76.03,254729.66399
2025-07-12 01:30:00+00:00,3354.6,3354.8,3347.06,3353.57,73.316,245694.52237
2025-07-12 02:00:00+00:00,3353.57,3354.98,3352.29,3354.97,33.076,110949.51634
2025-07-12 02:30:00+00:00,3354.97,3355.07,3352.0,3352.01,38.79,130118.25281
2025-07-12 03:00:00+00:00,3352.01,3354.79,3351.63,3352.2,22.702,76133.52532
2025-07-12 03:30:00+00:00,3352.2,3353.57,3351.55,3351.56,18.066,60577.91744
2025-07-12 04:00:00+00:00,3351.56,3353.2,3348.65,3351.6,28.515,95524.59514
2025-07-12 04:30:00+00:00,3351.6,3352.91,3345.45,3348.0,54.197,181480.32331
2025-07-12 05:00:00+00:00,3348.0,3353.48,3347.09,3351.8,34.66,116097.07392
2025-07-12 05:30:00+00:00,3351.8,3351.8,3349.39,3351.53,3.69,12364.04756
2025-07-12 06:00:00+00:00,3351.53,3352.8,3349.43,3349.44,9.307,31194.63297
2025-07-12 06:30:00+00:00,3349.44,3350.8,3346.67,3347.4,29.303,98132.17764
2025-07-12 07:00:00+00:00,3347.4,3351.53,3347.21,3349.99,14.538,48697.43019
2025-07-12 07:30:00+00:00,3349.99,3351.0,3348.63,3350.99,18.782,62915.41818
2025-07-12 08:00:00+00:00,3350.99,3351.74,3347.01,3348.4,27.085,90721.28249
2025-07-12 08:30:00+00:00,3348.4,3349.19,3348.01,3349.19,1.542,5162.89556
2025-07-12 09:00:00+00:00,3349.19,3349.2,3348.2,3348.2,14.138,47347.9357
2025-07-12 09:30:00+00:00,3348.2,3349.4,3346.01,3348.8,18.901,63285.7586
2025-07-12 10:00:00+00:00,3348.8,3350.42,3345.4,3348.27,16.752,56079.36167
2025-07-12 10:30:00+00:00,3348.27,3349.72,3348.04,3348.08,7.977,26711.89076
2025-07-12 11:00:00+00:00,3348.08,3349.63,3348.01,3348.18,16.729,56013.45823
2025-07-12 11:30:00+00:00,3348.18,3348.18,3347.73,3347.74,2.196,7352.23196
2025-07-12 12:00:00+00:00,3347.74,3347.74,3346.2,3346.74,27.591,92343.31649
2025-07-12 12:30:00+00:00,3346.74,3347.6,3346.0,3347.37,32.89,110058.36605
2025-07-12 13:00:00+00:00,3347.37,3349.2,3346.01,3347.2,38.544,129011.65485
2025-07-12 13:30:00+00:00,3347.2,3350.42,3347.01,3350.42,20.398,68311.37341
2025-07-12 14:00:00+00:00,3350.42,3352.79,3350.41,3352.21,24.479,82050.72485
2025-07-12 14:30:00+00:00,3352.21,3352.85,3349.61,3352.85,37.226,124786.18426
2025-07-12 15:00:00+00:00,3352.85,3353.61,3350.01,3352.14,32.094,107585.44461
2025-07-12 15:30:00+00:00,3352.14,3352.14,3348.15,3350.68,75.231,251943.17191
2025-07-12 16:00:00+00:00,3350.68,3352.86,3348.75,3348.81,33.787,113215.02179
2025-07-12 16:30:00+00:00,3348.81,3353.6,3348.58,3351.2,34.573,115901.80289
2025-07-12 17:00:00+00:00,3351.2,3354.01,3351.0,3354.01,26.169,87739.01057
2025-07-12 17:30:00+00:00,3354.01,3354.17,3352.4,3354.17,27.169,91102.06942
2025-07-12 18:00:00+00:00,3354.17,3354.29,3351.36,3351.37,15.583,52259.2134
2025-07-12 18:30:00+00:00,3351.37,3353.79,3351.24,3353.79,8.66,29037.93012
2025-07-12 19:00:00+00:00,3353.79,3356.31,3353.79,3356.21,26.939,90389.0638
2025-07-12 19:30:00+00:00,3356.21,3356.21,3355.31,3355.32,15.308,51369.37966
2025-07-12 20:00:00+00:00,3355.32,3356.49,3355.31,3355.6,23.175,77771.11592
2025-07-12 20:30:00+00:00,3355.6,3355.74,3354.69,3355.74,19.754,66271.81899
2025-07-12 21:00:00+00:00,3355.74,3355.78,3355.68,3355.71,4.447,14922.90372
2025-07-12 21:30:00+00:00,3355.71,3355.71,3355.65,3355.65,13.806,46328.29289
2025-07-12 22:00:00+00:00,3355.65,3355.66,3352.55,3352.56,20.351,68269.16941
2025-07-12 22:30:00+00:00,3352.56,3354.65,3351.9,3354.2,18.536,62162.57772
2025-07-12 23:00:00+00:00,3354.2,3354.2,3353.34,3353.36,6.161,20660.51068
2025-07-12 23:30:00+00:00,3353.36,3356.0,3353.35,3355.99,12.332,41359.36123
2025-07-13 00:00:00+00:00,3355.99,3356.47,3355.99,3356.47,5.01,16814.54534
2025-07-13 00:30:00+00:00,3356.47,3356.83,3354.0,3354.01,15.525,52108.60668
2025-07-13 01:00:00+00:00,3354.01,3354.01,3350.88,3351.01,14.837,49744.75923
2025-07-13 01:30:00+00:00,3351.01,3354.78,3350.54,3354.78,19.742,66165.58443
2025-07-13 02:00:00+00:00,3354.78,3356.0,3352.74,3353.81,14.071,47208.73751
2025-07-13 02:30:00+00:00,3353.81,3356.0,3353.8,3355.06,21.928,73565.81368
2025-07-13 03:00:00+00:00,3355.06,3355.07,3352.69,3354.11,29.219,98010.6693
2025-07-13 03:30:00+00:00,3354.11,3356.6,3354.1,3354.56,26.792,89880.51737
2025-07-13 04:00:00+00:00,3354.56,3354.58,3353.48,3353.6,11.161,37434.7048
2025-07-13 04:30:00+00:00,3353.6,3354.34,3353.59,3353.75,3.312,11108.26022
2025-07-13 05:00:00+00:00,3353.75,3354.81,3353.62,3354.81,14.055,47139.97978
2025-07-13 05:30:00+00:00,3354.81,3354.81,3353.01,3354.6,10.256,34396.89207
2025-07-13 06:00:00+00:00,3354.6,3354.78,3354.6,3354.78,1.511,5068.80666
2025-07-13 06:30:00+00:00,3354.78,3355.39,3354.78,3354.82,13.999,46971.45562
2025-07-13 07:00:00+00:00,3354.82,3354.83,3352.92,3354.4,14.421,48368.1589
2025-07-13 07:30:00+00:00,3354.4,3355.48,3354.4,3355.15,11.193,37551.59715
2025-07-13 08:00:00+00:00,3355.15,3355.15,3352.13,3352.13,8.072,27073.23866
2025-07-13 08:30:00+00:00,3352.13,3353.72,3351.3,3353.72,22.767,76340.24025
2025-07-13 09:00:00+00:00,3353.72,3354.22,3353.72,3354.04,7.487,25112.96009
2025-07-13 09:30:00+00:00,3354.04,3354.05,3352.49,3352.49,8.646,28994.86412
2025-07-13 10:00:00+00:00,3352.49,3352.5,3352.49,3352.5,1.608,5390.81849
2025-07-13 10:30:00+00:00,3352.5,3354.25,3352.49,3354.25,14.115,47326.07394
2025-07-13 11:00:00+00:00,3354.25,3354.31,3353.7,3353.99,20.018,67140.34831
2025-07-13 11:30:00+00:00,3353.99,3353.99,3351.59,3351.59,9.39,31485.60219
2025-07-13 12:00:00+00:00,3351.59,3352.11,3350.55,3351.14,19.607,65706.77142
2025-07-13 12:30:00+00:00,3351.14,3353.25,3350.54,3350.54,24.85,83277.92372
2025-07-13 13:00:00+00:00,3350.54,3351.89,3349.64,3350.21,18.171,60883.25804
2025-07-13 13:30:00+00:00,3350.21,3352.07,3348.4,3348.6,31.921,106948.95192
2025-07-13 14:00:00+00:00,3348.6,3351.0,3347.0,3349.66,57.799,193533.5928
2025-07-13 14:30:00+00:00,3349.66,3351.7,3347.0,3350.6,44.948,150564.45331
2025-07-13 15:00:00+00:00,3350.6,3351.8,3347.7,3347.7,9.779,32760.7755
2025-07-13 15:30:00+00:00,3347.7,3350.0,3347.6,3350.0,47.985,160660.40896
2025-07-13 16:00:00+00:00,3350.0,3350.3,3346.93,3347.4,33.053,110670.23695
2025-07-13 16:30:00+00:00,3347.4,3348.3,3347.39,3348.3,4.956,16591.65596
2025-07-13 17:00:00+00:00,3348.3,3350.68,3346.36,3350.6,20.784,69598.67561
2025-07-13 17:30:00+00:00,3350.6,3350.79,3349.8,3350.56,15.874,53181.65723
2025-07-13 18:00:00+00:00,3350.56,3350.6,3348.62,3348.63,5.721,19165.40196
2025-07-13 18:30:00+00:00,3348.63,3349.54,3346.14,3349.54,20.509,68646.83549
2025-07-13 19:00:00+00:00,3349.54,3350.4,3349.02,3349.02,4.727,15833.53398
2025-07-13 19:30:00+00:00,3349.02,3349.02,3346.01,3346.01,24.184,80950.51407
2025-07-13 20:00:00+00:00,3346.01,3348.99,3346.01,3348.83,2.963,9919.79057
2025-07-13 20:30:00+00:00,3348.83,3348.92,3346.01,3347.38,30.4,101778.08134
2025-07-13 21:00:00+00:00,3347.38,3349.2,3346.42,3347.79,17.448,58415.98918
2025-07-13 21:30:00+00:00,3347.79,3347.79,3345.1,3346.19,42.249,141362.55865
2025-07-13 22:00:00+00:00,3346.19,3362.32,3346.19,3362.13,471.314,1581484.9499
2025-07-13 22:30:00+00:00,3362.13,3362.94,3357.29,3362.93,46.698,156915.73021
2025-07-13 23:00:00+00:00,3362.93,3367.8,3361.33,3363.0,168.586,567166.69743
2025-07-13 23:30:00+00:00,3363.0,3363.39,3360.4,3361.57,45.054,151480.47459
2025-07-14 00:00:00+00:00,3361.57,3364.19,3357.18,3364.19,42.847,143993.09842
2025-07-14 00:30:00+00:00,3364.19,3365.63,3362.01,3362.22,42.342,142448.42906
2025-07-14 01:00:00+00:00,3362.22,3362.22,3356.23,3356.23,23.397,78577.92853
2025-07-14 01:30:00+00:00,3356.23,3356.23,3353.15,3354.62,40.884,137169.9669
2025-07-14 02:00:00+00:00,3354.62,3354.62,3351.22,3353.53,51.856,173834.40872
2025-07-14 02:30:00+00:00,3353.53,3353.79,3350.0,3352.12,20.473,68620.91633
2025-07-14 03:00:00+00:00,3352.12,3354.2,3350.9,3352.79,57.518,192818.06028
2025-07-14 03:30:00+00:00,3352.79,3354.68,3351.0,3352.71,103.463,346889.55132
2025-07-14 04:00:00+00:00,3352.71,3352.71,3348.99,3350.29,47.683,159732.53869
2025-07-14 04:30:00+00:00,3350.29,3355.0,3350.29,3354.59,57.486,192728.39105
2025-07-14 05:00:00+00:00,3354.59,3355.59,3349.49,3349.79,97.645,327370.91585
2025-07-14 05:30:00+00:00,3349.79,3353.62,3349.79,3351.59,53.536,179460.84877
2025-07-14 06:00:00+00:00,3351.59,3357.15,3351.4,3356.78,165.132,554023.46414
2025-07-14 06:30:00+00:00,3356.78,3365.89,3355.41,3365.89,101.86,342366.5069
2025-07-14 07:00:00+00:00,3365.89,3370.88,3364.0,3370.64,187.923,632703.83364
2025-07-14 07:30:00+00:00,3370.64,3370.88,3366.61,3368.98,162.277,546648.88334
2025-07-14 08:00:00+00:00,3368.98,3370.37,3364.0,3364.0,159.249,536291.42558
2025-07-14 08:30:00+00:00,3364.0,3366.24,3362.68,3364.43,88.2,296700.96665
2025-07-14 09:00:00+00:00,3364.43,3366.25,3361.46,3365.59,37.599,126479.12921
2025-07-14 09:30:00+00:00,3365.59,3366.6,3362.5,3366.6,82.597,277845.8154
2025-07-14 10:00:00+00:00,3366.6,3370.41,3366.6,3367.6,90.374,304454.51873
2025-07-14 10:30:00+00:00,3367.6,3368.85,3367.41,3368.85,60.712,204495.44007
2025-07-14 11:00:00+00:00,3368.85,3369.55,3366.61,3366.61,42.775,144083.94045
2025-07-14 11:30:00+00:00,3366.61,3367.9,3361.72,3361.73,163.863,551609.91604
2025-07-14 12:00:00+00:00,3361.73,3366.09,3355.94,3357.14,493.161,1657140.33459
2025-07-14 12:30:00+00:00,3357.14,3358.05,3349.19,3349.2,381.372,1278925.18367
2025-07-14 13:00:00+00:00,3349.2,3355.4,3347.63,3355.21,223.888,750441.18883
2025-07-14 13:30:00+00:00,3355.21,3358.05,3353.83,3355.0,98.041,328988.91359
2025-07-14 14:00:00+00:00,3355.0,3355.64,3345.4,3349.71,103.435,346468.25525
2025-07-14 14:30:00+00:00,3349.71,3350.58,3341.36,3343.36,149.869,501252.73007
2025-07-14 15:00:00+00:00,3343.36,3349.49,3342.6,3346.4,84.139,281547.96113
2025-07-14 15:30:00+00:00,3346.4,3348.97,3345.33,3346.2,73.014,244428.60669
2025-07-14 16:00:00+00:00,3346.2,3348.91,3345.21,3348.91,98.306,328979.94131
2025-07-14 16:30:00+00:00,3348.91,3349.67,3347.67,3347.67,47.805,160098.37663
2025-07-14 17:00:00+00:00,3347.67,3350.3,3347.67,3350.3,40.984,137245.97681
2025-07-14 17:30:00+00:00,3350.3,3351.37,3350.29,3351.18,22.911,76777.75819
2025-07-14 18:00:00+00:00,3351.18,3352.14,3350.21,3350.81,36.429,122082.53803
2025-07-14 18:30:00+00:00,3350.81,3351.14,3348.75,3349.61,25.316,84812.04191
2025-07-14 19:00:00+00:00,3349.61,3350.52,3348.41,3348.65,12.352,41375.93825
2025-07-14 19:30:00+00:00,3348.65,3348.65,3344.45,3344.45,20.373,68173.74567
2025-07-14 20:00:00+00:00,3344.45,3344.79,3344.41,3344.46,60.594,202661.51357
2025-07-14 20:30:00+00:00,3344.46,3344.47,3342.4,3342.6,49.636,165961.97709
2025-07-14 21:00:00+00:00,3342.6,3345.59,3342.55,3344.47,84.276,281774.63886
2025-07-14 21:30:00+00:00,3344.47,3348.56,3344.47,3348.21,14.908,49898.14192
2025-07-14 22:00:00+00:00,3348.21,3348.6,3342.64,3344.6,66.676,223098.03177
2025-07-14 22:30:00+00:00,3344.6,3346.15,3344.4,3346.09,7.717,25812.91336
2025-07-14 23:00:00+00:00,3346.09,3346.4,3345.02,3345.02,18.282,61174.00068
2025-07-14 23:30:00+00:00,3345.02,3346.4,3344.79,3345.76,34.998,117076.46002
2025-07-15 00:00:00+00:00,3345.76,3347.94,3345.41,3347.59,20.65,69109.93438
2025-07-15 00:30:00+00:00,3347.59,3348.99,3347.03,3347.99,36.134,120962.81612
2025-07-15 01:00:00+00:00,3347.99,3349.89,3347.99,3349.15,24.75,82891.71232
2025-07-15 01:30:00+00:00,3349.15,3350.18,3346.94,3346.94,29.74,99589.31126
2025-07-15 02:00:00+00:00,3346.94,3352.22,3346.93,3350.9,63.772,213630.98326
2025-07-15 02:30:00+00:00,3350.9,3351.15,3349.37,3351.15,31.15,104350.16717
2025-07-15 03:00:00+00:00,3351.15,3355.99,3351.15,3355.6,81.215,272436.27508
2025-07-15 03:30:00+00:00,3355.6,3357.5,3355.6,3357.5,57.865,194234.72605
2025-07-15 04:00:00+00:00,3357.5,3360.4,3357.5,3360.4,63.167,212182.25203
2025-07-15 04:30:00+00:00,3360.4,3360.8,3360.39,3360.79,42.4,142491.42127
2025-07-15 05:00:00+00:00,3360.79,3363.0,3360.79,3363.0,29.675,99758.23604
2025-07-15 05:30:00+00:00,3363.0,3363.2,3359.71,3360.65,187.346,629935.04917
2025-07-15 06:00:00+00:00,3360.65,3361.83,3357.73,3357.99,54.292,182384.04738
2025-07-15 06:30:00+00:00,3357.99,3360.75,3357.15,3357.15,29.442,98882.29669
2025-07-15 07:00:00+00:00,3357.15,3360.56,3357.01,3360.56,32.203,108148.10634
2025-07-15 07:30:00+00:00,3360.56,3362.59,3357.38,3361.21,94.25,316764.12626
2025-07-15 08:00:00+00:00,3361.21,3362.32,3355.6,3356.39,79.439,266956.31202
2025-07-15 08:30:00+00:00,3356.39,3360.79,3356.39,3358.4,71.579,240422.66127
2025-07-15 09:00:00+00:00,3358.4,3361.0,3357.7,3358.81,13.811,46394.10305
2025-07-15 09:30:00+00:00,3358.81,3360.19,3357.7,3360.19,23.513,78972.11629
2025-07-15 10:00:00+00:00,3360.19,3362.8,3360.19,3361.01,46.332,155749.05974
2025-07-15 10:30:00+00:00,3361.01,3361.38,3359.41,3359.42,29.285,98409.17338
2025-07-15 11:00:00+00:00,3359.42,3360.0,3357.1,3357.4,103.328,347049.41906
2025-07-15 11:30:00+00:00,3357.4,3357.8,3353.13,3353.13,73.461,246520.52277
2025-07-15 12:00:00+00:00,3353.13,3353.14,3347.5,3352.35,100.812,337765.2172
2025-07-15 12:30:00+00:00,3352.35,3357.15,3345.52,3346.19,229.185,767995.23
2025-07-15 13:00:00+00:00,3346.19,3349.2,3338.14,3339.17,175.781,587601.18402
2025-07-15 13:30:00+00:00,3339.17,3346.0,3335.0,3344.99,280.077,934866.58608
2025-07-15 14:00:00+00:00,3344.99,3347.82,3341.68,3347.81,84.901,284014.62073
2025-07-15 14:30:00+00:00,3347.81,3353.77,3346.0,3349.06,194.05,649909.43496
2025-07-15 15:00:00+00:00,3349.06,3350.2,3334.68,3334.78,99.478,332380.23344
2025-07-15 15:30:00+00:00,3334.78,3337.28,3328.01,3330.81,147.194,490452.92762
2025-07-15 16:00:00+00:00,3330.81,3330.81,3323.4,3327.6,116.88,388870.34014
2025-07-15 16:30:00+00:00,3327.6,3332.29,3326.6,3330.48,73.489,244661.42905
2025-07-15 17:00:00+00:00,3330.48,3333.02,3330.0,3331.68,25.463,84844.02898
2025-07-15 17:30:00+00:00,3331.68,3332.5,3326.8,3328.6,56.025,186516.01136
2025-07-15 18:00:00+00:00,3328.6,3329.99,3327.41,3328.4,29.158,97068.47892
2025-07-15 18:30:00+00:00,3328.4,3332.03,3328.2,3330.6,64.367,214350.85762
2025-07-15 19:00:00+00:00,3330.6,3331.6,3327.19,3328.81,66.513,221457.39045
2025-07-15 19:30:00+00:00,3328.81,3331.24,3326.25,3331.24,28.179,93813.97178
2025-07-15 20:00:00+00:00,3331.24,3331.25,3329.61,3329.62,14.338,47755.4722
2025-07-15 20:30:00+00:00,3329.62,3329.62,3327.1,3327.1,16.336,54376.90005
2025-07-15 21:00:00+00:00,3327.1,3332.64,3324.29,3328.78,67.257,223783.19109
2025-07-15 21:30:00+00:00,3328.78,3331.43,3327.67,3330.78,26.406,87937.94762
2025-07-15 22:00:00+00:00,3330.78,3330.78,3324.83,3326.95,50.006,166396.36521
2025-07-15 22:30:00+00:00,3326.95,3327.2,3324.43,3326.6,20.61,68562.24337
2025-07-15 23:00:00+00:00,3326.6,3330.57,3326.59,3330.39,24.491,81527.09529
2025-07-15 23:30:00+00:00,3330.39,3332.38,3330.39,3332.38,9.381,31250.8421
2025-07-16 00:00:00+00:00,3332.38,3332.38,3329.6,3332.0,45.999,153223.27757
2025-07-16 00:30:00+00:00,3332.0,3332.6,3331.35,3331.72,14.96,49847.40212
2025-07-16 01:00:00+00:00,3331.72,3334.1,3330.6,3334.1,37.088,123559.23519
2025-07-16 01:30:00+00:00,3334.1,3334.7,3331.7,3332.96,55.013,183364.64229
2025-07-16 02:00:00+00:00,3332.96,3332.96,3330.25,3330.45,24.807,82635.442
2025-07-16 02:30:00+00:00,3330.45,3331.19,3328.28,3328.28,54.851,182681.66665
2025-07-16 03:00:00+00:00,3328.28,3333.09,3328.28,3333.09,24.1,80254.6912
2025-07-16 03:30:00+00:00,3333.09,3335.63,3333.09,3335.63,18.122,60435.58342
2025-07-16 04:00:00+00:00,3335.63,3335.65,3335.41,3335.57,19.579,65307.79649
2025-07-16 04:30:00+00:00,3335.57,3340.94,3335.57,3339.11,69.259,231232.7308
2025-07-16 05:00:00+00:00,3339.11,3340.98,3339.11,3340.97,13.487,45052.96791
2025-07-16 05:30:00+00:00,3340.97,3342.38,3337.29,3340.8,67.811,226534.5587
2025-07-16 06:00:00+00:00,3340.8,3342.51,3339.37,3342.51,38.404,128327.5734
2025-07-16 06:30:00+00:00,3342.51,3342.51,3338.4,3340.49,68.032,227269.74373
2025-07-16 07:00:00+00:00,3340.49,3340.5,3337.96,3339.21,53.938,180106.69969
2025-07-16 07:30:00+00:00,3339.21,3339.21,3336.27,3337.65,29.493,98448.15536
2025-07-16 08:00:00+00:00,3337.65,3340.84,3337.65,3340.32,29.357,98039.85374
2025-07-16 08:30:00+00:00,3340.32,3341.0,3339.88,3341.0,46.207,154330.88581
2025-07-16 09:00:00+00:00,3341.0,3343.6,3339.0,3339.24,119.269,398462.95231
2025-07-16 09:30:00+00:00,3339.24,3339.79,3339.24,3339.62,17.722,59183.42977
2025-07-16 10:00:00+00:00,3339.62,3339.81,3336.42,3337.55,105.626,352589.59602
2025-07-16 10:30:00+00:00,3337.55,3338.14,3333.43,3333.6,28.376,94666.3517
2025-07-16 11:00:00+00:00,3333.6,3336.39,3333.53,3335.23,38.247,127558.54531
2025-07-16 11:30:00+00:00,3335.23,3340.6,3335.23,3339.18,44.357,148093.07617
2025-07-16 12:00:00+00:00,3339.18,3340.51,3333.8,3333.81,23.444,78247.73693
2025-07-16 12:30:00+00:00,3333.81,3337.78,3331.26,3333.88,82.722,275829.16376
2025-07-16 13:00:00+00:00,3333.88,3338.69,3332.83,3335.48,47.997,160130.31473
2025-07-16 13:30:00+00:00,3335.48,3335.48,3323.0,3327.1,224.204,745867.91246
2025-07-16 14:00:00+00:00,3327.1,3329.46,3323.01,3325.87,71.191,236754.2599
2025-07-16 14:30:00+00:00,3325.87,3343.75,3321.21,3339.25,257.075,856931.79378
2025-07-16 15:00:00+00:00,3339.25,3368.0,3339.2,3360.8,564.081,1894216.83507
2025-07-16 15:30:00+00:00,3360.8,3373.52,3336.12,3343.63,543.734,1824199.03262
2025-07-16 16:00:00+00:00,3343.63,3353.95,3339.07,3351.65,201.163,673360.29622
2025-07-16 16:30:00+00:00,3351.65,3352.86,3348.03,3348.8,41.917,140421.6019
2025-07-16 17:00:00+00:00,3348.8,3353.0,3348.79,3352.09,45.573,152711.82307
2025-07-16 17:30:00+00:00,3352.09,3357.5,3350.74,3354.2,42.631,142971.96126
2025-07-16 18:00:00+00:00,3354.2,3355.73,3353.31,3353.31,14.72,49376.14512
2025-07-16 18:30:00+00:00,3353.31,3353.31,3348.8,3348.8,44.37,148710.64342
2025-07-16 19:00:00+00:00,3348.8,3348.8,3344.29,3344.99,22.538,75417.15213
2025-07-16 19:30:00+00:00,3344.99,3346.03,3344.99,3345.82,28.482,95289.6371
2025-07-16 20:00:00+00:00,3345.82,3346.99,3345.65,3346.99,18.051,60401.08528
2025-07-16 20:30:00+00:00,3346.99,3346.99,3322.1,3344.75,278.209,928331.05415
2025-07-16 21:00:00+00:00,3344.75,3347.23,3344.0,3345.93,29.128,97448.02234
2025-07-16 21:30:00+00:00,3345.93,3346.23,3343.13,3343.92,13.338,44611.33206
2025-07-16 22:00:00+00:00,3343.92,3348.93,3343.92,3348.93,41.197,137905.87346
2025-07-16 22:30:00+00:00,3348.93,3349.5,3339.17,3345.99,43.243,144700.84479
2025-07-16 23:00:00+00:00,3345.99,3346.58,3344.09,3345.34,60.687,203008.4237
2025-07-16 23:30:00+00:00,3345.34,3347.12,3344.2,3344.21,12.33,41256.21537
2025-07-17 00:00:00+00:00,3344.21,3344.79,3341.09,3341.61,16.714,55862.10302
2025-07-17 00:30:00+00:00,3341.61,3341.62,3338.93,3338.94,15.322,51179.92342
2025-07-17 01:00:00+00:00,3338.94,3338.94,3336.81,3337.8,47.206,157555.57008
2025-07-17 01:30:00+00:00,3337.8,3342.8,3336.67,3342.8,24.756,82669.02266
2025-07-17 02:00:00+00:00,3342.8,3343.34,3332.23,3337.39,109.0,363705.84703
2025-07-17 02:30:00+00:00,3337.39,3338.74,3336.87,3338.74,18.207,60770.69897
2025-07-17 03:00:00+00:00,3338.74,3338.74,3333.0,3336.12,23.17,77295.57537
2025-07-17 03:30:00+00:00,3336.12,3339.91,3336.11,3339.13,43.469,145096.6466
2025-07-17 04:00:00+00:00,3339.13,3339.79,3336.8,3337.99,15.433,51506.54786
2025-07-17 04:30:00+00:00,3337.99,3342.21,3337.99,3340.64,18.633,62243.82518
2025-07-17 05:00:00+00:00,3340.64,3340.64,3337.74,3338.2,14.007,46775.46026
2025-07-17 05:30:00+00:00,3338.2,3338.3,3335.0,3336.56,22.959,76593.75061
2025-07-17 06:00:00+00:00,3336.56,3336.72,3329.46,3329.6,71.323,237661.77127
2025-07-17 06:30:00+00:00,3329.6,3334.83,3326.13,3333.99,134.92,449333.89578
2025-07-17 07:00:00+00:00,3333.99,3334.0,3328.0,3328.59,49.167,163747.69759
2025-07-17 07:30:00+00:00,3328.59,3328.97,3325.56,3325.8,57.15,190137.46892
2025-07-17 08:00:00+00:00,3325.8,3330.65,3325.79,3330.65,38.234,127249.03128
2025-07-17 08:30:00+00:00,3330.65,3331.4,3329.01,3329.01,16.654,55470.56431
2025-07-17 09:00:00+00:00,3329.01,3332.35,3327.99,3330.52,79.554,264885.09954
2025-07-17 09:30:00+00:00,3330.52,3330.52,3325.67,3325.72,64.105,213335.90686
2025-07-17 10:00:00+00:00,3325.72,3328.38,3325.72,3328.38,46.416,154425.18971
2025-07-17 10:30:00+00:00,3328.38,3330.0,3325.59,3325.6,41.232,137256.63847
2025-07-17 11:00:00+00:00,3325.6,3328.13,3324.16,3326.39,45.79,152297.96127
2025-07-17 11:30:00+00:00,3326.39,3326.39,3323.79,3324.82,42.076,139916.97504
2025-07-17 12:00:00+00:00,3324.82,3328.61,3323.52,3328.19,64.523,214641.46606
2025-07-17 12:30:00+00:00,3328.19,3328.19,3313.0,3315.89,382.187,1268258.08926
2025-07-17 13:00:00+00:00,3315.89,3321.71,3314.47,3319.37,143.794,477092.06138
2025-07-17 13:30:00+00:00,3319.37,3322.97,3316.15,3321.0,151.553,503046.41969
2025-07-17 14:00:00+00:00,3321.0,3332.0,3320.8,3331.84,106.18,353260.15306
2025-07-17 14:30:00+00:00,3331.84,3335.3,3331.69,3335.0,88.543,295114.64072
2025-07-17 15:00:00+00:00,3335.0,3338.75,3331.43,3337.8,278.053,927290.194
2025-07-17 15:30:00+00:00,3337.8,3338.58,3336.12,3336.95,70.842,236421.33377
2025-07-17 16:00:00+00:00,3336.95,3338.26,3336.05,3338.26,78.619,262325.18723
2025-07-17 16:30:00+00:00,3338.26,3338.89,3336.6,3338.03,59.712,199292.86515
2025-07-17 17:00:00+00:00,3338.03,3339.89,3338.03,3339.41,40.982,136843.40352
2025-07-17 17:30:00+00:00,3339.41,3339.6,3335.4,3336.9,44.544,148647.11172
2025-07-17 18:00:00+00:00,3336.9,3336.9,3335.2,3336.52,36.854,122930.17971
2025-07-17 18:30:00+00:00,3336.52,3337.2,3335.76,3337.15,11.724,39114.88791
2025-07-17 19:00:00+00:00,3337.15,3339.09,3337.15,3338.99,12.14,40527.55973
2025-07-17 19:30:00+00:00,3338.99,3339.8,3337.83,3337.84,20.459,68313.7707
2025-07-17 20:00:00+00:00,3337.84,3338.21,3337.61,3337.83,42.113,140573.19031
2025-07-17 20:30:00+00:00,3337.83,3337.84,3336.91,3336.92,32.571,108699.93844
2025-07-17 21:00:00+00:00,3336.92,3339.6,3334.4,3339.19,147.676,492683.34463
2025-07-17 21:30:00+00:00,3339.19,3340.67,3336.0,3337.38,129.751,433086.76708
2025-07-17 22:00:00+00:00,3337.38,3339.98,3336.38,3338.52,54.84,183086.48477
2025-07-17 22:30:00+00:00,3338.52,3344.0,3338.52,3343.02,67.812,226563.56689
2025-07-17 23:00:00+00:00,3343.02,3343.02,3339.0,3339.4,86.654,289481.7124
2025-07-17 23:30:00+00:00,3339.4,3340.3,3338.21,3338.22,23.817,79536.69873
2025-07-18 00:00:00+00:00,3338.22,3338.8,3337.85,3338.0,34.16,114034.74839
2025-07-18 00:30:00+00:00,3338.0,3338.0,3336.73,3337.24,42.458,141701.23248
2025-07-18 01:00:00+00:00,3337.24,3340.59,3335.27,3335.27,64.458,215084.74749
2025-07-18 01:30:00+00:00,3335.27,3337.66,3333.33,3336.43,52.345,174606.53152
2025-07-18 02:00:00+00:00,3336.43,3342.57,3336.4,3342.56,30.764,102773.87796
2025-07-18 02:30:00+00:00,3342.56,3342.56,3336.93,3337.04,8.398,28042.55429
2025-07-18 03:00:00+00:00,3337.04,3337.45,3334.4,3334.41,24.871,82967.67027
2025-07-18 03:30:00+00:00,3334.41,3335.69,3333.45,3334.44,24.867,82922.98798
2025-07-18 04:00:00+00:00,3334.44,3334.47,3334.2,3334.39,18.961,63222.44965
2025-07-18 04:30:00+00:00,3334.39,3335.8,3333.43,3335.8,10.765,35892.62098
2025-07-18 05:00:00+00:00,3335.8,3338.28,3335.79,3337.17,64.443,215075.41977
2025-07-18 05:30:00+00:00,3337.17,3337.17,3333.0,3333.12,39.881,132986.54214
2025-07-18 06:00:00+00:00,3333.12,3337.31,3331.7,3337.3,68.649,228898.73696
2025-07-18 06:30:00+00:00,3337.3,3340.23,3336.47,3340.23,143.708,479786.96172
2025-07-18 07:00:00+00:00,3340.23,3343.99,3339.84,3343.92,67.394,225252.40502
2025-07-18 07:30:00+00:00,3343.92,3347.2,3342.89,3347.19,174.09,582461.96121
2025-07-18 08:00:00+00:00,3347.19,3347.2,3343.89,3345.79,95.317,318904.00855
2025-07-18 08:30:00+00:00,3345.79,3346.82,3345.0,3345.2,52.425,175400.96916
2025-07-18 09:00:00+00:00,3345.2,3351.89,3345.2,3349.67,116.997,391907.03653
2025-07-18 09:30:00+00:00,3349.67,3351.64,3348.91,3350.61,86.229,288922.43792
2025-07-18 10:00:00+00:00,3350.61,3350.61,3346.29,3348.69,63.302,211944.66236
2025-07-18 10:30:00+00:00,3348.69,3350.76,3348.69,3349.07,53.256,178420.87243
2025-07-18 11:00:00+00:00,3349.07,3351.82,3349.07,3351.47,29.7,99527.08072
2025-07-18 11:30:00+00:00,3351.47,3354.6,3351.46,3352.8,85.284,285959.57071
2025-07-18 12:00:00+00:00,3352.8,3358.0,3352.79,3357.15,124.501,417819.41928
2025-07-18 12:30:00+00:00,3357.15,3360.85,3356.82,3359.09,207.169,695847.12244
2025-07-18 13:00:00+00:00,3359.09,3359.09,3356.01,3358.22,157.768,529706.3612
2025-07-18 13:30:00+00:00,3358.22,3358.4,3352.01,3355.8,103.238,346378.97629
2025-07-18 14:00:00+00:00,3355.8,3357.2,3351.27,3353.0,128.314,430319.13068
2025-07-18 14:30:00+00:00,3353.0,3354.01,3351.89,3351.89,190.669,639338.86777
2025-07-18 15:00:00+00:00,3351.89,3352.39,3350.41,3350.76,99.388,333027.39317
2025-07-18 15:30:00+00:00,3350.76,3352.4,3349.8,3351.82,72.752,243806.81551
2025-07-18 16:00:00+00:00,3351.82,3352.2,3350.44,3351.8,9.757,32700.33356
2025-07-18 16:30:00+00:00,3351.8,3354.46,3351.4,3351.61,33.366,111880.95367
2025-07-18 17:00:00+00:00,3351.61,3352.0,3350.09,3350.3,19.686,65974.88557
2025-07-18 17:30:00+00:00,3350.3,3352.33,3350.25,3350.89,11.834,39651.80051
2025-07-18 18:00:00+00:00,3350.89,3350.98,3349.86,3349.99,15.517,51986.99315
2025-07-18 18:30:00+00:00,3349.99,3350.0,3349.99,3349.99,2.692,9018.18713
2025-07-18 19:00:00+00:00,3349.99,3353.95,3349.88,3350.52,44.806,150149.47573
2025-07-18 19:30:00+00:00,3350.52,3350.52,3346.0,3346.2,68.758,230215.01806
2025-07-18 20:00:00+00:00,3346.2,3349.0,3346.14,3348.2,29.123,97476.31739
2025-07-18 20:30:00+00:00,3348.2,3348.51,3347.17,3348.51,30.105,100778.78851
2025-07-18 21:00:00+00:00,3348.51,3348.53,3348.5,3348.52,3.216,10768.80679
2025-07-18 21:30:00+00:00,3348.52,3348.52,3348.51,3348.52,13.604,45553.14164
2025-07-18 22:00:00+00:00,3348.52,3348.88,3348.51,3348.88,14.185,47499.12269
2025-07-18 22:30:00+00:00,3348.88,3348.88,3348.07,3348.2,18.475,61863.66752
2025-07-18 23:00:00+00:00,3348.2,3348.25,3347.82,3348.16,15.029,50319.94372
2025-07-18 23:30:00+00:00,3348.16,3348.2,3344.01,3345.19,37.244,124630.75727
2025-07-19 00:00:00+00:00,3345.19,3347.55,3345.19,3345.4,14.696,49167.87956
2025-07-19 00:30:00+00:00,3345.4,3345.4,3345.2,3345.4,3.228,10798.90789
2025-07-19 01:00:00+00:00,3345.4,3345.4,3344.61,3345.01,12.252,40981.80008
2025-07-19 01:30:00+00:00,3345.01,3345.07,3345.0,3345.02,2.316,7747.06204
2025-07-19 02:00:00+00:00,3345.02,3345.03,3345.0,3345.01,3.423,11450.01683
2025-07-19 02:30:00+00:00,3345.01,3345.01,3345.0,3345.01,4.918,16450.73233
2025-07-19 03:00:00+00:00,3345.01,3348.58,3345.0,3345.39,13.514,45216.80466
2025-07-19 03:30:00+00:00,3345.39,3346.68,3345.39,3346.68,8.306,27791.03519
2025-07-19 04:00:00+00:00,3346.68,3346.8,3346.67,3346.78,3.602,12054.97023
2025-07-19 04:30:00+00:00,3346.78,3346.79,3346.78,3346.79,4.709,15760.02274
2025-07-19 05:00:00+00:00,3346.79,3347.19,3346.79,3347.19,7.636,25557.7716
2025-07-19 05:30:00+00:00,3347.19,3350.49,3347.19,3350.49,15.41,51615.42237
2025-07-19 06:00:00+00:00,3350.49,3350.55,3350.48,3350.55,7.817,26190.77152
2025-07-19 06:30:00+00:00,3350.55,3350.59,3350.2,3350.27,9.04,30286.89568
2025-07-19 07:00:00+00:00,3350.27,3350.39,3350.27,3350.39,6.598,22105.7141
2025-07-19 07:30:00+00:00,3350.39,3350.39,3350.38,3350.38,6.435,21559.74289
2025-07-19 08:00:00+00:00,3350.38,3350.39,3350.38,3350.39,3.953,13244.08812
2025-07-19 08:30:00+00:00,3350.39,3350.39,3350.38,3350.39,6.578,22038.84706
2025-07-19 09:00:00+00:00,3350.39,3350.39,3350.38,3350.39,3.806,12751.5824
2025-07-19 09:30:00+00:00,3350.39,3350.39,3350.38,3350.39,2.673,8955.58822
2025-07-19 10:00:00+00:00,3350.39,3350.39,3350.38,3350.38,5.641,18899.52918
2025-07-19 10:30:00+00:00,3350.38,3350.39,3346.01,3348.19,39.077,130847.57797
2025-07-19 11:00:00+00:00,3348.19,3348.2,3348.15,3348.16,8.379,28054.47
2025-07-19 11:30:00+00:00,3348.16,3348.16,3348.15,3348.15,3.727,12478.57488
2025-07-19 12:00:00+00:00,3348.15,3348.4,3348.15,3348.21,8.635,28911.92081
2025-07-19 12:30:00+00:00,3348.21,3348.22,3348.21,3348.22,5.815,19469.88533
2025-07-19 13:00:00+00:00,3348.22,3348.27,3348.21,3348.22,6.619,22161.89874
2025-07-19 13:30:00+00:00,3348.22,3348.22,3348.2,3348.21,6.091,20393.94499
2025-07-19 14:00:00+00:00,3348.21,3348.21,3348.2,3348.21,4.683,15679.66433
2025-07-19 14:30:00+00:00,3348.21,3348.6,3348.2,3348.59,14.39,48182.73183
2025-07-19 15:00:00+00:00,3348.59,3348.6,3348.59,3348.59,7.663,25660.2989
2025-07-19 15:30:00+00:00,3348.59,3348.6,3348.59,3348.59,2.608,8733.14856
2025-07-19 16:00:00+00:00,3348.59,3348.6,3348.59,3348.6,3.822,12798.3411
2025-07-19 16:30:00+00:00,3348.6,3350.74,3348.59,3350.59,14.363,48101.60672
2025-07-19 17:00:00+00:00,3350.59,3351.18,3350.59,3351.18,31.273,104793.85571
2025-07-19 17:30:00+00:00,3351.18,3351.3,3351.18,3351.22,15.092,50577.04861
2025-07-19 18:00:00+00:00,3351.22,3351.3,3351.21,3351.3,2.344,7855.35541
2025-07-19 18:30:00+00:00,3351.3,3351.45,3351.29,3351.45,2.892,9692.11134
2025-07-19 19:00:00+00:00,3351.45,3351.91,3351.44,3351.9,3.621,12136.85935
2025-07-19 19:30:00+00:00,3351.9,3351.9,3351.89,3351.9,3.134,10504.84745
2025-07-19 20:00:00+00:00,3351.9,3351.9,3351.89,3351.9,10.638,35657.51209
2025-07-19 20:30:00+00:00,3351.9,3351.9,3351.89,3351.9,1.973,6613.29604
2025-07-19 21:00:00+00:00,3351.9,3351.91,3351.89,3351.91,3.241,10863.50793
2025-07-19 21:30:00+00:00,3351.91,3351.98,3351.9,3351.97,11.667,39106.79053
2025-07-19 22:00:00+00:00,3351.97,3351.98,3351.97,3351.98,7.194,24114.08766
2025-07-19 22:30:00+00:00,3351.98,3351.98,3351.95,3351.95,7.82,26212.35156
2025-07-19 23:00:00+00:00,3351.95,3351.96,3351.95,3351.96,2.37,7944.13918
2025-07-19 23:30:00+00:00,3351.96,3351.96,3351.95,3351.95,4.915,16474.88325
2025-07-20 00:00:00+00:00,3351.95,3351.96,3351.95,3351.95,2.487,8336.32347
2025-07-20 00:30:00+00:00,3351.95,3352.0,3351.95,3352.0,2.656,8902.88378
2025-07-20 01:00:00+00:00,3352.0,3352.0,3351.99,3352.0,2.343,7853.73273
2025-07-20 01:30:00+00:00,3352.0,3352.0,3351.99,3352.0,2.801,9388.95103
2025-07-20 02:00:00+00:00,3352.0,3352.6,3350.67,3352.6,18.825,63106.51194
2025-07-20 02:30:00+00:00,3352.6,3352.67,3352.59,3352.67,6.136,20571.79599
2025-07-20 03:00:00+00:00,3352.67,3352.69,3352.66,3352.69,7.433,24920.38845
2025-07-20 03:30:00+00:00,3352.69,3352.76,3352.69,3352.76,4.369,14648.03874
2025-07-20 04:00:00+00:00,3352.76,3352.8,3352.76,3352.8,2.335,7828.75799
2025-07-20 04:30:00+00:00,3352.8,3352.85,3352.8,3352.85,2.418,8107.176
2025-07-20 05:00:00+00:00,3352.85,3352.86,3352.85,3352.86,6.837,22923.45344
2025-07-20 05:30:00+00:00,3352.86,3352.86,3352.84,3352.85,6.629,22226.03226
2025-07-20 06:00:00+00:00,3352.85,3352.85,3352.84,3352.84,11.177,37474.73129
2025-07-20 06:30:00+00:00,3352.84,3352.86,3352.24,3352.25,20.851,69905.16664
2025-07-20 07:00:00+00:00,3352.25,3352.28,3352.25,3352.28,3.063,10267.95626
2025-07-20 07:30:00+00:00,3352.28,3352.28,3352.25,3352.26,6.302,21125.92731
2025-07-20 08:00:00+00:00,3352.26,3352.27,3352.25,3352.27,8.433,28269.63427
2025-07-20 08:30:00+00:00,3352.27,3352.27,3352.21,3352.27,9.84,32986.16906
2025-07-20 09:00:00+00:00,3352.27,3352.27,3348.32,3349.16,21.233,71143.84583
2025-07-20 09:30:00+00:00,3349.16,3349.36,3349.15,3349.31,5.819,19489.5046
2025-07-20 10:00:00+00:00,3349.31,3349.32,3349.31,3349.32,11.737,39310.86437
2025-07-20 10:30:00+00:00,3349.32,3349.38,3349.31,3349.37,6.691,22410.33263
2025-07-20 11:00:00+00:00,3349.37,3349.38,3349.37,3349.38,1.496,5010.66147
2025-07-20 11:30:00+00:00,3349.38,3350.2,3349.37,3350.19,9.051,30316.85828
2025-07-20 12:00:00+00:00,3350.19,3350.38,3349.8,3350.36,7.261,24326.06767
2025-07-20 12:30:00+00:00,3350.36,3350.37,3349.6,3349.97,4.17,13969.06665
2025-07-20 13:00:00+00:00,3349.97,3350.12,3349.96,3350.11,4.476,14994.53488
2025-07-20 13:30:00+00:00,3350.11,3350.11,3350.09,3350.11,11.747,39353.65992
2025-07-20 14:00:00+00:00,3350.11,3350.23,3350.1,3350.23,19.587,65619.07979
2025-07-20 14:30:00+00:00,3350.23,3350.27,3349.53,3349.54,18.581,62245.40129
2025-07-20 15:00:00+00:00,3349.54,3349.79,3349.54,3349.79,5.41,18122.1812
2025-07-20 15:30:00+00:00,3349.79,3349.79,3349.1,3349.6,17.597,58944.39734
2025-07-20 16:00:00+00:00,3349.6,3354.05,3349.59,3354.03,50.705,169976.7718
2025-07-20 16:30:00+00:00,3354.03,3354.04,3352.39,3352.39,25.298,84838.19986
2025-07-20 17:00:00+00:00,3352.39,3352.39,3349.6,3349.61,15.377,51528.64988
2025-07-20 17:30:00+00:00,3349.61,3349.61,3349.5,3349.51,6.805,22793.71375
2025-07-20 18:00:00+00:00,3349.51,3349.51,3348.9,3349.09,11.442,38320.85315
2025-07-20 18:30:00+00:00,3349.09,3349.2,3349.09,3349.19,3.145,10533.04583
2025-07-20 19:00:00+00:00,3349.19,3349.19,3349.18,3349.19,3.675,12308.26559
2025-07-20 19:30:00+00:00,3349.19,3349.19,3349.17,3349.17,4.062,13604.35665
2025-07-20 20:00:00+00:00,3349.17,3349.18,3348.03,3348.03,9.29,31109.693
2025-07-20 20:30:00+00:00,3348.03,3348.2,3348.03,3348.19,3.741,12525.27862
2025-07-20 21:00:00+00:00,3348.19,3348.19,3348.0,3348.1,4.249,14226.27527
2025-07-20 21:30:00+00:00,3348.1,3348.1,3345.9,3347.46,39.595,132529.84949
2025-07-20 22:00:00+00:00,3347.46,3348.09,3345.21,3346.01,77.075,257940.24095
2025-07-20 22:30:00+00:00,3346.01,3346.01,3345.92,3345.92,5.952,19915.19574
2025-07-20 23:00:00+00:00,3345.92,3346.59,3345.21,3345.22,22.321,74690.3929
2025-07-20 23:30:00+00:00,3345.22,3347.05,3344.29,3347.05,32.582,108990.6936
2025-07-21 00:00:00+00:00,3347.05,3348.39,3347.04,3348.39,41.17,137824.26235
2025-07-21 00:30:00+00:00,3348.39,3351.88,3348.39,3351.69,38.705,129701.29519
2025-07-21 01:00:00+00:00,3351.69,3355.0,3351.26,3354.96,45.044,151040.28916
2025-07-21 01:30:00+00:00,3354.96,3355.2,3353.61,3354.6,17.746,59533.46097
2025-07-21 02:00:00+00:00,3354.6,3355.95,3352.99,3353.95,50.573,169636.83333
2025-07-21 02:30:00+00:00,3353.95,3354.19,3351.01,3352.1,18.854,63219.88528
2025-07-21 03:00:00+00:00,3352.1,3353.86,3352.0,3353.81,31.079,104196.75749
2025-07-21 03:30:00+00:00,3353.81,3353.81,3350.95,3350.99,36.256,121514.62922
2025-07-21 04:00:00+00:00,3350.99,3352.39,3348.9,3352.39,35.537,119058.09758
2025-07-21 04:30:00+00:00,3352.39,3355.89,3352.27,3355.79,27.71,92957.67668
2025-07-21 05:00:00+00:00,3355.79,3364.43,3355.78,3364.15,139.081,467368.78166
2025-07-21 05:30:00+00:00,3364.15,3364.7,3362.8,3363.71,56.031,188491.4091
2025-07-21 06:00:00+00:00,3363.71,3365.0,3363.46,3364.99,44.175,148603.95642
2025-07-21 06:30:00+00:00,3364.99,3366.08,3364.81,3364.81,65.021,218833.723
2025-07-21 07:00:00+00:00,3364.81,3365.59,3363.21,3363.59,50.871,171152.78898
2025-07-21 07:30:00+00:00,3363.59,3364.46,3361.6,3361.6,31.992,107580.07707
2025-07-21 08:00:00+00:00,3361.6,3361.93,3359.69,3361.42,33.376,112166.35497
2025-07-21 08:30:00+00:00,3361.42,3362.4,3361.4,3362.21,23.199,77991.83237
2025-07-21 09:00:00+00:00,3362.21,3362.59,3362.02,3362.57,14.851,49933.11514
2025-07-21 09:30:00+00:00,3362.57,3362.57,3360.46,3362.32,29.362,98693.81573
2025-07-21 10:00:00+00:00,3362.32,3363.4,3362.32,3362.61,28.607,96208.00839
2025-07-21 10:30:00+00:00,3362.61,3362.62,3360.2,3362.19,25.73,86488.54982
2025-07-21 11:00:00+00:00,3362.19,3368.3,3362.19,3368.3,50.358,169481.69107
2025-07-21 11:30:00+00:00,3368.3,3370.2,3367.46,3369.28,145.878,491430.50169
2025-07-21 12:00:00+00:00,3369.28,3378.58,3369.27,3377.89,218.687,737728.31048
2025-07-21 12:30:00+00:00,3377.89,3382.86,3377.89,3382.31,144.806,489515.06115
2025-07-21 13:00:00+00:00,3382.31,3383.0,3381.19,3382.42,85.447,289011.07025
2025-07-21 13:30:00+00:00,3382.42,3389.17,3380.27,3383.58,231.761,784481.20117
2025-07-21 14:00:00+00:00,3383.58,3392.19,3383.26,3392.06,238.168,807065.03011
2025-07-21 14:30:00+00:00,3392.06,3393.94,3391.34,3393.4,230.453,781869.71458
2025-07-21 15:00:00+00:00,3393.4,3394.48,3391.2,3394.2,78.94,267885.96515
2025-07-21 15:30:00+00:00,3394.2,3394.2,3392.04,3393.08,41.471,140715.09567
2025-07-21 16:00:00+00:00,3393.08,3393.47,3392.31,3393.3,65.865,223475.55574
2025-07-21 16:30:00+00:00,3393.3,3393.3,3388.58,3389.05,67.632,229299.24991
2025-07-21 17:00:00+00:00,3389.05,3389.08,3386.34,3386.34,34.861,118085.40644
2025-07-21 17:30:00+00:00,3386.34,3387.66,3386.15,3387.61,37.906,128378.96771
2025-07-21 18:00:00+00:00,3387.61,3391.22,3387.61,3390.21,76.02,257730.90806
2025-07-21 18:30:00+00:00,3390.21,3390.21,3389.0,3389.88,27.852,94404.96416
2025-07-21 19:00:00+00:00,3389.88,3392.75,3389.87,3392.75,28.603,97003.16718
2025-07-21 19:30:00+00:00,3392.75,3394.15,3392.74,3394.15,73.651,249966.7279
2025-07-21 20:00:00+00:00,3394.15,3394.15,3393.61,3393.61,36.045,122337.94046
2025-07-21 20:30:00+00:00,3393.61,3393.61,3392.66,3392.8,16.29,55271.21475
2025-07-21 21:00:00+00:00,3392.8,3392.8,3389.16,3389.16,10.06,34113.61436
2025-07-21 21:30:00+00:00,3389.16,3390.6,3387.32,3390.6,17.176,58194.08818
2025-07-21 22:00:00+00:00,3390.6,3394.74,3388.28,3394.0,73.535,249472.86333
2025-07-21 22:30:00+00:00,3394.0,3394.8,3393.99,3394.8,4.513,15319.54004
2025-07-21 23:00:00+00:00,3394.8,3395.15,3394.79,3395.15,18.121,61520.48723
2025-07-21 23:30:00+00:00,3395.15,3395.7,3388.75,3390.4,79.968,271198.20753
2025-07-22 00:00:00+00:00,3390.4,3390.41,3386.76,3389.23,48.404,164008.71752
2025-07-22 00:30:00+00:00,3389.23,3391.18,3388.37,3388.37,25.776,87378.37002
2025-07-22 01:00:00+00:00,3388.37,3388.8,3384.57,3385.8,82.02,277771.3349
2025-07-22 01:30:00+00:00,3385.8,3386.0,3381.9,3381.91,105.926,358438.66982
2025-07-22 02:00:00+00:00,3381.91,3384.84,3381.81,3384.84,55.262,186960.81402
2025-07-22 02:30:00+00:00,3384.84,3385.44,3383.6,3385.43,34.131,115514.50526
2025-07-22 03:00:00+00:00,3385.43,3385.57,3384.9,3384.91,57.295,193970.0181
2025-07-22 03:30:00+00:00,3384.91,3387.2,3384.9,3387.2,45.747,154894.42372
2025-07-22 04:00:00+00:00,3387.2,3387.2,3384.6,3384.67,35.847,121360.77451
2025-07-22 04:30:00+00:00,3384.67,3385.3,3384.05,3384.63,105.741,357889.74327
2025-07-22 05:00:00+00:00,3384.63,3385.01,3382.81,3382.81,69.986,236856.76885
2025-07-22 05:30:00+00:00,3382.81,3383.2,3380.47,3380.53,41.626,140776.08066
2025-07-22 06:00:00+00:00,3380.53,3381.58,3380.25,3380.6,55.285,186913.49254
2025-07-22 06:30:00+00:00,3380.6,3380.88,3380.6,3380.81,21.405,72364.56113
2025-07-22 07:00:00+00:00,3380.81,3380.81,3376.67,3379.4,120.857,408349.4011
2025-07-22 07:30:00+00:00,3379.4,3383.19,3379.2,3383.19,128.117,433152.72789
2025-07-22 08:00:00+00:00,3383.19,3384.45,3382.53,3384.4,105.936,358437.5161
2025-07-22 08:30:00+00:00,3384.4,3384.78,3384.13,3384.41,67.431,228206.26829
2025-07-22 09:00:00+00:00,3384.41,3384.6,3382.48,3382.49,100.595,340410.32402
2025-07-22 09:30:00+00:00,3382.49,3382.49,3381.25,3381.6,25.731,87023.17403
2025-07-22 10:00:00+00:00,3381.6,3382.6,3381.31,3382.6,62.588,211652.33377
2025-07-22 10:30:00+00:00,3382.6,3382.6,3382.48,3382.6,6.824,23082.68908
2025-07-22 11:00:00+00:00,3382.6,3385.6,3382.6,3384.99,291.679,987089.47262
2025-07-22 11:30:00+00:00,3384.99,3388.0,3384.79,3387.77,91.558,310003.91102
2025-07-22 12:00:00+00:00,3387.77,3395.89,3387.77,3395.84,273.434,927605.81521
2025-07-22 12:30:00+00:00,3395.84,3400.0,3395.04,3400.0,189.459,643810.64332
2025-07-22 13:00:00+00:00,3400.0,3409.0,3399.99,3408.99,205.005,698173.07934
2025-07-22 13:30:00+00:00,3408.99,3413.41,3406.7,3406.71,197.58,673900.62017
2025-07-22 14:00:00+00:00,3406.71,3415.17,3400.05,3415.17,243.912,830874.22705
2025-07-22 14:30:00+00:00,3415.17,3421.8,3415.09,3421.2,351.211,1200702.10599
2025-07-22 15:00:00+00:00,3421.2,3424.67,3419.79,3421.0,166.406,569443.86745
2025-07-22 15:30:00+00:00,3421.0,3421.0,3419.21,3419.58,71.501,244523.4459
2025-07-22 16:00:00+00:00,3419.58,3422.6,3419.0,3422.19,101.712,347916.42144
2025-07-22 16:30:00+00:00,3422.19,3424.94,3421.41,3424.94,46.848,160380.55008
2025-07-22 17:00:00+00:00,3424.94,3426.49,3421.44,3422.61,99.448,340511.68359
2025-07-22 17:30:00+00:00,3422.61,3422.61,3421.2,3421.99,36.597,125229.14656
2025-07-22 18:00:00+00:00,3421.99,3423.18,3421.81,3423.18,26.868,91958.37893
2025-07-22 18:30:00+00:00,3423.18,3423.18,3421.73,3422.76,30.144,103163.59416
2025-07-22 19:00:00+00:00,3422.76,3423.98,3422.45,3423.97,26.889,92039.80674
2025-07-22 19:30:00+00:00,3423.97,3424.14,3423.89,3424.14,41.08,140656.1265
2025-07-22 20:00:00+00:00,3424.14,3424.81,3424.01,3424.02,13.864,47476.43581
2025-07-22 20:30:00+00:00,3424.02,3424.03,3421.78,3422.67,55.842,191117.08551
2025-07-22 21:00:00+00:00,3422.67,3424.36,3422.6,3424.3,12.559,42995.67645
2025-07-22 21:30:00+00:00,3424.3,3424.38,3424.13,3424.37,8.418,28825.06229
2025-07-22 22:00:00+00:00,3424.37,3424.4,3420.98,3421.03,64.201,219738.06717
2025-07-22 22:30:00+00:00,3421.03,3421.03,3419.7,3420.2,38.822,132770.62444
2025-07-22 23:00:00+00:00,3420.2,3424.92,3420.19,3422.21,80.172,274469.52692
2025-07-22 23:30:00+00:00,3422.21,3422.79,3420.1,3420.13,39.625,135571.08662
2025-07-23 00:00:00+00:00,3420.13,3429.52,3420.13,3426.3,115.475,395556.69558
2025-07-23 00:30:00+00:00,3426.3,3426.3,3422.49,3422.83,44.781,153339.1291
2025-07-23 01:00:00+00:00,3422.83,3422.83,3416.3,3417.79,71.743,245285.27409
2025-07-23 01:30:00+00:00,3417.79,3418.36,3413.23,3414.23,147.762,504608.06272
2025-07-23 02:00:00+00:00,3414.23,3414.6,3412.86,3413.83,39.562,135064.3541
2025-07-23 02:30:00+00:00,3413.83,3416.43,3412.04,3416.2,78.748,268914.01281
2025-07-23 03:00:00+00:00,3416.2,3419.0,3415.27,3418.99,119.708,408997.2521
2025-07-23 03:30:00+00:00,3418.99,3420.0,3415.1,3415.8,78.89,269643.79218
2025-07-23 04:00:00+00:00,3415.8,3418.45,3415.09,3416.59,102.076,348803.95481
2025-07-23 04:30:00+00:00,3416.59,3416.8,3416.16,3416.17,13.159,44959.59844
2025-07-23 05:00:00+00:00,3416.17,3416.17,3414.8,3414.8,16.598,56690.33107
2025-07-23 05:30:00+00:00,3414.8,3414.81,3410.67,3413.0,55.317,188756.92454
2025-07-23 06:00:00+00:00,3413.0,3416.8,3412.99,3416.19,32.668,111567.49293
2025-07-23 06:30:00+00:00,3416.19,3417.2,3414.03,3417.19,49.617,169467.16165
2025-07-23 07:00:00+00:00,3417.19,3422.45,3417.19,3421.21,115.538,395249.74191
2025-07-23 07:30:00+00:00,3421.21,3421.22,3415.01,3415.14,54.582,186576.87179
2025-07-23 08:00:00+00:00,3415.14,3420.47,3415.13,3419.56,74.572,254904.71097
2025-07-23 08:30:00+00:00,3419.56,3421.21,3419.12,3421.21,52.107,178197.37332
2025-07-23 09:00:00+00:00,3421.21,3425.79,3421.21,3425.6,120.295,411831.53014
2025-07-23 09:30:00+00:00,3425.6,3427.51,3424.25,3426.4,245.687,841686.60341
2025-07-23 10:00:00+00:00,3426.4,3426.45,3418.37,3418.37,85.601,292917.75528
2025-07-23 10:30:00+00:00,3418.37,3418.58,3417.75,3417.84,30.087,102837.23824
2025-07-23 11:00:00+00:00,3417.84,3419.17,3417.06,3419.17,101.0,345205.81271
2025-07-23 11:30:00+00:00,3419.17,3423.89,3419.17,3423.81,26.988,92356.97146
2025-07-23 12:00:00+00:00,3423.81,3423.82,3419.45,3419.82,64.885,222061.56786
2025-07-23 12:30:00+00:00,3419.82,3420.56,3415.0,3415.55,121.496,415172.4727
2025-07-23 13:00:00+00:00,3415.55,3415.55,3404.0,3404.01,313.231,1067872.50823
2025-07-23 13:30:00+00:00,3404.01,3407.0,3401.15,3407.0,214.119,728901.59977
2025-07-23 14:00:00+00:00,3407.0,3413.1,3406.4,3406.66,178.7,609233.72761
2025-07-23 14:30:00+00:00,3406.66,3411.53,3405.81,3407.58,217.854,742689.58196
2025-07-23 15:00:00+00:00,3407.58,3409.78,3405.49,3408.2,77.61,264507.14672
2025-07-23 15:30:00+00:00,3408.2,3408.2,3393.5,3393.5,425.381,1446502.72338
2025-07-23 16:00:00+00:00,3393.5,3393.59,3380.27,3381.6,489.38,1656113.99191
2025-07-23 16:30:00+00:00,3381.6,3387.5,3380.0,3383.81,116.193,393214.19568
2025-07-23 17:00:00+00:00,3383.81,3386.6,3383.4,3385.48,89.698,303655.76491
2025-07-23 17:30:00+00:00,3385.48,3389.0,3383.41,3389.0,145.124,491270.65151
2025-07-23 18:00:00+00:00,3389.0,3391.51,3388.58,3391.44,52.383,177571.62328
2025-07-23 18:30:00+00:00,3391.44,3391.52,3390.81,3391.01,21.868,74158.86055
2025-07-23 19:00:00+00:00,3391.01,3392.6,3389.4,3389.43,96.607,327706.60011
2025-07-23 19:30:00+00:00,3389.43,3389.44,3387.15,3387.61,34.123,115614.65279
2025-07-23 20:00:00+00:00,3387.61,3387.92,3386.75,3387.22,33.966,115052.7778
2025-07-23 20:30:00+00:00,3387.22,3388.14,3384.03,3384.04,87.455,296186.64443
2025-07-23 21:00:00+00:00,3384.04,3385.8,3381.41,3381.5,40.491,137004.88857
2025-07-23 21:30:00+00:00,3381.5,3387.6,3381.5,3387.6,33.631,113849.79245
2025-07-23 22:00:00+00:00,3387.6,3388.62,3387.05,3387.06,62.259,210940.5572
2025-07-23 22:30:00+00:00,3387.06,3387.06,3385.97,3385.98,9.843,33333.77397
2025-07-23 23:00:00+00:00,3385.98,3387.8,3385.62,3387.72,274.736,930483.19589
2025-07-23 23:30:00+00:00,3387.72,3388.27,3387.19,3388.24,23.382,79213.15212
2025-07-24 00:00:00+00:00,3388.24,3390.09,3387.19,3387.2,62.862,213028.91972
2025-07-24 00:30:00+00:00,3387.2,3389.78,3387.2,3389.77,32.906,111493.18335
2025-07-24 01:00:00+00:00,3389.77,3390.0,3383.34,3386.94,131.642,445808.22846
2025-07-24 01:30:00+00:00,3386.94,3387.29,3384.56,3385.5,55.398,187580.85741
2025-07-24 02:00:00+00:00,3385.5,3385.63,3377.08,3384.36,299.619,1012645.14366
2025-07-24 02:30:00+00:00,3384.36,3384.57,3380.95,3381.7,43.748,147953.55996
2025-07-24 03:00:00+00:00,3381.7,3381.7,3373.08,3375.84,113.552,383297.92252
2025-07-24 03:30:00+00:00,3375.84,3381.0,3375.84,3379.56,50.453,170418.45645
2025-07-24 04:00:00+00:00,3379.56,3380.0,3379.2,3379.59,37.234,125829.60246
2025-07-24 04:30:00+00:00,3379.59,3379.6,3376.41,3377.32,50.629,171026.24677
2025-07-24 05:00:00+00:00,3377.32,3377.33,3373.62,3374.46,79.113,266978.04833
2025-07-24 05:30:00+00:00,3374.46,3375.0,3371.5,3373.2,90.203,304311.49639
2025-07-24 06:00:00+00:00,3373.2,3373.2,3368.66,3368.66,179.749,605953.58886
2025-07-24 06:30:00+00:00,3368.66,3371.43,3367.2,3371.33,130.645,440302.99438
2025-07-24 07:00:00+00:00,3371.33,3372.91,3369.82,3372.91,80.747,272250.07901
2025-07-24 07:30:00+00:00,3372.91,3373.0,3364.19,3365.06,113.987,384024.82734
2025-07-24 08:00:00+00:00,3365.06,3369.83,3364.0,3369.83,125.265,421687.22636
2025-07-24 08:30:00+00:00,3369.83,3371.13,3368.08,3368.09,63.362,213525.50545
2025-07-24 09:00:00+00:00,3368.09,3368.09,3361.42,3361.6,95.455,321099.3701
2025-07-24 09:30:00+00:00,3361.6,3361.8,3361.31,3361.41,45.865,154176.25412
2025-07-24 10:00:00+00:00,3361.41,3361.8,3361.24,3361.8,59.654,200519.04447
2025-07-24 10:30:00+00:00,3361.8,3363.6,3361.79,3362.8,63.403,213220.09616
2025-07-24 11:00:00+00:00,3362.8,3363.6,3362.6,3362.6,103.994,349767.5144
2025-07-24 11:30:00+00:00,3362.6,3363.99,3361.5,3362.39,73.654,247653.63942
2025-07-24 12:00:00+00:00,3362.39,3362.39,3356.5,3361.77,163.582,549534.69232
2025-07-24 12:30:00+00:00,3361.77,3362.6,3354.0,3354.03,186.583,626381.40423
2025-07-24 13:00:00+00:00,3354.03,3361.53,3353.0,3360.31,300.835,1009787.00599
2025-07-24 13:30:00+00:00,3360.31,3373.15,3360.21,3368.41,367.461,1236879.60997
2025-07-24 14:00:00+00:00,3368.41,3374.93,3368.01,3374.4,113.121,381419.96719
2025-07-24 14:30:00+00:00,3374.4,3375.7,3373.71,3373.8,169.934,573551.73576
2025-07-24 15:00:00+00:00,3373.8,3373.87,3371.9,3373.46,180.865,610015.77248
2025-07-24 15:30:00+00:00,3373.46,3373.52,3372.21,3372.52,52.449,176902.33247
2025-07-24 16:00:00+00:00,3372.52,3372.53,3370.8,3370.8,56.826,191614.94976
2025-07-24 16:30:00+00:00,3370.8,3370.8,3364.6,3366.05,264.838,891744.4039
2025-07-24 17:00:00+00:00,3366.05,3369.11,3363.34,3369.11,246.703,830109.93882
2025-07-24 17:30:00+00:00,3369.11,3369.8,3368.89,3368.89,56.349,189867.97724
2025-07-24 18:00:00+00:00,3368.89,3368.89,3367.21,3367.56,32.36,108980.8088
2025-07-24 18:30:00+00:00,3367.56,3370.82,3367.56,3370.82,64.325,216718.96896
2025-07-24 19:00:00+00:00,3370.82,3370.98,3370.81,3370.89,16.422,55356.33288
2025-07-24 19:30:00+00:00,3370.89,3370.93,3370.16,3370.16,41.281,139141.9308
2025-07-24 20:00:00+00:00,3370.16,3370.16,3368.8,3368.81,28.301,95365.76374
2025-07-24 20:30:00+00:00,3368.81,3368.81,3365.77,3365.8,44.337,149261.01519
2025-07-24 21:00:00+00:00,3365.8,3365.8,3365.71,3365.72,7.866,26475.06741
2025-07-24 21:30:00+00:00,3365.72,3365.73,3363.49,3363.49,18.738,63052.65404
2025-07-24 22:00:00+00:00,3363.49,3367.0,3363.44,3364.48,71.355,240118.44507
2025-07-24 22:30:00+00:00,3364.48,3366.9,3364.48,3366.9,10.895,36663.56074
2025-07-24 23:00:00+00:00,3366.9,3369.32,3366.4,3366.4,35.697,120223.68105
2025-07-24 23:30:00+00:00,3366.4,3366.98,3366.4,3366.61,23.423,78859.83605
2025-07-25 00:00:00+00:00,3366.61,3369.32,3366.6,3369.31,45.261,152397.37872
2025-07-25 00:30:00+00:00,3369.31,3369.89,3369.31,3369.89,12.087,40727.78699
2025-07-25 01:00:00+00:00,3369.89,3369.89,3364.92,3364.93,31.446,105918.45416
2025-07-25 01:30:00+00:00,3364.93,3368.76,3364.92,3368.76,32.575,109660.13533
2025-07-25 02:00:00+00:00,3368.76,3368.76,3363.34,3363.34,34.853,117309.54133
2025-07-25 02:30:00+00:00,3363.34,3363.35,3360.3,3360.6,86.513,290834.28833
2025-07-25 03:00:00+00:00,3360.6,3360.6,3359.0,3359.0,59.464,199764.08107
2025-07-25 03:30:00+00:00,3359.0,3359.01,3357.79,3358.1,57.444,192910.83733
2025-07-25 04:00:00+00:00,3358.1,3360.18,3357.12,3359.23,83.305,279808.83569
2025-07-25 04:30:00+00:00,3359.23,3360.2,3356.8,3360.19,133.73,449129.1783
2025-07-25 05:00:00+00:00,3360.19,3361.0,3358.0,3358.01,36.064,121175.38839
2025-07-25 05:30:00+00:00,3358.01,3358.01,3354.1,3356.3,74.24,249085.74921
2025-07-25 06:00:00+00:00,3356.3,3357.15,3354.1,3354.15,46.776,156957.31776
2025-07-25 06:30:00+00:00,3354.15,3355.98,3354.14,3355.97,78.45,263177.8772
2025-07-25 07:00:00+00:00,3355.97,3357.77,3355.8,3357.59,30.304,101717.66669
2025-07-25 07:30:00+00:00,3357.59,3357.59,3352.0,3352.39,151.848,509346.81205
2025-07-25 08:00:00+00:00,3352.39,3353.59,3345.79,3345.79,283.164,948540.51503
2025-07-25 08:30:00+00:00,3345.79,3348.85,3344.53,3346.5,170.707,571436.63167
2025-07-25 09:00:00+00:00,3346.5,3349.73,3344.57,3349.23,63.784,213502.37749
2025-07-25 09:30:00+00:00,3349.23,3349.23,3347.82,3347.93,46.687,156338.50799
2025-07-25 10:00:00+00:00,3347.93,3348.2,3346.41,3346.41,44.255,148149.29322
2025-07-25 10:30:00+00:00,3346.41,3346.8,3344.51,3344.52,68.135,227971.06095
2025-07-25 11:00:00+00:00,3344.52,3346.1,3343.0,3343.09,134.814,450928.03645
2025-07-25 11:30:00+00:00,3343.09,3344.8,3342.75,3343.71,60.922,203714.09313
2025-07-25 12:00:00+00:00,3343.71,3345.44,3343.4,3343.6,62.135,207782.14285
2025-07-25 12:30:00+00:00,3343.6,3343.6,3339.85,3342.13,113.144,378050.02371
2025-07-25 13:00:00+00:00,3342.13,3344.28,3340.4,3344.28,77.622,259400.06639
2025-07-25 13:30:00+00:00,3344.28,3349.33,3343.79,3347.0,117.553,393430.62273
2025-07-25 14:00:00+00:00,3347.0,3347.0,3337.2,3340.4,127.172,424896.64124
2025-07-25 14:30:00+00:00,3340.4,3340.41,3330.91,3331.34,779.114,2597657.71452
2025-07-25 15:00:00+00:00,3331.34,3335.72,3326.51,3332.2,272.348,906817.01359
2025-07-25 15:30:00+00:00,3332.2,3332.2,3327.5,3329.82,49.883,166099.55491
2025-07-25 16:00:00+00:00,3329.82,3332.4,3329.0,3331.61,36.645,122070.99271
2025-07-25 16:30:00+00:00,3331.61,3332.78,3329.41,3331.59,82.495,274772.88687
2025-07-25 17:00:00+00:00,3331.59,3336.74,3331.58,3336.74,30.315,101098.22425
2025-07-25 17:30:00+00:00,3336.74,3337.56,3336.6,3337.55,11.639,38838.23584
2025-07-25 18:00:00+00:00,3337.55,3340.0,3337.55,3339.99,25.052,83650.03658
2025-07-25 18:30:00+00:00,3339.99,3340.9,3339.99,3340.89,2.25,7516.16117
2025-07-25 19:00:00+00:00,3340.89,3341.0,3340.89,3340.9,16.645,55609.91313
2025-07-25 19:30:00+00:00,3340.9,3340.9,3339.96,3339.96,26.483,88462.52375
2025-07-25 20:00:00+00:00,3339.96,3339.97,3339.8,3339.82,8.618,28782.65733
2025-07-25 20:30:00+00:00,3339.82,3340.76,3336.85,3337.05,83.462,278634.23404
2025-07-25 21:00:00+00:00,3337.05,3340.76,3337.04,3340.76,62.441,208460.6814
2025-07-25 21:30:00+00:00,3340.76,3341.56,3336.07,3341.55,56.691,189266.10025
2025-07-25 22:00:00+00:00,3341.55,3343.56,3341.54,3342.84,39.387,131648.43885
2025-07-25 22:30:00+00:00,3342.84,3343.27,3342.8,3343.0,23.682,79173.01729
2025-07-25 23:00:00+00:00,3343.0,3355.67,3342.99,3349.74,606.163,2030387.49968
2025-07-25 23:30:00+00:00,3349.74,3349.86,3345.35,3346.78,244.559,818644.03334
2025-07-26 00:00:00+00:00,3346.78,3347.0,3344.11,3345.8,37.744,126277.79603
2025-07-26 00:30:00+00:00,3345.8,3348.58,3345.8,3346.6,26.107,87399.28727
2025-07-26 01:00:00+00:00,3346.6,3347.53,3346.09,3347.52,7.365,24647.51536
2025-07-26 01:30:00+00:00,3347.52,3348.0,3345.49,3345.5,12.903,43185.94169
2025-07-26 02:00:00+00:00,3345.5,3348.0,3345.49,3347.81,12.965,43388.09831
2025-07-26 02:30:00+00:00,3347.81,3347.81,3346.94,3347.71,16.889,56534.90184
2025-07-26 03:00:00+00:00,3347.71,3348.0,3347.03,3347.03,17.653,59092.30688
2025-07-26 03:30:00+00:00,3347.03,3347.32,3345.1,3345.1,12.505,41848.78587
2025-07-26 04:00:00+00:00,3345.1,3345.1,3343.6,3344.88,11.05,36953.37541
2025-07-26 04:30:00+00:00,3344.88,3345.16,3343.84,3344.19,3.467,11594.46474
2025-07-26 05:00:00+00:00,3344.19,3345.14,3344.07,3344.76,9.506,31794.82169
2025-07-26 05:30:00+00:00,3344.76,3345.34,3344.29,3345.33,16.653,55700.14254
2025-07-26 06:00:00+00:00,3345.33,3347.6,3345.0,3346.89,24.255,81152.8939
2025-07-26 06:30:00+00:00,3346.89,3346.9,3346.81,3346.81,3.928,13146.37943
2025-07-26 07:00:00+00:00,3346.81,3346.94,3346.8,3346.81,16.054,53730.45822
2025-07-26 07:30:00+00:00,3346.81,3346.88,3346.8,3346.81,14.911,49904.44066
2025-07-26 08:00:00+00:00,3346.81,3346.94,3346.8,3346.94,4.44,14860.36484
2025-07-26 08:30:00+00:00,3346.94,3346.96,3344.7,3344.91,15.609,52223.76876
2025-07-26 09:00:00+00:00,3344.91,3347.63,3344.9,3347.63,16.353,54718.3516
2025-07-26 09:30:00+00:00,3347.63,3349.03,3347.36,3347.36,15.091,50524.7895
2025-07-26 10:00:00+00:00,3347.36,3348.93,3347.24,3348.19,13.175,44105.26838
2025-07-26 10:30:00+00:00,3348.19,3348.32,3346.21,3346.22,11.984,40118.52035
2025-07-26 11:00:00+00:00,3346.22,3346.22,3346.08,3346.08,2.262,7569.01519
2025-07-26 11:30:00+00:00,3346.08,3346.09,3346.08,3346.08,0.289,967.01986
2025-07-26 12:00:00+00:00,3346.08,3346.08,3340.0,3342.38,97.655,326417.95885
2025-07-26 12:30:00+00:00,3342.38,3343.93,3342.32,3343.93,21.23,70962.17454
2025-07-26 13:00:00+00:00,3343.93,3344.0,3343.91,3343.99,5.833,19505.46407
2025-07-26 13:30:00+00:00,3343.99,3344.27,3343.98,3344.27,8.407,28113.40031
2025-07-26 14:00:00+00:00,3344.27,3344.61,3344.2,3344.61,8.297,27748.0079
2025-07-26 14:30:00+00:00,3344.61,3345.55,3344.6,3345.55,3.744,12523.60356
2025-07-26 15:00:00+00:00,3345.55,3345.55,3345.14,3345.14,2.187,7316.35337
2025-07-26 15:30:00+00:00,3345.14,3345.15,3345.14,3345.15,0.201,672.37512
2025-07-26 16:00:00+00:00,3345.15,3345.19,3345.15,3345.18,4.039,13511.13013
2025-07-26 16:30:00+00:00,3345.18,3345.2,3344.6,3344.61,12.422,41552.94474
2025-07-26 17:00:00+00:00,3344.61,3344.62,3344.6,3344.62,2.612,8736.10487
2025-07-26 17:30:00+00:00,3344.62,3344.87,3344.6,3344.63,9.995,33430.10101
2025-07-26 18:00:00+00:00,3344.63,3344.63,3343.8,3343.81,4.117,13767.73064
2025-07-26 18:30:00+00:00,3343.81,3345.16,3343.8,3345.16,10.421,34848.39721
2025-07-26 19:00:00+00:00,3345.16,3346.0,3341.13,3341.13,23.241,77716.69876
2025-07-26 19:30:00+00:00,3341.13,3344.8,3341.13,3344.8,3.076,10286.9138
2025-07-26 20:00:00+00:00,3344.8,3346.7,3344.79,3345.39,6.698,22406.73128
2025-07-26 20:30:00+00:00,3345.39,3345.69,3345.39,3345.69,2.179,7289.91446
2025-07-26 21:00:00+00:00,3345.69,3345.7,3345.68,3345.7,1.431,4787.68838
2025-07-26 21:30:00+00:00,3345.7,3346.52,3345.7,3346.48,5.284,17679.4394
2025-07-26 22:00:00+00:00,3346.48,3346.87,3346.48,3346.87,1.92,6425.98405
2025-07-26 22:30:00+00:00,3346.87,3347.8,3346.86,3347.8,15.422,51618.19989
2025-07-26 23:00:00+00:00,3347.8,3348.1,3339.09,3345.99,42.233,141208.06903
2025-07-26 23:30:00+00:00,3345.99,3345.99,3345.88,3345.89,2.225,7444.72775
2025-07-27 00:00:00+00:00,3345.89,3345.89,3345.8,3345.85,2.483,8307.78141
2025-07-27 00:30:00+00:00,3345.85,3345.85,3345.81,3345.82,1.461,4888.25959
2025-07-27 01:00:00+00:00,3345.82,3345.82,3345.81,3345.81,1.164,3894.52391
2025-07-27 01:30:00+00:00,3345.81,3345.82,3345.81,3345.81,3.004,10050.84258
2025-07-27 02:00:00+00:00,3345.81,3345.82,3345.81,3345.81,1.749,5851.8366
2025-07-27 02:30:00+00:00,3345.81,3345.82,3345.81,3345.82,2.809,9398.408
2025-07-27 03:00:00+00:00,3345.82,3345.82,3345.81,3345.81,0.507,1696.33019
2025-07-27 03:30:00+00:00,3345.81,3345.82,3342.3,3344.09,31.677,105939.92026
2025-07-27 04:00:00+00:00,3344.09,3344.6,3342.74,3344.54,13.372,44714.33074
2025-07-27 04:30:00+00:00,3344.54,3344.58,3344.54,3344.58,0.495,1655.5658
2025-07-27 05:00:00+00:00,3344.58,3345.4,3344.57,3345.4,3.559,11904.231
2025-07-27 05:30:00+00:00,3345.4,3345.6,3345.39,3345.6,2.438,8156.27709
2025-07-27 06:00:00+00:00,3345.6,3346.11,3345.59,3346.11,1.555,5202.48528
2025-07-27 06:30:00+00:00,3346.11,3346.4,3346.11,3346.4,2.02,6759.37517
2025-07-27 07:00:00+00:00,3346.4,3348.02,3346.4,3348.01,13.234,44299.32501
2025-07-27 07:30:00+00:00,3348.01,3348.02,3348.01,3348.01,5.666,18969.84614
2025-07-27 08:00:00+00:00,3348.01,3348.02,3345.14,3345.14,21.269,71192.05983
2025-07-27 08:30:00+00:00,3345.14,3345.14,3343.59,3344.8,4.751,15890.70818
2025-07-27 09:00:00+00:00,3344.8,3344.81,3344.35,3344.35,7.263,24292.43439
2025-07-27 09:30:00+00:00,3344.35,3344.99,3344.35,3344.99,12.366,41357.61467
2025-07-27 10:00:00+00:00,3344.99,3345.2,3344.98,3345.08,11.638,38929.97901
2025-07-27 10:30:00+00:00,3345.08,3346.0,3345.08,3346.0,2.28,7628.72868
2025-07-27 11:00:00+00:00,3346.0,3347.85,3345.99,3347.85,7.836,26225.36834
2025-07-27 11:30:00+00:00,3347.85,3348.5,3347.85,3348.5,1.344,4499.95334
2025-07-27 12:00:00+00:00,3348.5,3350.52,3348.5,3349.04,21.426,71769.06253
2025-07-27 12:30:00+00:00,3349.04,3349.05,3348.01,3348.02,6.685,22385.19732
2025-07-27 13:00:00+00:00,3348.02,3348.02,3347.6,3347.61,3.961,13260.81711
2025-07-27 13:30:00+00:00,3347.61,3347.61,3347.41,3347.43,7.626,25528.23898
2025-07-27 14:00:00+00:00,3347.43,3347.43,3345.25,3346.92,6.113,20460.71216
2025-07-27 14:30:00+00:00,3346.92,3346.92,3343.87,3345.03,12.668,42382.35284
2025-07-27 15:00:00+00:00,3345.03,3345.03,3342.44,3342.94,10.652,35621.78803
2025-07-27 15:30:00+00:00,3342.94,3342.94,3342.1,3342.18,7.203,24077.04588
2025-07-27 16:00:00+00:00,3342.18,3343.87,3337.01,3343.69,69.798,233136.82515
2025-07-27 16:30:00+00:00,3343.69,3344.6,3343.68,3344.43,19.242,64351.87047
2025-07-27 17:00:00+00:00,3344.43,3344.43,3344.42,3344.43,3.082,10307.50981
2025-07-27 17:30:00+00:00,3344.43,3344.43,3344.25,3344.26,4.209,14076.61032
2025-07-27 18:00:00+00:00,3344.26,3344.39,3335.09,3340.72,92.135,307677.7587
2025-07-27 18:30:00+00:00,3340.72,3341.8,3340.72,3341.8,5.121,17108.83517
2025-07-27 19:00:00+00:00,3341.8,3342.4,3341.8,3342.38,3.627,12121.68326
2025-07-27 19:30:00+00:00,3342.38,3342.38,3340.8,3340.8,6.194,20698.39792
2025-07-27 20:00:00+00:00,3340.8,3342.99,3337.91,3339.19,19.355,64635.22074
2025-07-27 20:30:00+00:00,3339.19,3340.63,3339.0,3340.62,4.383,14637.77709
2025-07-27 21:00:00+00:00,3340.62,3343.02,3340.62,3342.07,17.143,57292.69212
2025-07-27 21:30:00+00:00,3342.07,3343.25,3335.0,3339.87,46.917,156655.62996
2025-07-27 22:00:00+00:00,3339.87,3339.87,3330.0,3334.2,303.404,1011563.32485
2025-07-27 22:30:00+00:00,3334.2,3334.2,3326.58,3332.5,95.333,317577.85602
2025-07-27 23:00:00+00:00,3332.5,3339.06,3331.4,3337.23,33.872,112988.10769
2025-07-27 23:30:00+00:00,3337.23,3337.23,3332.29,3336.24,22.564,75252.68362
2025-07-28 00:00:00+00:00,3336.24,3337.83,3336.0,3336.01,32.841,109588.20306
2025-07-28 00:30:00+00:00,3336.01,3336.77,3331.5,3336.56,27.605,92062.49466
2025-07-28 01:00:00+00:00,3336.56,3340.61,3333.85,3339.29,43.714,145936.03863
2025-07-28 01:30:00+00:00,3339.29,3340.49,3335.67,3335.67,24.435,81598.24408
2025-07-28 02:00:00+00:00,3335.67,3338.79,3334.4,3338.79,6.93,23119.39598
2025-07-28 02:30:00+00:00,3338.79,3338.87,3334.4,3338.86,14.054,46898.72836
2025-07-28 03:00:00+00:00,3338.86,3340.43,3335.76,3337.69,74.15,247524.12802
2025-07-28 03:30:00+00:00,3337.69,3344.19,3337.54,3344.19,50.044,167107.84586
2025-07-28 04:00:00+00:00,3344.19,3344.6,3342.31,3342.43,36.644,122494.77343
2025-07-28 04:30:00+00:00,3342.43,3342.44,3340.31,3342.0,11.497,38420.99917
2025-07-28 05:00:00+00:00,3342.0,3342.29,3340.01,3340.79,14.863,49657.88162
2025-07-28 05:30:00+00:00,3340.79,3344.9,3340.79,3344.67,78.384,261987.0315
2025-07-28 06:00:00+00:00,3344.67,3345.6,3340.49,3341.49,30.008,100359.62533
2025-07-28 06:30:00+00:00,3341.49,3343.34,3337.5,3342.63,44.642,149114.50112
2025-07-28 07:00:00+00:00,3342.63,3343.41,3341.0,3342.85,20.601,68864.25688
2025-07-28 07:30:00+00:00,3342.85,3342.86,3336.82,3337.19,68.686,229386.17121
2025-07-28 08:00:00+00:00,3337.19,3340.52,3337.18,3339.03,4.374,14604.03674
2025-07-28 08:30:00+00:00,3339.03,3339.03,3334.6,3337.46,20.874,69652.11524
2025-07-28 09:00:00+00:00,3337.46,3342.72,3337.45,3341.95,47.96,160225.37785
2025-07-28 09:30:00+00:00,3341.95,3341.95,3336.13,3340.39,30.631,102286.78883
2025-07-28 10:00:00+00:00,3340.39,3340.56,3338.6,3340.09,14.498,48418.88481
2025-07-28 10:30:00+00:00,3340.09,3341.12,3338.36,3339.63,19.46,64991.39293
2025-07-28 11:00:00+00:00,3339.63,3339.66,3336.18,3336.19,84.299,281306.96525
2025-07-28 11:30:00+00:00,3336.19,3339.32,3336.19,3338.59,36.833,122919.37695
2025-07-28 12:00:00+00:00,3338.59,3339.36,3332.27,3333.83,90.044,300321.70891
2025-07-28 12:30:00+00:00,3333.83,3333.83,3330.0,3332.79,85.175,283742.76616
2025-07-28 13:00:00+00:00,3332.79,3336.42,3330.79,3331.2,110.45,368204.64613
2025-07-28 13:30:00+00:00,3331.2,3331.82,3302.4,3306.52,904.144,2996807.78411
2025-07-28 14:00:00+00:00,3306.52,3316.06,3305.01,3314.61,239.526,793233.21899
2025-07-28 14:30:00+00:00,3314.61,3317.22,3310.47,3311.5,60.565,200773.05808
2025-07-28 15:00:00+00:00,3311.5,3319.81,3311.3,3318.64,316.411,1049303.6657
2025-07-28 15:30:00+00:00,3318.64,3322.9,3318.22,3319.11,87.517,290634.56859
2025-07-28 16:00:00+00:00,3319.11,3319.12,3314.94,3317.22,75.1,249111.6388
2025-07-28 16:30:00+00:00,3317.22,3318.58,3315.49,3316.46,40.746,135174.62988
2025-07-28 17:00:00+00:00,3316.46,3316.46,3314.29,3314.52,26.88,89116.52085
2025-07-28 17:30:00+00:00,3314.52,3317.8,3313.7,3314.01,27.123,89919.21568
2025-07-28 18:00:00+00:00,3314.01,3317.56,3314.01,3317.55,12.865,42653.26765
2025-07-28 18:30:00+00:00,3317.55,3318.9,3317.55,3317.62,7.761,25753.85219
2025-07-28 19:00:00+00:00,3317.62,3320.1,3317.62,3318.49,9.058,30064.58366
2025-07-28 19:30:00+00:00,3318.49,3321.98,3318.49,3321.87,19.183,63685.37674
2025-07-28 20:00:00+00:00,3321.87,3322.0,3321.65,3321.88,17.554,58312.1223
2025-07-28 20:30:00+00:00,3321.88,3321.89,3318.1,3318.11,18.76,62291.88126
2025-07-28 21:00:00+00:00,3318.11,3321.5,3318.08,3319.62,16.657,55300.96593
2025-07-28 21:30:00+00:00,3319.62,3322.07,3319.62,3322.07,4.954,16450.59942
2025-07-28 22:00:00+00:00,3322.07,3322.07,3317.13,3318.21,38.561,127986.79349
2025-07-28 22:30:00+00:00,3318.21,3319.28,3316.5,3318.5,12.491,41440.55295
2025-07-28 23:00:00+00:00,3318.5,3318.51,3316.01,3316.38,5.248,17410.91102
2025-07-28 23:30:00+00:00,3316.38,3316.92,3313.58,3313.97,284.032,941511.80078
2025-07-29 00:00:00+00:00,3313.97,3317.0,3312.28,3312.28,60.224,199600.71454
2025-07-29 00:30:00+00:00,3312.28,3315.34,3312.27,3314.81,30.644,101540.43606
2025-07-29 01:00:00+00:00,3314.81,3317.13,3312.32,3317.12,20.251,67115.93263
2025-07-29 01:30:00+00:00,3317.12,3322.57,3317.12,3320.17,26.854,89172.83232
2025-07-29 02:00:00+00:00,3320.17,3323.1,3319.9,3322.15,31.22,103714.79778
2025-07-29 02:30:00+00:00,3322.15,3324.22,3313.52,3319.96,96.948,321886.12543
2025-07-29 03:00:00+00:00,3319.96,3320.09,3315.65,3318.26,21.387,70991.61643
2025-07-29 03:30:00+00:00,3318.26,3318.3,3314.67,3317.01,16.463,54609.74548
2025-07-29 04:00:00+00:00,3317.01,3317.01,3313.78,3314.21,24.896,82534.2636
2025-07-29 04:30:00+00:00,3314.21,3320.41,3312.6,3320.41,22.271,73851.17826
2025-07-29 05:00:00+00:00,3320.41,3320.41,3317.17,3319.77,15.695,52086.78952
2025-07-29 05:30:00+00:00,3319.77,3322.0,3319.76,3322.0,20.484,68018.71311
2025-07-29 06:00:00+00:00,3322.0,3323.49,3320.21,3323.49,23.376,77664.70258
2025-07-29 06:30:00+00:00,3323.49,3325.11,3321.37,3321.42,79.088,262873.50122
2025-07-29 07:00:00+00:00,3321.42,3321.89,3315.71,3316.83,93.259,309544.8272
2025-07-29 07:30:00+00:00,3316.83,3320.41,3316.0,3320.41,62.054,205933.88185
2025-07-29 08:00:00+00:00,3320.41,3330.5,3320.25,3329.39,123.652,411596.74921
2025-07-29 08:30:00+00:00,3329.39,3329.97,3327.28,3328.46,25.681,85487.38443
2025-07-29 09:00:00+00:00,3328.46,3328.5,3324.4,3327.48,46.051,153175.04087
2025-07-29 09:30:00+00:00,3327.48,3329.12,3326.95,3327.37,15.527,51672.91149
2025-07-29 10:00:00+00:00,3327.37,3327.58,3326.81,3326.81,9.473,31517.85602
2025-07-29 10:30:00+00:00,3326.81,3327.83,3325.08,3325.08,17.552,58389.09475
2025-07-29 11:00:00+00:00,3325.08,3325.08,3321.4,3322.75,42.919,142607.89095
2025-07-29 11:30:00+00:00,3322.75,3322.75,3318.49,3318.49,26.855,89162.8371
2025-07-29 12:00:00+00:00,3318.49,3324.66,3318.03,3324.45,67.308,223500.95778
2025-07-29 12:30:00+00:00,3324.45,3325.3,3322.34,3325.24,37.724,125375.36848
2025-07-29 13:00:00+00:00,3325.24,3325.25,3322.63,3322.63,23.368,77675.21022
2025-07-29 13:30:00+00:00,3322.63,3323.0,3316.57,3319.33,47.789,158607.9571
2025-07-29 14:00:00+00:00,3319.33,3325.8,3314.57,3325.8,58.737,194956.95539
2025-07-29 14:30:00+00:00,3325.8,3344.0,3324.75,3330.26,376.987,1256171.32506
2025-07-29 15:00:00+00:00,3330.26,3336.11,3327.96,3328.11,191.692,638752.8207
2025-07-29 15:30:00+00:00,3328.11,3328.42,3323.49,3323.5,39.325,130816.30003
2025-07-29 16:00:00+00:00,3323.5,3324.92,3322.86,3324.11,50.551,168030.56656
2025-07-29 16:30:00+00:00,3324.11,3326.54,3324.11,3326.11,30.327,100838.77468
2025-07-29 17:00:00+00:00,3326.11,3328.93,3326.1,3328.92,18.22,60629.29591
2025-07-29 17:30:00+00:00,3328.92,3331.14,3328.92,3330.63,23.499,78258.85562
2025-07-29 18:00:00+00:00,3330.63,3331.44,3330.6,3331.43,15.023,50038.338
2025-07-29 18:30:00+00:00,3331.43,3332.92,3328.65,3328.79,81.395,271170.09001
2025-07-29 19:00:00+00:00,3328.79,3330.2,3328.79,3330.2,16.909,56293.06858
2025-07-29 19:30:00+00:00,3330.2,3330.2,3326.4,3326.83,30.275,100733.73646
2025-07-29 20:00:00+00:00,3326.83,3327.5,3326.78,3327.08,36.869,122666.94917
2025-07-29 20:30:00+00:00,3327.08,3328.53,3327.08,3328.53,16.142,53718.86038
2025-07-29 21:00:00+00:00,3328.53,3332.26,3328.52,3330.75,60.791,202440.71432
2025-07-29 21:30:00+00:00,3330.75,3331.3,3328.34,3331.29,29.279,97501.22753
2025-07-29 22:00:00+00:00,3331.29,3331.99,3328.0,3331.99,49.298,164188.11043
2025-07-29 22:30:00+00:00,3331.99,3331.99,3328.93,3330.13,6.318,21041.54506
2025-07-29 23:00:00+00:00,3330.13,3330.68,3329.35,3330.67,11.234,37408.82224
2025-07-29 23:30:00+00:00,3330.67,3330.67,3329.01,3329.61,15.542,51753.28893
2025-07-30 00:00:00+00:00,3329.61,3333.42,3329.61,3331.57,138.067,460059.34206
2025-07-30 00:30:00+00:00,3331.57,3335.44,3331.55,3333.35,141.561,471760.48391
2025-07-30 01:00:00+00:00,3333.35,3335.37,3331.46,3331.91,111.098,370279.34393
2025-07-30 01:30:00+00:00,3331.91,3332.24,3326.14,3326.65,35.07,116720.51286
2025-07-30 02:00:00+00:00,3326.65,3334.31,3326.65,3333.94,132.339,440872.79262
2025-07-30 02:30:00+00:00,3333.94,3334.99,3329.69,3332.37,63.423,211362.44143
2025-07-30 03:00:00+00:00,3332.37,3332.37,3329.38,3330.62,13.365,44515.30716
2025-07-30 03:30:00+00:00,3330.62,3330.72,3330.46,3330.53,4.093,13631.7666
2025-07-30 04:00:00+00:00,3330.53,3330.53,3330.08,3330.44,2.98,9924.15087
2025-07-30 04:30:00+00:00,3330.44,3330.96,3329.36,3329.36,10.461,34841.64291
2025-07-30 05:00:00+00:00,3329.36,3332.02,3328.4,3330.48,26.307,87582.35674
2025-07-30 05:30:00+00:00,3330.48,3330.67,3328.3,3328.3,4.599,15309.05367
2025-07-30 06:00:00+00:00,3328.3,3328.3,3326.13,3326.59,10.692,35573.86923
2025-07-30 06:30:00+00:00,3326.59,3329.13,3326.58,3329.13,10.318,34331.21742
2025-07-30 07:00:00+00:00,3329.13,3332.76,3328.72,3328.72,19.321,64361.80134
2025-07-30 07:30:00+00:00,3328.72,3332.99,3328.3,3330.94,58.614,195181.06039
2025-07-30 08:00:00+00:00,3330.94,3333.0,3330.74,3332.97,33.247,110782.76393
2025-07-30 08:30:00+00:00,3332.97,3335.0,3330.3,3334.84,39.903,132991.90199
2025-07-30 09:00:00+00:00,3334.84,3334.84,3332.1,3333.86,22.707,75693.67454
2025-07-30 09:30:00+00:00,3333.86,3335.0,3330.01,3334.72,63.256,210836.09873
2025-07-30 10:00:00+00:00,3334.72,3334.73,3330.5,3331.35,30.571,101880.40806
2025-07-30 10:30:00+00:00,3331.35,3333.85,3329.92,3329.92,22.096,73602.53161
2025-07-30 11:00:00+00:00,3329.92,3331.93,3328.8,3331.65,25.873,86147.51308
2025-07-30 11:30:00+00:00,3331.65,3332.46,3326.08,3332.45,42.661,142002.12826
2025-07-30 12:00:00+00:00,3332.45,3332.58,3328.8,3330.26,110.303,367408.05138
2025-07-30 12:30:00+00:00,3330.26,3330.93,3313.43,3314.55,206.557,685980.46371
2025-07-30 13:00:00+00:00,3314.55,3317.82,3307.71,3308.48,183.254,607047.36251
2025-07-30 13:30:00+00:00,3308.48,3311.12,3303.32,3306.16,322.63,1066677.47153
2025-07-30 14:00:00+00:00,3306.16,3311.23,3306.16,3307.01,76.82,254174.47166
2025-07-30 14:30:00+00:00,3307.01,3310.47,3306.14,3306.98,52.549,173818.37722
2025-07-30 15:00:00+00:00,3306.98,3307.1,3297.25,3297.39,190.637,629518.51352
2025-07-30 15:30:00+00:00,3297.39,3299.84,3296.0,3296.62,103.727,342061.24504
2025-07-30 16:00:00+00:00,3296.62,3304.14,3296.61,3303.13,130.321,430342.85637
2025-07-30 16:30:00+00:00,3303.13,3306.7,3300.96,3306.44,77.301,255410.45886
2025-07-30 17:00:00+00:00,3306.44,3306.72,3306.09,3306.72,25.147,83143.41998
2025-07-30 17:30:00+00:00,3306.72,3307.99,3306.72,3307.99,59.419,196505.56274
2025-07-30 18:00:00+00:00,3307.99,3312.49,3305.18,3305.18,75.194,248807.32188
2025-07-30 18:30:00+00:00,3305.18,3305.18,3286.0,3288.08,328.141,1080977.58293
2025-07-30 19:00:00+00:00,3288.08,3288.59,3279.4,3280.91,383.476,1259743.81256
2025-07-30 19:30:00+00:00,3280.91,3283.94,3277.0,3278.66,186.769,612620.47864
2025-07-30 20:00:00+00:00,3278.66,3285.8,3278.63,3281.0,211.831,695421.85322
2025-07-30 20:30:00+00:00,3281.0,3286.67,3279.6,3286.58,56.069,184096.24723
2025-07-30 21:00:00+00:00,3286.58,3288.92,3286.48,3288.92,25.955,85330.86303
2025-07-30 21:30:00+00:00,3288.92,3292.5,3283.59,3289.9,73.657,242260.6302
2025-07-30 22:00:00+00:00,3289.9,3289.9,3285.4,3286.93,47.612,156512.64176
2025-07-30 22:30:00+00:00,3286.93,3288.23,3286.82,3288.23,13.517,44434.65372
2025-07-30 23:00:00+00:00,3288.23,3288.61,3288.22,3288.61,18.259,60044.37404
2025-07-30 23:30:00+00:00,3288.61,3295.8,3288.61,3294.26,37.97,125001.44803
2025-07-31 00:00:00+00:00,3294.26,3297.61,3294.25,3295.28,39.764,131094.91549
2025-07-31 00:30:00+00:00,3295.28,3298.1,3295.18,3298.1,8.795,28999.65706
2025-07-31 01:00:00+00:00,3298.1,3298.62,3297.11,3298.32,19.652,64811.0264
2025-07-31 01:30:00+00:00,3298.32,3302.82,3296.39,3302.68,73.953,243981.81799
2025-07-31 02:00:00+00:00,3302.68,3303.71,3298.05,3301.35,38.879,128374.37293
2025-07-31 02:30:00+00:00,3301.35,3304.55,3300.24,3304.55,30.018,99139.43796
2025-07-31 03:00:00+00:00,3304.55,3305.66,3300.05,3304.11,54.466,179952.75483
2025-07-31 03:30:00+00:00,3304.11,3304.84,3302.99,3303.51,8.694,28723.75197
2025-07-31 04:00:00+00:00,3303.51,3304.92,3301.48,3302.88,32.373,106915.97263
2025-07-31 04:30:00+00:00,3302.88,3304.79,3302.67,3304.78,57.473,189865.28155
2025-07-31 05:00:00+00:00,3304.78,3306.0,3301.5,3303.63,18.487,61092.06848
2025-07-31 05:30:00+00:00,3303.63,3307.17,3300.5,3307.16,26.507,87574.86112
2025-07-31 06:00:00+00:00,3307.16,3309.52,3304.75,3308.03,88.219,291824.3401
2025-07-31 06:30:00+00:00,3308.03,3310.0,3304.8,3304.8,20.928,69219.44303
2025-07-31 07:00:00+00:00,3304.8,3309.19,3304.55,3305.74,114.528,378682.55781
2025-07-31 07:30:00+00:00,3305.74,3313.63,3304.38,3308.89,115.21,381314.39716
2025-07-31 08:00:00+00:00,3308.89,3317.0,3308.52,3314.71,100.478,332988.27452
2025-07-31 08:30:00+00:00,3314.71,3316.34,3310.8,3311.0,217.006,718844.00774
2025-07-31 09:00:00+00:00,3311.0,3313.99,3308.85,3309.0,352.32,1166701.09752
2025-07-31 09:30:00+00:00,3309.0,3311.7,3307.72,3309.21,64.575,213752.26425
2025-07-31 10:00:00+00:00,3309.21,3310.97,3306.18,3306.76,34.913,115510.32006
2025-07-31 10:30:00+00:00,3306.76,3306.79,3297.32,3297.33,73.219,241734.74888
2025-07-31 11:00:00+00:00,3297.33,3305.0,3294.86,3303.95,148.787,490938.04436
2025-07-31 11:30:00+00:00,3303.95,3309.3,3303.95,3307.75,93.76,310060.13046
2025-07-31 12:00:00+00:00,3307.75,3309.2,3306.02,3308.43,26.141,86472.52506
2025-07-31 12:30:00+00:00,3308.43,3313.61,3307.04,3310.79,55.75,184580.32529
2025-07-31 13:00:00+00:00,3310.79,3311.4,3304.0,3309.87,84.571,279759.18503
2025-07-31 13:30:00+00:00,3309.87,3309.87,3300.48,3300.48,148.35,490325.74784
2025-07-31 14:00:00+00:00,3300.48,3306.09,3298.05,3298.16,77.447,255711.66355
2025-07-31 14:30:00+00:00,3298.16,3306.64,3296.1,3301.44,806.029,2661421.1697
2025-07-31 15:00:00+00:00,3301.44,3301.8,3297.1,3300.18,114.519,377835.94715
2025-07-31 15:30:00+00:00,3300.18,3300.76,3297.15,3298.19,62.582,206407.80664
2025-07-31 16:00:00+00:00,3298.19,3300.03,3295.66,3295.72,72.547,239186.62533
2025-07-31 16:30:00+00:00,3295.72,3301.1,3295.72,3300.32,11.929,39348.92139
2025-07-31 17:00:00+00:00,3300.32,3301.27,3299.97,3300.85,26.296,86798.58424
2025-07-31 17:30:00+00:00,3300.85,3300.85,3298.0,3298.0,32.857,108417.18684
2025-07-31 18:00:00+00:00,3298.0,3300.68,3297.46,3300.55,17.379,57319.81555
2025-07-31 18:30:00+00:00,3300.55,3300.55,3298.33,3298.33,17.871,58958.61111
2025-07-31 19:00:00+00:00,3298.33,3299.03,3295.05,3295.3,31.732,104633.76678
2025-07-31 19:30:00+00:00,3295.3,3298.8,3295.0,3295.1,48.576,160158.03494
2025-07-31 20:00:00+00:00,3295.1,3296.09,3295.0,3295.0,18.394,60615.68891
2025-07-31 20:30:00+00:00,3295.0,3295.01,3294.0,3294.0,16.634,54802.33122
2025-07-31 21:00:00+00:00,3294.0,3294.41,3294.0,3294.4,9.948,32770.34374
2025-07-31 21:30:00+00:00,3294.4,3299.02,3294.4,3297.92,18.107,59699.29034
2025-07-31 22:00:00+00:00,3297.92,3298.0,3295.1,3296.08,48.265,159081.45724
2025-07-31 22:30:00+00:00,3296.08,3298.07,3295.96,3297.34,26.188,86327.18932
2025-07-31 23:00:00+00:00,3297.34,3297.34,3294.2,3294.54,54.657,180093.4821
2025-07-31 23:30:00+00:00,3294.54,3295.33,3293.8,3293.8,58.817,193769.86475
2025-08-01 00:00:00+00:00,3293.8,3293.81,3291.51,3292.57,37.744,124283.54938
2025-08-01 00:30:00+00:00,3292.57,3296.37,3292.57,3294.39,34.82,114699.10079
2025-08-01 01:00:00+00:00,3294.39,3297.15,3291.0,3293.75,61.921,204025.52193
2025-08-01 01:30:00+00:00,3293.75,3294.49,3286.4,3286.66,36.575,120329.70799
2025-08-01 02:00:00+00:00,3286.66,3293.55,3286.52,3293.19,25.968,85467.31288
2025-08-01 02:30:00+00:00,3293.19,3297.1,3292.32,3296.07,18.804,61939.03397
2025-08-01 03:00:00+00:00,3296.07,3300.78,3294.9,3295.82,17.272,56970.95638
2025-08-01 03:30:00+00:00,3295.82,3296.8,3295.1,3295.11,8.092,26672.67426
2025-08-01 04:00:00+00:00,3295.11,3296.8,3294.5,3295.86,10.348,34103.2012
2025-08-01 04:30:00+00:00,3295.86,3298.64,3294.2,3295.2,11.612,38282.11094
2025-08-01 05:00:00+00:00,3295.2,3299.06,3295.2,3297.2,12.15,40062.6485
2025-08-01 05:30:00+00:00,3297.2,3303.67,3294.93,3300.05,37.169,122640.64319
2025-08-01 06:00:00+00:00,3300.05,3301.4,3296.7,3296.7,21.375,70539.78423
2025-08-01 06:30:00+00:00,3296.7,3296.7,3292.88,3294.5,51.836,170775.2587
2025-08-01 07:00:00+00:00,3294.5,3295.34,3292.88,3294.55,57.439,189236.4788
2025-08-01 07:30:00+00:00,3294.55,3294.55,3289.04,3290.4,46.591,153324.96304
2025-08-01 08:00:00+00:00,3290.4,3291.99,3288.93,3289.89,59.677,196342.60033
2025-08-01 08:30:00+00:00,3289.89,3296.7,3289.89,3296.69,31.956,105260.25353
2025-08-01 09:00:00+00:00,3296.69,3298.91,3295.84,3297.94,63.662,209865.2204
2025-08-01 09:30:00+00:00,3297.94,3298.27,3295.9,3295.9,11.283,37203.70197
2025-08-01 10:00:00+00:00,3295.9,3298.24,3295.9,3297.24,29.015,95677.58253
2025-08-01 10:30:00+00:00,3297.24,3304.79,3297.24,3302.35,84.765,279864.65151
2025-08-01 11:00:00+00:00,3302.35,3305.3,3302.06,3303.19,46.891,154912.49895
2025-08-01 11:30:00+00:00,3303.19,3303.25,3301.15,3303.09,11.107,36681.39116
2025-08-01 12:00:00+00:00,3303.09,3305.34,3301.79,3305.09,44.724,147785.19625
2025-08-01 12:30:00+00:00,3305.09,3344.29,3305.09,3341.57,1036.534,3454006.33444
2025-08-01 13:00:00+00:00,3341.57,3351.96,3339.95,3349.31,393.191,1316048.88937
2025-08-01 13:30:00+00:00,3349.31,3350.23,3336.82,3338.68,289.417,967009.25609
2025-08-01 14:00:00+00:00,3338.68,3350.5,3338.68,3342.86,239.906,802915.42007
2025-08-01 14:30:00+00:00,3342.86,3344.1,3339.63,3342.48,83.287,278333.23933
2025-08-01 15:00:00+00:00,3342.48,3347.5,3339.07,3347.38,43.412,145150.52299
2025-08-01 15:30:00+00:00,3347.38,3347.38,3343.82,3346.11,36.815,123170.19126
2025-08-01 16:00:00+00:00,3346.11,3346.11,3337.28,3337.64,23.001,76821.25445
2025-08-01 16:30:00+00:00,3337.64,3345.49,3337.24,3345.49,45.969,153607.90523
2025-08-01 17:00:00+00:00,3345.49,3345.49,3342.21,3345.13,35.262,117900.51084
2025-08-01 17:30:00+00:00,3345.13,3345.21,3343.3,3344.71,16.838,56310.92411
2025-08-01 18:00:00+00:00,3344.71,3347.5,3341.44,3347.09,54.711,182960.68405
2025-08-01 18:30:00+00:00,3347.09,3348.12,3343.8,3343.8,26.542,88823.6437
2025-08-01 19:00:00+00:00,3343.8,3346.92,3343.56,3346.92,34.153,114232.01431
2025-08-01 19:30:00+00:00,3346.92,3356.27,3346.92,3352.57,322.96,1082812.96114
2025-08-01 20:00:00+00:00,3352.57,3357.9,3352.43,3355.75,316.407,1061449.47468
2025-08-01 20:30:00+00:00,3355.75,3359.62,3355.41,3357.99,119.461,401117.46724
2025-08-01 21:00:00+00:00,3357.99,3362.99,3357.98,3361.05,50.57,169964.99834
2025-08-01 21:30:00+00:00,3361.05,3364.7,3361.05,3364.7,19.391,65218.32524
2025-08-01 22:00:00+00:00,3364.7,3364.7,3354.62,3357.74,76.53,257108.02038
2025-08-01 22:30:00+00:00,3357.74,3358.93,3355.15,3356.28,35.294,118465.19589
2025-08-01 23:00:00+00:00,3356.28,3358.91,3356.28,3358.9,17.916,60138.56921
2025-08-01 23:30:00+00:00,3358.9,3361.63,3358.9,3361.38,15.726,52850.64193
2025-08-02 00:00:00+00:00,3361.38,3361.39,3361.38,3361.39,7.553,25388.53408
2025-08-02 00:30:00+00:00,3361.39,3364.6,3361.38,3364.6,39.367,132371.78725
2025-08-02 01:00:00+00:00,3364.6,3364.9,3361.38,3361.38,19.236,64715.27724
2025-08-02 01:30:00+00:00,3361.38,3364.91,3361.38,3364.91,16.545,55648.46652
2025-08-02 02:00:00+00:00,3364.91,3365.69,3362.82,3363.43,19.052,64104.10521
2025-08-02 02:30:00+00:00,3363.43,3365.28,3361.38,3365.28,21.284,71594.33564
2025-08-02 03:00:00+00:00,3365.28,3365.76,3364.78,3364.78,16.472,55434.80874
2025-08-02 03:30:00+00:00,3364.78,3364.93,3358.01,3358.02,40.198,135101.80907
2025-08-02 04:00:00+00:00,3358.02,3358.71,3358.01,3358.7,9.013,30266.97333
2025-08-02 04:30:00+00:00,3358.7,3361.25,3358.01,3358.97,26.698,89697.03714
2025-08-02 05:00:00+00:00,3358.97,3359.33,3357.85,3359.06,6.303,21169.04475
2025-08-02 05:30:00+00:00,3359.06,3361.65,3358.77,3361.6,8.854,29752.22649
2025-08-02 06:00:00+00:00,3361.6,3361.61,3355.01,3355.01,23.082,77523.95131
2025-08-02 06:30:00+00:00,3355.01,3355.22,3349.22,3354.9,99.674,334160.7681
2025-08-02 07:00:00+00:00,3354.9,3357.21,3354.89,3357.21,7.324,24576.68427
2025-08-02 07:30:00+00:00,3357.21,3359.1,3357.21,3359.01,16.197,54401.17684
2025-08-02 08:00:00+00:00,3359.01,3360.14,3359.01,3360.14,11.014,37002.51123
2025-08-02 08:30:00+00:00,3360.14,3360.41,3360.13,3360.2,12.471,41906.96948
2025-08-02 09:00:00+00:00,3360.2,3360.2,3357.61,3359.06,8.499,28545.25737
2025-08-02 09:30:00+00:00,3359.06,3360.21,3357.87,3360.21,8.502,28557.15815
2025-08-02 10:00:00+00:00,3360.21,3361.3,3358.08,3358.48,11.442,38438.3859
2025-08-02 10:30:00+00:00,3358.48,3358.78,3350.0,3358.65,80.447,269956.20624
2025-08-02 11:00:00+00:00,3358.65,3361.3,3358.64,3361.3,30.12,101202.1195
2025-08-02 11:30:00+00:00,3361.3,3361.3,3360.02,3360.02,9.807,32961.96842
2025-08-02 12:00:00+00:00,3360.02,3360.03,3359.34,3359.35,4.44,14916.73171
2025-08-02 12:30:00+00:00,3359.35,3359.35,3358.96,3358.96,1.681,5646.82242
2025-08-02 13:00:00+00:00,3358.96,3360.13,3355.56,3358.77,20.315,68226.80105
2025-08-02 13:30:00+00:00,3358.77,3358.9,3358.15,3358.66,4.334,14556.86277
2025-08-02 14:00:00+00:00,3358.66,3358.67,3356.28,3357.07,11.523,38692.1796
2025-08-02 14:30:00+00:00,3357.07,3359.18,3355.97,3358.3,18.399,61765.60153
2025-08-02 15:00:00+00:00,3358.3,3360.0,3358.3,3359.15,7.35,24689.77111
2025-08-02 15:30:00+00:00,3359.15,3359.15,3356.67,3356.67,11.72,39355.50372
2025-08-02 16:00:00+00:00,3356.67,3356.79,3353.9,3356.06,34.513,115799.47131
2025-08-02 16:30:00+00:00,3356.06,3356.95,3353.74,3356.93,29.251,98128.17316
2025-08-02 17:00:00+00:00,3356.93,3357.09,3356.87,3357.08,3.632,12192.33967
2025-08-02 17:30:00+00:00,3357.08,3357.09,3354.85,3354.85,7.907,26531.20414
2025-08-02 18:00:00+00:00,3354.85,3354.86,3350.69,3353.26,31.534,105725.03035
2025-08-02 18:30:00+00:00,3353.26,3355.95,3351.3,3354.88,22.799,76469.60436
2025-08-02 19:00:00+00:00,3354.88,3360.87,3354.88,3357.25,25.79,86577.89394
2025-08-02 19:30:00+00:00,3357.25,3359.58,3355.56,3356.11,20.958,70374.12955
2025-08-02 20:00:00+00:00,3356.11,3358.47,3354.0,3358.47,16.557,55571.39652
2025-08-02 20:30:00+00:00,3358.47,3358.91,3358.46,3358.9,4.641,15587.68133
2025-08-02 21:00:00+00:00,3358.9,3360.46,3356.25,3359.16,16.64,55891.35244
2025-08-02 21:30:00+00:00,3359.16,3359.2,3355.9,3356.07,9.533,32004.42822
2025-08-02 22:00:00+00:00,3356.07,3356.79,3356.06,3356.78,3.249,10905.23458
2025-08-02 22:30:00+00:00,3356.78,3356.78,3355.75,3356.27,2.529,8488.04244
2025-08-02 23:00:00+00:00,3356.27,3356.27,3355.62,3355.97,6.003,20146.29405
2025-08-02 23:30:00+00:00,3355.97,3357.52,3355.81,3356.75,7.964,26728.28349
2025-08-03 00:00:00+00:00,3356.75,3359.11,3356.75,3358.84,9.7,32571.88077
2025-08-03 00:30:00+00:00,3358.84,3359.38,3356.17,3358.7,18.254,61293.20899
2025-08-03 01:00:00+00:00,3358.7,3358.7,3354.62,3356.82,35.419,118912.37676
2025-08-03 01:30:00+00:00,3356.82,3357.34,3352.4,3356.16,34.906,117083.63934
2025-08-03 02:00:00+00:00,3356.16,3356.68,3353.13,3353.71,17.95,60220.41899
2025-08-03 02:30:00+00:00,3353.71,3356.24,3353.71,3356.12,12.795,42937.90465
2025-08-03 03:00:00+00:00,3356.12,3356.13,3355.86,3356.11,7.819,26241.30958
2025-08-03 03:30:00+00:00,3356.11,3356.11,3353.43,3354.97,16.905,56721.09336
2025-08-03 04:00:00+00:00,3354.97,3354.98,3354.91,3354.92,3.573,11987.26994
2025-08-03 04:30:00+00:00,3354.92,3354.92,3352.83,3353.86,8.959,30050.84844
2025-08-03 05:00:00+00:00,3353.86,3358.07,3353.86,3358.07,7.985,26793.19262
2025-08-03 05:30:00+00:00,3358.07,3359.22,3358.07,3359.22,7.744,26012.31206
2025-08-03 06:00:00+00:00,3359.22,3359.22,3358.88,3359.2,5.701,19150.70537
2025-08-03 06:30:00+00:00,3359.2,3359.38,3357.34,3358.87,5.667,19034.89749
2025-08-03 07:00:00+00:00,3358.87,3358.87,3358.78,3358.87,3.51,11789.59782
2025-08-03 07:30:00+00:00,3358.87,3359.38,3354.83,3354.84,16.301,54739.07695
2025-08-03 08:00:00+00:00,3354.84,3358.6,3354.0,3358.57,9.979,33499.84262
2025-08-03 08:30:00+00:00,3358.57,3358.58,3358.27,3358.58,3.62,12157.83802
2025-08-03 09:00:00+00:00,3358.58,3358.58,3353.49,3355.37,8.734,29310.07898
2025-08-03 09:30:00+00:00,3355.37,3359.52,3355.37,3359.51,18.945,63617.62056
2025-08-03 10:00:00+00:00,3359.51,3359.52,3355.64,3355.95,7.536,25304.14681
2025-08-03 10:30:00+00:00,3355.95,3357.47,3355.81,3357.33,4.504,15116.41168
2025-08-03 11:00:00+00:00,3357.33,3357.33,3353.36,3356.59,16.563,55564.34212
2025-08-03 11:30:00+00:00,3356.59,3356.67,3356.22,3356.22,1.618,5430.97934
2025-08-03 12:00:00+00:00,3356.22,3356.22,3351.3,3353.84,15.41,51686.4837
2025-08-03 12:30:00+00:00,3353.84,3355.05,3353.84,3355.04,1.945,6524.76419
2025-08-03 13:00:00+00:00,3355.04,3355.19,3354.17,3354.17,5.889,19757.19927
2025-08-03 13:30:00+00:00,3354.17,3356.76,3354.16,3355.97,13.555,45483.25802
2025-08-03 14:00:00+00:00,3355.97,3357.81,3354.19,3355.92,8.285,27811.21523
2025-08-03 14:30:00+00:00,3355.92,3358.44,3350.6,3358.44,30.928,103770.4649
2025-08-03 15:00:00+00:00,3358.44,3359.24,3358.43,3359.23,5.465,18357.01946
2025-08-03 15:30:00+00:00,3359.23,3359.3,3359.11,3359.12,8.805,29577.76511
2025-08-03 16:00:00+00:00,3359.12,3359.49,3359.11,3359.48,4.18,14042.13978
2025-08-03 16:30:00+00:00,3359.48,3359.49,3357.16,3357.17,7.292,24484.62143
2025-08-03 17:00:00+00:00,3357.17,3358.87,3357.17,3357.78,4.226,14191.94233
2025-08-03 17:30:00+00:00,3357.78,3357.79,3356.26,3356.26,6.957,23354.58523
2025-08-03 18:00:00+00:00,3356.26,3357.92,3355.61,3355.63,9.73,32657.47874
2025-08-03 18:30:00+00:00,3355.63,3356.47,3355.29,3356.02,4.647,15594.68836
2025-08-03 19:00:00+00:00,3356.02,3356.65,3355.3,3355.3,9.923,33306.92403
2025-08-03 19:30:00+00:00,3355.3,3357.29,3352.83,3357.29,21.403,71810.58212
2025-08-03 20:00:00+00:00,3357.29,3359.49,3357.28,3359.49,12.752,42826.459
2025-08-03 20:30:00+00:00,3359.49,3361.29,3359.48,3361.14,25.374,85257.61603
2025-08-03 21:00:00+00:00,3361.14,3364.0,3360.93,3361.01,19.567,65777.32339
2025-08-03 21:30:00+00:00,3361.01,3361.01,3359.89,3361.0,27.739,93229.18658
2025-08-03 22:00:00+00:00,3361.0,3361.12,3356.43,3356.87,85.375,286768.88191
2025-08-03 22:30:00+00:00,3356.87,3356.87,3354.84,3355.95,32.961,110608.28362
2025-08-03 23:00:00+00:00,3355.95,3355.95,3351.12,3353.4,25.046,84012.28101
2025-08-03 23:30:00+00:00,3353.4,3357.99,3350.71,3357.98,30.171,101212.28419
2025-08-04 00:00:00+00:00,3357.98,3358.0,3351.07,3352.19,39.189,131463.8099
2025-08-04 00:30:00+00:00,3352.19,3352.2,3348.02,3348.45,27.174,91040.35852
2025-08-04 01:00:00+00:00,3348.45,3350.67,3342.38,3342.66,86.272,288647.04005
2025-08-04 01:30:00+00:00,3342.66,3350.9,3342.01,3349.76,37.107,124184.02584
2025-08-04 02:00:00+00:00,3349.76,3351.97,3347.42,3351.14,27.675,92711.10194
2025-08-04 02:30:00+00:00,3351.14,3351.64,3348.22,3351.64,39.704,133020.83616
2025-08-04 03:00:00+00:00,3351.64,3354.33,3350.25,3353.54,20.153,67569.6727
2025-08-04 03:30:00+00:00,3353.54,3357.13,3351.92,3356.59,11.253,37752.80876
2025-08-04 04:00:00+00:00,3356.59,3358.36,3356.25,3358.35,23.062,77433.50924
2025-08-04 04:30:00+00:00,3358.35,3358.65,3356.9,3357.01,17.979,60374.99222
2025-08-04 05:00:00+00:00,3357.01,3358.58,3355.01,3355.4,14.087,47286.08258
2025-08-04 05:30:00+00:00,3355.4,3355.93,3352.03,3353.7,28.386,95196.73688
2025-08-04 06:00:00+00:00,3353.7,3356.32,3350.0,3351.56,25.052,84015.94834
2025-08-04 06:30:00+00:00,3351.56,3359.8,3351.35,3359.8,37.201,124891.91984
2025-08-04 07:00:00+00:00,3359.8,3359.8,3348.0,3351.15,134.002,449512.59383
2025-08-04 07:30:00+00:00,3351.15,3353.52,3348.65,3351.49,69.398,232538.9587
2025-08-04 08:00:00+00:00,3351.49,3356.8,3350.22,3355.0,110.309,369911.46358
2025-08-04 08:30:00+00:00,3355.0,3355.86,3351.55,3355.09,58.237,195346.3169
2025-08-04 09:00:00+00:00,3355.09,3358.0,3354.46,3357.99,34.345,115262.36862
2025-08-04 09:30:00+00:00,3357.99,3357.99,3354.11,3354.42,35.168,118029.148
2025-08-04 10:00:00+00:00,3354.42,3355.77,3350.67,3353.37,47.939,160757.24049
2025-08-04 10:30:00+00:00,3353.37,3355.8,3353.37,3355.09,20.393,68419.08824
2025-08-04 11:00:00+00:00,3355.09,3365.6,3355.05,3365.09,155.131,521501.67609
2025-08-04 11:30:00+00:00,3365.09,3368.46,3363.48,3366.26,153.612,517041.66743
2025-08-04 12:00:00+00:00,3366.26,3368.3,3361.58,3361.87,51.463,173191.48003
2025-08-04 12:30:00+00:00,3361.87,3365.63,3358.62,3365.55,113.796,382502.2724
2025-08-04 13:00:00+00:00,3365.55,3373.39,3364.8,3371.52,201.999,680813.20779
2025-08-04 13:30:00+00:00,3371.52,3380.11,3370.39,3379.58,152.146,513790.02543
2025-08-04 14:00:00+00:00,3379.58,3379.97,3371.33,3372.6,123.875,418093.91106
2025-08-04 14:30:00+00:00,3372.6,3375.33,3367.69,3370.4,74.734,251961.1468
2025-08-04 15:00:00+00:00,3370.4,3371.84,3367.69,3367.72,54.807,184645.45622
2025-08-04 15:30:00+00:00,3367.72,3371.26,3367.24,3369.89,81.767,275517.18282
2025-08-04 16:00:00+00:00,3369.89,3373.52,3364.91,3369.35,66.595,224409.40169
2025-08-04 16:30:00+00:00,3369.35,3369.7,3365.7,3366.42,30.324,102112.12352
2025-08-04 17:00:00+00:00,3366.42,3369.17,3366.41,3367.74,16.675,56160.32022
2025-08-04 17:30:00+00:00,3367.74,3369.82,3367.51,3369.82,17.414,58665.24271
2025-08-04 18:00:00+00:00,3369.82,3371.88,3369.46,3371.79,13.225,44575.03461
2025-08-04 18:30:00+00:00,3371.79,3372.1,3371.11,3371.54,10.862,36623.45082
2025-08-04 19:00:00+00:00,3371.54,3372.18,3371.01,3372.0,12.747,42980.49125
2025-08-04 19:30:00+00:00,3372.0,3372.19,3371.21,3371.37,9.861,33248.87898
2025-08-04 20:00:00+00:00,3371.37,3372.35,3371.37,3372.2,8.362,28195.82875
2025-08-04 20:30:00+00:00,3372.2,3372.21,3370.41,3370.72,10.564,35611.87097
2025-08-04 21:00:00+00:00,3370.72,3370.72,3370.71,3370.72,2.288,7712.19494
2025-08-04 21:30:00+00:00,3370.72,3371.25,3368.75,3368.75,22.929,77269.0068
2025-08-04 22:00:00+00:00,3368.75,3371.42,3368.75,3371.05,6.556,22096.98397
2025-08-04 22:30:00+00:00,3371.05,3371.87,3370.63,3370.89,19.718,66469.79329
2025-08-04 23:00:00+00:00,3370.89,3375.33,3370.89,3375.33,28.26,95349.64314
2025-08-04 23:30:00+00:00,3375.33,3375.4,3373.52,3373.79,26.57,89648.83053
2025-08-05 00:00:00+00:00,3373.79,3374.73,3372.67,3373.9,20.597,69484.91322
2025-08-05 00:30:00+00:00,3373.9,3377.14,3373.9,3375.73,41.062,138594.85116
2025-08-05 01:00:00+00:00,3375.73,3377.92,3373.62,3375.84,40.081,135313.56219
2025-08-05 01:30:00+00:00,3375.84,3377.92,3375.84,3376.29,34.105,115169.66708
2025-08-05 02:00:00+00:00,3376.29,3377.98,3373.05,3373.05,35.732,120635.39347
2025-08-05 02:30:00+00:00,3373.05,3374.71,3371.29,3371.29,30.866,104098.49868
2025-08-05 03:00:00+00:00,3371.29,3371.52,3369.4,3369.59,61.457,207120.49231
2025-08-05 03:30:00+00:00,3369.59,3371.0,3369.39,3369.39,16.938,57082.87569
2025-08-05 04:00:00+00:00,3369.39,3369.89,3369.13,3369.28,13.42,45216.93326
2025-08-05 04:30:00+00:00,3369.28,3369.28,3367.98,3368.69,40.154,135256.76013
2025-08-05 05:00:00+00:00,3368.69,3368.69,3362.94,3365.91,66.341,223265.87674
2025-08-05 05:30:00+00:00,3365.91,3368.75,3364.45,3368.75,288.226,970086.50835
2025-08-05 06:00:00+00:00,3368.75,3368.75,3363.01,3365.32,73.56,247540.59692
2025-08-05 06:30:00+00:00,3365.32,3365.61,3359.99,3361.84,239.018,803625.91965
2025-08-05 07:00:00+00:00,3361.84,3369.99,3361.72,3369.87,60.099,202225.98838
2025-08-05 07:30:00+00:00,3369.87,3370.99,3366.84,3369.37,49.722,167503.37229
2025-08-05 08:00:00+00:00,3369.37,3370.05,3366.54,3369.34,36.024,121346.25472
2025-08-05 08:30:00+00:00,3369.34,3369.34,3361.88,3362.41,52.08,175228.75654
2025-08-05 09:00:00+00:00,3362.41,3362.46,3360.47,3361.86,53.341,179312.70295
2025-08-05 09:30:00+00:00,3361.86,3361.86,3355.01,3355.38,113.867,382367.48579
2025-08-05 10:00:00+00:00,3355.38,3358.32,3351.25,3354.09,103.143,346010.95351
2025-08-05 10:30:00+00:00,3354.09,3355.19,3350.0,3350.6,38.648,129568.36747
2025-08-05 11:00:00+00:00,3350.6,3350.9,3347.81,3349.5,45.222,151479.68462
2025-08-05 11:30:00+00:00,3349.5,3350.77,3346.89,3349.0,49.054,164270.94298
2025-08-05 12:00:00+00:00,3349.0,3357.47,3347.2,3357.47,88.939,298106.77504
2025-08-05 12:30:00+00:00,3357.47,3362.37,3357.47,3362.28,48.8,163965.16795
2025-08-05 13:00:00+00:00,3362.28,3367.68,3362.16,3365.45,56.272,189348.3451
2025-08-05 13:30:00+00:00,3365.45,3373.7,3365.45,3369.34,122.878,414213.46209
2025-08-05 14:00:00+00:00,3369.34,3375.75,3366.68,3374.92,93.44,315147.36687
2025-08-05 14:30:00+00:00,3374.92,3381.3,3373.74,3381.1,131.999,445876.07358
2025-08-05 15:00:00+00:00,3381.1,3382.5,3379.1,3380.72,86.292,291763.3839
2025-08-05 15:30:00+00:00,3380.72,3385.55,3377.76,3384.56,67.312,227688.58719
2025-08-05 16:00:00+00:00,3384.56,3385.71,3376.0,3378.09,73.938,250039.45642
2025-08-05 16:30:00+00:00,3378.09,3378.3,3371.02,3377.7,98.98,333958.59109
2025-08-05 17:00:00+00:00,3377.7,3377.83,3375.18,3375.8,35.618,120267.19214
2025-08-05 17:30:00+00:00,3375.8,3377.52,3374.11,3375.05,22.182,74886.61058
2025-08-05 18:00:00+00:00,3375.05,3377.12,3374.28,3375.53,43.08,145432.37527
2025-08-05 18:30:00+00:00,3375.53,3377.55,3374.8,3375.62,18.371,62024.58991
2025-08-05 19:00:00+00:00,3375.62,3376.62,3373.76,3375.52,33.663,113616.02563
2025-08-05 19:30:00+00:00,3375.52,3376.47,3373.79,3374.7,22.694,76598.05661
2025-08-05 20:00:00+00:00,3374.7,3377.38,3374.11,3376.4,69.858,235842.60006
2025-08-05 20:30:00+00:00,3376.4,3377.69,3373.48,3375.2,114.71,387205.75555
2025-08-05 21:00:00+00:00,3375.2,3380.9,3375.2,3380.69,28.537,96399.88816
2025-08-05 21:30:00+00:00,3380.69,3380.7,3376.55,3376.55,18.432,62289.52065
2025-08-05 22:00:00+00:00,3376.55,3377.88,3375.41,3376.1,46.447,156828.46183
2025-08-05 22:30:00+00:00,3376.1,3376.3,3372.99,3376.3,26.003,87745.55966
2025-08-05 23:00:00+00:00,3376.3,3378.09,3375.07,3378.09,11.691,39477.03825
2025-08-05 23:30:00+00:00,3378.09,3380.85,3377.3,3378.49,140.087,473350.92045
2025-08-06 00:00:00+00:00,3378.49,3381.36,3376.5,3381.36,129.273,436801.4327
2025-08-06 00:30:00+00:00,3381.36,3381.36,3376.11,3379.29,205.225,693166.7171
2025-08-06 01:00:00+00:00,3379.29,3379.71,3370.91,3373.04,241.892,816349.89909
2025-08-06 01:30:00+00:00,3373.04,3378.82,3368.3,3371.2,181.583,612599.54722
2025-08-06 02:00:00+00:00,3371.2,3373.52,3367.9,3371.44,178.888,602953.2032
2025-08-06 02:30:00+00:00,3371.44,3372.65,3369.68,3371.59,17.023,57398.06484
2025-08-06 03:00:00+00:00,3371.59,3373.25,3369.4,3372.12,33.015,111322.14259
2025-08-06 03:30:00+00:00,3372.12,3372.6,3368.23,3371.33,41.031,138285.34022
2025-08-06 04:00:00+00:00,3371.33,3372.2,3370.48,3371.43,15.567,52483.32383
2025-08-06 04:30:00+00:00,3371.43,3372.25,3368.6,3369.31,30.487,102773.02902
2025-08-06 05:00:00+00:00,3369.31,3370.11,3367.31,3367.42,92.549,311809.51948
2025-08-06 05:30:00+00:00,3367.42,3369.55,3366.25,3369.25,110.845,373321.53502
2025-08-06 06:00:00+00:00,3369.25,3373.62,3368.0,3372.5,124.704,420352.13773
2025-08-06 06:30:00+00:00,3372.5,3374.36,3370.0,3370.43,31.201,105216.0697
2025-08-06 07:00:00+00:00,3370.43,3370.51,3363.91,3365.74,154.517,520112.17734
2025-08-06 07:30:00+00:00,3365.74,3372.09,3365.74,3369.63,20.176,67990.18811
2025-08-06 08:00:00+00:00,3369.63,3370.12,3361.69,3362.69,88.748,298576.15917
2025-08-06 08:30:00+00:00,3362.69,3363.81,3360.17,3360.93,60.828,204500.44259
2025-08-06 09:00:00+00:00,3360.93,3363.55,3360.3,3360.41,36.255,121889.9324
2025-08-06 09:30:00+00:00,3360.41,3360.8,3354.36,3355.38,78.339,263012.00597
2025-08-06 10:00:00+00:00,3355.38,3361.23,3354.8,3359.38,62.671,210453.91681
2025-08-06 10:30:00+00:00,3359.38,3360.67,3356.26,3359.61,70.279,236001.21626
2025-08-06 11:00:00+00:00,3359.61,3362.31,3357.17,3362.3,25.874,86931.37865
2025-08-06 11:30:00+00:00,3362.3,3362.87,3360.0,3361.54,42.132,141612.37862
2025-08-06 12:00:00+00:00,3361.54,3361.54,3355.98,3359.22,97.925,328916.30757
2025-08-06 12:30:00+00:00,3359.22,3363.56,3356.26,3363.34,96.699,324871.31023
2025-08-06 13:00:00+00:00,3363.34,3365.74,3361.81,3364.63,47.095,158438.81729
2025-08-06 13:30:00+00:00,3364.63,3367.12,3359.9,3366.04,106.094,356784.10684
2025-08-06 14:00:00+00:00,3366.04,3370.2,3364.35,3370.1,102.109,343807.32285
2025-08-06 14:30:00+00:00,3370.1,3372.66,3369.06,3372.66,64.259,216628.9685
2025-08-06 15:00:00+00:00,3372.66,3373.55,3370.92,3370.92,59.006,199022.19288
2025-08-06 15:30:00+00:00,3370.92,3373.11,3366.56,3373.11,48.156,162316.46435
2025-08-06 16:00:00+00:00,3373.11,3373.32,3367.97,3370.5,31.784,107161.13308
2025-08-06 16:30:00+00:00,3370.5,3371.42,3370.24,3370.56,21.132,71233.84338
2025-08-06 17:00:00+00:00,3370.56,3371.32,3367.36,3367.36,39.28,132360.99591
2025-08-06 17:30:00+00:00,3367.36,3371.09,3367.36,3370.79,6.371,21469.94529
2025-08-06 18:00:00+00:00,3370.79,3370.8,3364.35,3364.35,142.159,478468.63317
2025-08-06 18:30:00+00:00,3364.35,3369.38,3364.28,3366.39,88.02,296300.98889
2025-08-06 19:00:00+00:00,3366.39,3367.07,3364.72,3366.2,78.912,265559.76736
2025-08-06 19:30:00+00:00,3366.2,3366.88,3366.0,3366.28,6.379,21473.52313
2025-08-06 20:00:00+00:00,3366.28,3366.29,3364.71,3364.71,5.645,18997.44241
2025-08-06 20:30:00+00:00,3364.71,3364.72,3362.5,3364.39,7.759,26096.10739
2025-08-06 21:00:00+00:00,3364.39,3365.22,3362.24,3364.49,6.428,21624.48192
2025-08-06 21:30:00+00:00,3364.49,3366.4,3364.42,3364.43,8.08,27191.74427
2025-08-06 22:00:00+00:00,3364.43,3370.0,3364.43,3366.1,29.575,99588.28167
2025-08-06 22:30:00+00:00,3366.1,3367.79,3366.1,3367.55,6.656,22412.06211
2025-08-06 23:00:00+00:00,3367.55,3367.56,3363.75,3364.19,14.609,49159.52429
2025-08-06 23:30:00+00:00,3364.19,3365.71,3363.57,3365.7,9.679,32566.60639
2025-08-07 00:00:00+00:00,3365.7,3369.06,3361.87,3367.92,88.861,299070.43183
2025-08-07 00:30:00+00:00,3367.92,3370.2,3366.7,3369.03,12.637,42573.19157
2025-08-07 01:00:00+00:00,3369.03,3373.33,3366.26,3373.33,37.924,127832.9259
2025-08-07 01:30:00+00:00,3373.33,3382.5,3373.33,3377.66,120.381,406605.96335
2025-08-07 02:00:00+00:00,3377.66,3378.58,3374.29,3375.13,40.548,136908.30691
2025-08-07 02:30:00+00:00,3375.13,3376.89,3374.01,3376.26,22.395,75588.43994
2025-08-07 03:00:00+00:00,3376.26,3376.26,3372.43,3373.57,53.475,180409.23212
2025-08-07 03:30:00+00:00,3373.57,3375.4,3372.52,3374.87,41.875,141272.73904
2025-08-07 04:00:00+00:00,3374.87,3374.99,3372.43,3373.16,70.433,237628.22516
2025-08-07 04:30:00+00:00,3373.16,3374.67,3371.69,3372.64,50.899,171703.27982
2025-08-07 05:00:00+00:00,3372.64,3375.97,3372.62,3374.86,36.205,122175.3515
2025-08-07 05:30:00+00:00,3374.86,3374.86,3367.71,3370.69,56.286,189656.72519
2025-08-07 06:00:00+00:00,3370.69,3376.0,3370.58,3375.57,79.259,267346.83346
2025-08-07 06:30:00+00:00,3375.57,3382.36,3375.4,3382.36,121.549,410752.75933
2025-08-07 07:00:00+00:00,3382.36,3386.91,3381.37,3386.53,72.8,246355.04353
2025-08-07 07:30:00+00:00,3386.53,3390.33,3386.53,3389.81,143.457,486179.71214
2025-08-07 08:00:00+00:00,3389.81,3389.81,3369.16,3370.48,260.579,880000.30752
2025-08-07 08:30:00+00:00,3370.48,3377.39,3369.0,3373.9,75.636,255133.54349
2025-08-07 09:00:00+00:00,3373.9,3377.28,3371.35,3372.59,54.18,182824.68861
2025-08-07 09:30:00+00:00,3372.59,3375.73,3369.86,3372.3,39.388,132882.34717
2025-08-07 10:00:00+00:00,3372.3,3374.7,3370.56,3370.56,43.554,146881.71778
2025-08-07 10:30:00+00:00,3370.56,3373.83,3368.0,3368.37,55.475,187021.12034
2025-08-07 11:00:00+00:00,3368.37,3377.5,3368.0,3377.5,45.688,154040.12274
2025-08-07 11:30:00+00:00,3377.5,3377.83,3371.37,3373.35,77.13,260290.97332
2025-08-07 12:00:00+00:00,3373.35,3376.26,3371.16,3376.26,42.677,143974.5404
2025-08-07 12:30:00+00:00,3376.26,3385.03,3374.93,3375.06,134.055,453234.35686
2025-08-07 13:00:00+00:00,3375.06,3381.9,3375.06,3381.39,88.87,300319.17857
2025-08-07 13:30:00+00:00,3381.39,3386.99,3378.6,3378.87,204.533,691953.39648
2025-08-07 14:00:00+00:00,3378.87,3381.64,3368.62,3375.55,262.597,886394.40811
2025-08-07 14:30:00+00:00,3375.55,3382.31,3375.29,3380.8,133.645,451826.76281
2025-08-07 15:00:00+00:00,3380.8,3383.22,3377.77,3378.94,123.183,416488.36417
2025-08-07 15:30:00+00:00,3378.94,3383.22,3377.6,3383.22,88.397,298760.18183
2025-08-07 16:00:00+00:00,3383.22,3385.0,3381.93,3383.15,24.155,81736.87408
2025-08-07 16:30:00+00:00,3383.15,3383.15,3379.3,3381.76,45.504,153843.92745
2025-08-07 17:00:00+00:00,3381.76,3381.76,3378.14,3380.27,27.505,92956.19257
2025-08-07 17:30:00+00:00,3380.27,3384.85,3380.27,3384.55,30.105,101867.69324
2025-08-07 18:00:00+00:00,3384.55,3385.62,3381.1,3382.08,66.654,225551.13554
2025-08-07 18:30:00+00:00,3382.08,3382.52,3380.92,3381.83,7.803,26386.19798
2025-08-07 19:00:00+00:00,3381.83,3382.2,3380.57,3381.8,3.921,13257.99638
2025-08-07 19:30:00+00:00,3381.8,3393.24,3381.8,3391.27,212.152,718726.37414
2025-08-07 20:00:00+00:00,3391.27,3392.27,3389.7,3391.76,35.817,121458.33398
2025-08-07 20:30:00+00:00,3391.76,3391.76,3385.19,3387.64,104.117,352854.58916
2025-08-07 21:00:00+00:00,3387.64,3388.13,3384.29,3387.77,64.283,217699.13309
2025-08-07 21:30:00+00:00,3387.77,3388.1,3386.9,3386.9,7.712,26125.78244
2025-08-07 22:00:00+00:00,3386.9,3392.17,3378.2,3382.05,219.781,744136.31385
2025-08-07 22:30:00+00:00,3382.05,3391.48,3380.0,3387.85,324.97,1100453.3116
2025-08-07 23:00:00+00:00,3387.85,3390.0,3385.3,3387.33,87.336,295868.47041
2025-08-07 23:30:00+00:00,3387.33,3391.9,3385.65,3389.63,52.98,179502.23285
2025-08-08 00:00:00+00:00,3389.63,3389.98,3381.79,3383.39,180.053,609463.24788
2025-08-08 00:30:00+00:00,3383.39,3388.5,3381.66,3382.1,156.889,531023.16097
2025-08-08 01:00:00+00:00,3382.1,3384.0,3376.98,3379.0,299.82,1013113.72634
2025-08-08 01:30:00+00:00,3379.0,3379.51,3376.98,3377.74,48.292,163161.21356
2025-08-08 02:00:00+00:00,3377.74,3381.98,3377.73,3381.61,12.487,42210.04472
2025-08-08 02:30:00+00:00,3381.61,3382.96,3380.59,3381.78,20.126,68066.96357
2025-08-08 03:00:00+00:00,3381.78,3383.47,3379.11,3382.99,24.085,81434.92338
2025-08-08 03:30:00+00:00,3382.99,3390.63,3382.99,3388.41,94.133,318910.45792
2025-08-08 04:00:00+00:00,3388.41,3391.61,3388.39,3391.26,19.067,64639.03607
2025-08-08 04:30:00+00:00,3391.26,3392.8,3388.95,3388.95,66.481,225489.39917
2025-08-08 05:00:00+00:00,3388.95,3388.95,3385.92,3385.92,17.516,59334.45296
2025-08-08 05:30:00+00:00,3385.92,3388.03,3385.9,3386.96,6.168,20890.34405
2025-08-08 06:00:00+00:00,3386.96,3389.52,3385.9,3387.17,14.029,47520.75992
2025-08-08 06:30:00+00:00,3387.17,3388.6,3385.12,3388.6,84.293,285387.25847
2025-08-08 07:00:00+00:00,3388.6,3393.48,3388.04,3388.53,81.832,277508.69831
2025-08-08 07:30:00+00:00,3388.53,3393.5,3385.0,3392.96,350.075,1186165.5135
2025-08-08 08:00:00+00:00,3392.96,3393.75,3389.11,3389.11,35.924,121859.45082
2025-08-08 08:30:00+00:00,3389.11,3391.71,3387.49,3388.07,53.369,180879.21126
2025-08-08 09:00:00+00:00,3388.07,3393.96,3387.5,3391.4,20.833,70646.12734
2025-08-08 09:30:00+00:00,3391.4,3392.69,3389.23,3392.69,11.086,37591.97353
2025-08-08 10:00:00+00:00,3392.69,3393.4,3384.0,3384.01,56.927,192816.95557
2025-08-08 10:30:00+00:00,3384.01,3385.42,3379.34,3379.34,131.51,444790.71786
2025-08-08 11:00:00+00:00,3379.34,3382.22,3376.58,3376.58,77.875,263151.50081
2025-08-08 11:30:00+00:00,3376.58,3381.38,3376.58,3379.36,27.428,92701.16054
2025-08-08 12:00:00+00:00,3379.36,3387.65,3378.99,3385.87,89.732,303653.60513
2025-08-08 12:30:00+00:00,3385.87,3391.67,3377.05,3382.86,220.709,747368.23882
2025-08-08 13:00:00+00:00,3382.86,3386.0,3378.0,3381.33,110.621,374091.47579
2025-08-08 13:30:00+00:00,3381.33,3389.9,3378.69,3389.9,140.081,474395.62393
2025-08-08 14:00:00+00:00,3389.9,3390.07,3375.69,3375.8,107.201,362305.10226
2025-08-08 14:30:00+00:00,3375.8,3381.51,3375.0,3381.51,97.931,330715.80079
2025-08-08 15:00:00+00:00,3381.51,3385.23,3380.01,3384.29,21.265,71930.50414
2025-08-08 15:30:00+00:00,3384.29,3384.38,3380.36,3384.37,18.874,63847.94753
2025-08-08 16:00:00+00:00,3384.37,3388.5,3384.09,3388.5,59.164,200344.29479
2025-08-08 16:30:00+00:00,3388.5,3390.0,3387.62,3388.25,54.496,184681.4361
2025-08-08 17:00:00+00:00,3388.25,3389.4,3385.72,3388.41,34.438,116687.77649
2025-08-08 17:30:00+00:00,3388.41,3389.69,3377.83,3377.9,63.259,213989.71804
2025-08-08 18:00:00+00:00,3377.9,3391.73,3371.88,3382.41,429.154,1451431.68294
2025-08-08 18:30:00+00:00,3382.41,3388.28,3381.39,3384.91,27.218,92135.86633
2025-08-08 19:00:00+00:00,3384.91,3388.18,3383.27,3384.45,21.685,73407.53383
2025-08-08 19:30:00+00:00,3384.45,3388.7,3383.81,3388.34,12.246,41485.84694
2025-08-08 20:00:00+00:00,3388.34,3388.68,3384.03,3385.7,10.177,34458.99116
2025-08-08 20:30:00+00:00,3385.7,3387.38,3382.5,3387.25,9.804,33191.02178
2025-08-08 21:00:00+00:00,3387.25,3387.49,3383.52,3385.75,11.89,40247.99261
2025-08-08 21:30:00+00:00,3385.75,3385.87,3382.36,3383.23,17.909,60595.15513
2025-08-08 22:00:00+00:00,3383.23,3385.08,3382.5,3385.07,5.431,18376.68892
2025-08-08 22:30:00+00:00,3385.07,3385.11,3383.45,3385.1,8.595,29086.42314
2025-08-08 23:00:00+00:00,3385.1,3386.58,3384.58,3386.03,6.679,22613.94473
2025-08-08 23:30:00+00:00,3386.03,3386.26,3386.03,3386.04,1.857,6288.0535
2025-08-09 00:00:00+00:00,3386.04,3386.04,3386.03,3386.03,1.136,3846.53736
2025-08-09 00:30:00+00:00,3386.03,3386.04,3386.02,3386.03,5.649,19127.68828
2025-08-09 01:00:00+00:00,3386.03,3386.03,3385.32,3385.42,3.284,11118.04136
2025-08-09 01:30:00+00:00,3385.42,3390.0,3385.11,3386.62,45.479,154079.20206
2025-08-09 02:00:00+00:00,3386.62,3386.63,3385.46,3385.47,1.14,3860.17849
2025-08-09 02:30:00+00:00,3385.47,3385.47,3385.24,3385.24,1.403,4749.59311
2025-08-09 03:00:00+00:00,3385.24,3385.25,3385.1,3385.1,5.366,18164.57292
2025-08-09 03:30:00+00:00,3385.1,3385.25,3385.08,3385.08,6.283,21268.9811
2025-08-09 04:00:00+00:00,3385.08,3386.51,3385.08,3386.51,5.388,18242.59703
2025-08-09 04:30:00+00:00,3386.51,3386.62,3384.93,3385.68,9.486,32122.99563
2025-08-09 05:00:00+00:00,3385.68,3386.67,3381.09,3385.05,39.071,132203.16103
2025-08-09 05:30:00+00:00,3385.05,3385.74,3383.98,3385.5,14.656,49604.00737
2025-08-09 06:00:00+00:00,3385.5,3386.22,3381.25,3382.0,26.98,91298.20107
2025-08-09 06:30:00+00:00,3382.0,3386.18,3377.84,3385.42,32.22,108961.80288
2025-08-09 07:00:00+00:00,3385.42,3385.42,3383.94,3384.76,4.451,15064.30412
2025-08-09 07:30:00+00:00,3384.76,3384.79,3382.0,3382.09,9.582,32415.95382
2025-08-09 08:00:00+00:00,3382.09,3383.93,3382.09,3382.95,2.941,9949.03481
2025-08-09 08:30:00+00:00,3382.95,3383.75,3379.05,3380.59,18.472,62455.2166
2025-08-09 09:00:00+00:00,3380.59,3383.72,3379.91,3383.52,26.448,89436.00413
2025-08-09 09:30:00+00:00,3383.52,3383.52,3381.72,3382.36,14.951,50569.75941
2025-08-09 10:00:00+00:00,3382.36,3383.98,3381.48,3382.4,13.074,44227.15685
2025-08-09 10:30:00+00:00,3382.4,3382.53,3382.2,3382.2,1.366,4620.29326
2025-08-09 11:00:00+00:00,3382.2,3383.86,3382.2,3383.86,7.184,24301.60978
2025-08-09 11:30:00+00:00,3383.86,3385.54,3383.86,3383.91,9.21,31174.99722
2025-08-09 12:00:00+00:00,3383.91,3385.52,3382.21,3385.52,7.118,24083.83278
2025-08-09 12:30:00+00:00,3385.52,3385.52,3384.22,3384.99,3.397,11498.43884
2025-08-09 13:00:00+00:00,3384.99,3384.99,3384.46,3384.46,4.478,15156.71078
2025-08-09 13:30:00+00:00,3384.46,3386.43,3381.17,3384.98,28.293,95724.19299
2025-08-09 14:00:00+00:00,3384.98,3389.0,3384.13,3385.97,43.527,147417.35949
2025-08-09 14:30:00+00:00,3385.97,3387.5,3384.11,3387.5,13.763,46591.23798
2025-08-09 15:00:00+00:00,3387.5,3388.7,3387.12,3387.13,5.798,19641.67439
2025-08-09 15:30:00+00:00,3387.13,3387.13,3386.18,3386.18,1.987,6729.05161
2025-08-09 16:00:00+00:00,3386.18,3388.39,3384.04,3387.94,8.024,27174.97817
2025-08-09 16:30:00+00:00,3387.94,3390.11,3384.49,3386.63,30.806,104377.80635
2025-08-09 17:00:00+00:00,3386.63,3386.9,3386.55,3386.71,1.191,4033.51353
2025-08-09 17:30:00+00:00,3386.71,3387.0,3384.73,3384.79,5.81,19675.30394
2025-08-09 18:00:00+00:00,3384.79,3386.1,3384.79,3385.11,2.255,7633.52595
2025-08-09 18:30:00+00:00,3385.11,3386.76,3385.1,3385.77,2.296,7773.38702
2025-08-09 19:00:00+00:00,3385.77,3385.77,3385.03,3385.04,0.61,2065.0305
2025-08-09 19:30:00+00:00,3385.04,3386.73,3385.03,3386.54,3.129,10593.6981
2025-08-09 20:00:00+00:00,3386.54,3386.54,3385.74,3386.35,0.866,2932.24636
2025-08-09 20:30:00+00:00,3386.35,3386.36,3384.74,3385.61,5.4,18282.53832
2025-08-09 21:00:00+00:00,3385.61,3386.9,3385.6,3386.46,10.172,34448.19739
2025-08-09 21:30:00+00:00,3386.46,3387.0,3385.99,3386.98,1.735,5874.9209
2025-08-09 22:00:00+00:00,3386.98,3386.99,3385.71,3386.92,7.697,26068.90109
2025-08-09 22:30:00+00:00,3386.92,3386.93,3386.43,3386.44,1.328,4497.59503
2025-08-09 23:00:00+00:00,3386.44,3386.44,3385.17,3385.18,2.676,9060.69688
2025-08-09 23:30:00+00:00,3385.18,3385.79,3385.17,3385.18,1.327,4492.22313
2025-08-10 00:00:00+00:00,3385.18,3385.32,3385.17,3385.18,1.63,5517.95289
2025-08-10 00:30:00+00:00,3385.18,3385.19,3385.18,3385.19,1.09,3689.84642
2025-08-10 01:00:00+00:00,3385.19,3386.62,3385.19,3386.62,2.556,8655.0857
2025-08-10 01:30:00+00:00,3386.62,3386.62,3385.56,3386.51,3.376,11432.26009
2025-08-10 02:00:00+00:00,3386.51,3389.45,3386.51,3388.64,5.358,18149.31658
2025-08-10 02:30:00+00:00,3388.64,3388.65,3387.25,3387.25,6.7,22698.77422
2025-08-10 03:00:00+00:00,3387.25,3388.42,3384.63,3386.8,27.273,92344.51891
2025-08-10 03:30:00+00:00,3386.8,3387.48,3384.29,3386.12,13.741,46523.78335
2025-08-10 04:00:00+00:00,3386.12,3386.28,3385.54,3385.54,8.375,28357.87379
2025-08-10 04:30:00+00:00,3385.54,3388.5,3385.54,3386.89,4.068,13776.68744
2025-08-10 05:00:00+00:00,3386.89,3390.0,3385.93,3385.93,13.983,47380.99305
2025-08-10 05:30:00+00:00,3385.93,3386.99,3385.93,3386.0,4.982,16873.73
2025-08-10 06:00:00+00:00,3386.0,3386.99,3386.0,3386.42,1.282,4341.82646
2025-08-10 06:30:00+00:00,3386.42,3387.13,3386.41,3387.02,4.114,13933.95704
2025-08-10 07:00:00+00:00,3387.02,3387.13,3387.02,3387.12,0.996,3373.57367
2025-08-10 07:30:00+00:00,3387.12,3387.12,3387.0,3387.0,7.335,24843.81086
2025-08-10 08:00:00+00:00,3387.0,3388.22,3385.0,3388.22,21.01,71144.39783
2025-08-10 08:30:00+00:00,3388.22,3388.42,3387.28,3387.88,6.149,20833.88856
2025-08-10 09:00:00+00:00,3387.88,3387.89,3387.38,3387.38,2.415,8181.47809
2025-08-10 09:30:00+00:00,3387.38,3387.39,3387.3,3387.3,0.515,1744.49292
2025-08-10 10:00:00+00:00,3387.3,3387.3,3385.43,3386.67,6.691,22658.15442
2025-08-10 10:30:00+00:00,3386.67,3386.78,3385.63,3385.63,3.227,10926.4689
2025-08-10 11:00:00+00:00,3385.63,3386.37,3384.58,3385.37,6.102,20654.8534
2025-08-10 11:30:00+00:00,3385.37,3386.5,3385.15,3386.46,2.99,10123.6713
2025-08-10 12:00:00+00:00,3386.46,3389.89,3386.45,3387.87,13.335,45180.00583
2025-08-10 12:30:00+00:00,3387.87,3388.65,3386.14,3387.9,6.64,22492.06346
2025-08-10 13:00:00+00:00,3387.9,3388.87,3387.89,3388.87,4.231,14336.14149
2025-08-10 13:30:00+00:00,3388.87,3388.87,3385.29,3386.71,4.747,16078.48369
2025-08-10 14:00:00+00:00,3386.71,3387.2,3384.38,3385.12,10.629,35994.42892
2025-08-10 14:30:00+00:00,3385.12,3388.55,3385.12,3388.54,4.084,13833.98866
2025-08-10 15:00:00+00:00,3388.54,3388.67,3386.76,3388.06,4.758,16120.48367
2025-08-10 15:30:00+00:00,3388.06,3388.07,3386.46,3387.8,2.643,8953.24579
2025-08-10 16:00:00+00:00,3387.8,3388.68,3386.89,3388.19,6.604,22372.31873
2025-08-10 16:30:00+00:00,3388.19,3388.33,3388.19,3388.28,1.907,6461.37524
2025-08-10 17:00:00+00:00,3388.28,3388.28,3387.0,3387.01,5.12,17344.32018
2025-08-10 17:30:00+00:00,3387.01,3387.24,3387.0,3387.01,1.547,5239.75829
2025-08-10 18:00:00+00:00,3387.01,3387.06,3384.68,3387.06,4.44,15034.17356
2025-08-10 18:30:00+00:00,3387.06,3387.35,3387.06,3387.35,0.695,2354.16714
2025-08-10 19:00:00+00:00,3387.35,3390.0,3387.35,3388.64,6.909,23412.3042
2025-08-10 19:30:00+00:00,3388.64,3388.96,3387.69,3387.78,2.467,8358.84943
2025-08-10 20:00:00+00:00,3387.78,3387.78,3385.48,3386.53,4.441,15039.29199
2025-08-10 20:30:00+00:00,3386.53,3386.59,3386.53,3386.53,2.099,7108.37614
2025-08-10 21:00:00+00:00,3386.53,3388.18,3383.88,3387.97,14.718,49839.64073
2025-08-10 21:30:00+00:00,3387.97,3388.03,3384.56,3386.66,14.191,48053.19364
2025-08-10 22:00:00+00:00,3386.66,3389.2,3376.0,3385.07,306.911,1037979.98508
2025-08-10 22:30:00+00:00,3385.07,3385.12,3383.69,3385.04,8.343,28236.93933
2025-08-10 23:00:00+00:00,3385.04,3386.9,3383.88,3385.49,25.2,85310.75139
2025-08-10 23:30:00+00:00,3385.49,3385.66,3381.82,3381.82,14.072,47625.85937
2025-08-11 00:00:00+00:00,3381.82,3382.29,3376.0,3378.61,96.556,326171.88983
2025-08-11 00:30:00+00:00,3378.61,3378.98,3374.0,3374.64,70.113,236694.7367
2025-08-11 01:00:00+00:00,3374.64,3377.09,3364.98,3370.9,320.113,1078592.40593
2025-08-11 01:30:00+00:00,3370.9,3373.04,3366.85,3370.76,46.176,155543.71835
2025-08-11 02:00:00+00:00,3370.76,3372.65,3364.55,3369.1,179.585,604817.87376
2025-08-11 02:30:00+00:00,3369.1,3372.71,3366.09,3370.1,38.238,128830.48935
2025-08-11 03:00:00+00:00,3370.1,3375.0,3369.34,3372.5,41.11,138595.12213
2025-08-11 03:30:00+00:00,3372.5,3372.94,3369.13,3372.78,23.973,80801.95657
2025-08-11 04:00:00+00:00,3372.78,3374.75,3370.02,3372.94,18.605,62746.02625
2025-08-11 04:30:00+00:00,3372.94,3373.41,3369.71,3369.72,13.474,45422.06643
2025-08-11 05:00:00+00:00,3369.72,3372.8,3368.57,3371.98,49.428,166639.79869
2025-08-11 05:30:00+00:00,3371.98,3372.87,3369.7,3372.09,25.545,86119.38581
2025-08-11 06:00:00+00:00,3372.09,3372.09,3362.83,3362.83,98.383,331073.59339
2025-08-11 06:30:00+00:00,3362.83,3364.43,3358.54,3360.35,99.925,335905.19368
2025-08-11 07:00:00+00:00,3360.35,3360.35,3355.0,3359.51,92.085,309231.58801
2025-08-11 07:30:00+00:00,3359.51,3360.92,3351.98,3355.54,542.048,1818779.86631
2025-08-11 08:00:00+00:00,3355.54,3390.49,3354.55,3362.7,566.58,1907481.00924
2025-08-11 08:30:00+00:00,3362.7,3364.18,3359.1,3359.11,67.855,228042.621
2025-08-11 09:00:00+00:00,3359.11,3361.22,3351.99,3359.71,132.381,444305.49772
2025-08-11 09:30:00+00:00,3359.71,3359.71,3351.25,3351.62,97.325,326487.58755
2025-08-11 10:00:00+00:00,3351.62,3359.68,3350.9,3357.82,42.585,142865.35916
2025-08-11 10:30:00+00:00,3357.82,3359.61,3354.21,3355.28,180.499,605825.64678
2025-08-11 11:00:00+00:00,3355.28,3355.28,3347.24,3348.7,211.048,707173.79289
2025-08-11 11:30:00+00:00,3348.7,3352.88,3348.22,3352.53,77.789,260607.00106
2025-08-11 12:00:00+00:00,3352.53,3353.76,3346.54,3346.55,49.768,166735.45861
2025-08-11 12:30:00+00:00,3346.55,3354.6,3343.47,3354.45,89.981,301093.94696
2025-08-11 13:00:00+00:00,3354.45,3358.13,3347.85,3348.51,120.622,404416.28727
2025-08-11 13:30:00+00:00,3348.51,3358.95,3348.51,3357.62,49.686,166729.81142
2025-08-11 14:00:00+00:00,3357.62,3357.62,3351.01,3351.02,26.38,88492.25922
2025-08-11 14:30:00+00:00,3351.02,3351.02,3341.48,3344.8,132.589,443622.43302
2025-08-11 15:00:00+00:00,3344.8,3348.23,3344.8,3348.23,86.465,289284.91675
2025-08-11 15:30:00+00:00,3348.23,3351.24,3347.18,3347.59,32.201,107841.05055
2025-08-11 16:00:00+00:00,3347.59,3348.7,3345.52,3346.76,21.05,70444.10008
2025-08-11 16:30:00+00:00,3346.76,3346.76,3342.42,3343.02,51.477,172144.54386
2025-08-11 17:00:00+00:00,3343.02,3345.0,3338.0,3345.0,192.887,644534.78235
2025-08-11 17:30:00+00:00,3345.0,3359.19,3341.26,3356.98,128.115,429375.19905
2025-08-11 18:00:00+00:00,3356.98,3358.96,3352.53,3355.33,109.013,365853.94956
2025-08-11 18:30:00+00:00,3355.33,3356.62,3354.1,3355.21,19.546,65577.45758
2025-08-11 19:00:00+00:00,3355.21,3356.26,3352.08,3352.08,14.927,50061.82651
2025-08-11 19:30:00+00:00,3352.08,3352.8,3350.16,3350.39,35.699,119657.33346
2025-08-11 20:00:00+00:00,3350.39,3351.28,3350.05,3350.1,15.848,53098.77579
2025-08-11 20:30:00+00:00,3350.1,3350.1,3342.8,3342.94,58.652,196225.21815
2025-08-11 21:00:00+00:00,3342.94,3343.73,3342.59,3342.59,8.945,29903.4095
2025-08-11 21:30:00+00:00,3342.59,3342.59,3338.51,3339.32,49.981,166978.14784
2025-08-11 22:00:00+00:00,3339.32,3345.23,3339.32,3343.71,45.316,151517.66741
2025-08-11 22:30:00+00:00,3343.71,3345.29,3341.4,3345.29,31.681,105894.40038
2025-08-11 23:00:00+00:00,3345.29,3347.7,3345.01,3346.62,31.122,104142.62912
2025-08-11 23:30:00+00:00,3346.62,3348.0,3346.11,3348.0,7.16,23966.67557
2025-08-12 00:00:00+00:00,3348.0,3351.98,3346.71,3350.01,17.701,59303.79034
2025-08-12 00:30:00+00:00,3350.01,3354.53,3349.96,3354.53,8.764,29388.26906
2025-08-12 01:00:00+00:00,3354.53,3355.98,3350.0,3350.53,35.714,119765.24744
2025-08-12 01:30:00+00:00,3350.53,3351.57,3346.49,3349.13,24.154,80891.28762
2025-08-12 02:00:00+00:00,3349.13,3352.11,3349.13,3352.11,9.1,30493.05801
2025-08-12 02:30:00+00:00,3352.11,3352.8,3349.12,3352.02,27.947,93657.67377
2025-08-12 03:00:00+00:00,3352.02,3354.33,3350.17,3350.17,17.982,60294.67621
2025-08-12 03:30:00+00:00,3350.17,3350.36,3347.52,3347.99,7.643,25595.05711
2025-08-12 04:00:00+00:00,3347.99,3351.57,3347.99,3351.35,6.059,20297.6958
2025-08-12 04:30:00+00:00,3351.35,3353.37,3349.19,3352.85,10.519,35260.50849
2025-08-12 05:00:00+00:00,3352.85,3353.54,3350.54,3351.49,39.34,131857.7443
2025-08-12 05:30:00+00:00,3351.49,3352.14,3349.23,3352.14,22.577,75645.7208
2025-08-12 06:00:00+00:00,3352.14,3352.14,3340.33,3343.74,60.301,201684.88424
2025-08-12 06:30:00+00:00,3343.74,3347.4,3342.58,3343.8,44.663,149409.1864
2025-08-12 07:00:00+00:00,3343.8,3346.85,3343.2,3346.85,9.203,30787.55544
2025-08-12 07:30:00+00:00,3346.85,3354.3,3346.85,3353.0,46.698,156522.23901
2025-08-12 08:00:00+00:00,3353.0,3353.01,3347.7,3347.71,18.452,61818.92213
2025-08-12 08:30:00+00:00,3347.71,3349.13,3345.4,3347.11,24.182,80922.44889
2025-08-12 09:00:00+00:00,3347.11,3349.44,3346.1,3346.51,11.109,37192.87061
2025-08-12 09:30:00+00:00,3346.51,3346.87,3344.29,3344.29,11.274,37716.63249
2025-08-12 10:00:00+00:00,3344.29,3347.84,3343.51,3347.84,9.58,32051.75131
2025-08-12 10:30:00+00:00,3347.84,3347.84,3343.15,3343.15,8.355,27940.96812
2025-08-12 11:00:00+00:00,3343.15,3343.16,3339.06,3341.41,54.112,180781.65263
2025-08-12 11:30:00+00:00,3341.41,3346.77,3335.72,3345.24,102.465,342335.54503
2025-08-12 12:00:00+00:00,3345.24,3346.79,3339.4,3340.07,76.801,256749.2236
2025-08-12 12:30:00+00:00,3340.07,3355.54,3340.07,3348.84,188.535,631394.48328
2025-08-12 13:00:00+00:00,3348.84,3352.07,3343.37,3348.06,78.44,262499.24398
2025-08-12 13:30:00+00:00,3348.06,3354.6,3340.13,3343.73,215.283,720795.25008
2025-08-12 14:00:00+00:00,3343.73,3344.51,3331.0,3334.4,149.446,498436.3016
2025-08-12 14:30:00+00:00,3334.4,3337.23,3331.63,3336.63,44.631,148809.57595
2025-08-12 15:00:00+00:00,3336.63,3355.83,3336.01,3352.71,107.486,359899.47333
2025-08-12 15:30:00+00:00,3352.71,3356.0,3348.55,3348.57,120.795,404896.81391
2025-08-12 16:00:00+00:00,3348.57,3349.69,3346.27,3347.38,17.311,57949.97388
2025-08-12 16:30:00+00:00,3347.38,3349.6,3347.01,3348.12,10.984,36779.8141
2025-08-12 17:00:00+00:00,3348.12,3349.84,3347.47,3347.7,13.644,45683.9444
2025-08-12 17:30:00+00:00,3347.7,3349.23,3346.4,3348.15,22.947,76827.57734
2025-08-12 18:00:00+00:00,3348.15,3349.8,3347.51,3347.51,16.97,56829.09315
2025-08-12 18:30:00+00:00,3347.51,3348.54,3347.14,3348.54,9.179,30728.94429
2025-08-12 19:00:00+00:00,3348.54,3348.54,3345.52,3346.8,8.964,29998.05952
2025-08-12 19:30:00+00:00,3346.8,3348.0,3346.74,3346.77,12.963,43391.08871
2025-08-12 20:00:00+00:00,3346.77,3347.3,3345.78,3347.0,20.972,70189.35495
2025-08-12 20:30:00+00:00,3347.0,3349.6,3346.99,3347.72,71.878,240583.5354
2025-08-12 21:00:00+00:00,3347.72,3347.94,3343.41,3345.24,25.425,85070.75535
2025-08-12 21:30:00+00:00,3345.24,3345.24,3343.2,3344.86,13.683,45760.08638
2025-08-12 22:00:00+00:00,3344.86,3356.72,3343.51,3349.98,97.698,327278.98015
2025-08-12 22:30:00+00:00,3349.98,3350.0,3349.47,3349.48,1.976,6619.03765
2025-08-12 23:00:00+00:00,3349.48,3350.7,3349.42,3350.48,10.687,35801.38454
2025-08-12 23:30:00+00:00,3350.48,3350.83,3348.13,3348.14,10.223,34246.52768
2025-08-13 00:00:00+00:00,3348.14,3348.14,3341.92,3343.62,28.106,93998.00459
2025-08-13 00:30:00+00:00,3343.62,3344.63,3341.93,3341.94,13.666,45690.17927
2025-08-13 01:00:00+00:00,3341.94,3346.19,3341.93,3343.32,12.484,41743.64295
2025-08-13 01:30:00+00:00,3343.32,3349.35,3343.32,3349.29,7.918,26504.87732
2025-08-13 02:00:00+00:00,3349.29,3349.41,3345.51,3348.42,6.582,22032.80889
2025-08-13 02:30:00+00:00,3348.42,3354.73,3347.7,3350.24,38.081,127639.14624
2025-08-13 03:00:00+00:00,3350.24,3351.04,3348.3,3350.46,11.787,39483.65578
2025-08-13 03:30:00+00:00,3350.46,3350.46,3348.75,3348.8,6.361,21303.17615
2025-08-13 04:00:00+00:00,3348.8,3351.31,3348.23,3349.92,8.279,27731.44375
2025-08-13 04:30:00+00:00,3349.92,3350.0,3349.14,3349.99,2.908,9740.27932
2025-08-13 05:00:00+00:00,3349.99,3349.99,3348.23,3349.02,3.479,11651.43528
2025-08-13 05:30:00+00:00,3349.02,3349.34,3345.17,3346.51,24.143,80811.65748
2025-08-13 06:00:00+00:00,3346.51,3356.0,3346.51,3353.9,59.777,200407.51631
2025-08-13 06:30:00+00:00,3353.9,3356.21,3353.24,3355.74,23.833,79949.00793
2025-08-13 07:00:00+00:00,3355.74,3357.86,3353.78,3357.85,28.611,95994.44307
2025-08-13 07:30:00+00:00,3357.85,3358.01,3352.06,3352.92,29.571,99211.9119
2025-08-13 08:00:00+00:00,3352.92,3356.44,3351.49,3353.8,40.707,136506.41011
2025-08-13 08:30:00+00:00,3353.8,3361.23,3353.64,3359.0,104.037,349386.56435
2025-08-13 09:00:00+00:00,3359.0,3363.71,3357.96,3362.13,101.549,341337.86445
2025-08-13 09:30:00+00:00,3362.13,3364.44,3361.85,3364.03,45.667,153586.75934
2025-08-13 10:00:00+00:00,3364.03,3364.45,3362.3,3362.33,19.839,66722.55836
2025-08-13 10:30:00+00:00,3362.33,3365.1,3362.33,3365.1,31.408,105653.74247
2025-08-13 11:00:00+00:00,3365.1,3365.4,3358.01,3359.59,59.561,200217.33463
2025-08-13 11:30:00+00:00,3359.59,3360.0,3358.0,3359.99,37.471,125855.06359
2025-08-13 12:00:00+00:00,3359.99,3361.7,3356.34,3357.62,42.3,142082.53985
2025-08-13 12:30:00+00:00,3357.62,3359.27,3355.66,3357.48,20.393,68472.23663
2025-08-13 13:00:00+00:00,3357.48,3357.49,3353.48,3355.48,49.79,167035.89634
2025-08-13 13:30:00+00:00,3355.48,3362.96,3354.54,3362.72,35.641,119738.14227
2025-08-13 14:00:00+00:00,3362.72,3368.0,3360.7,3362.6,124.329,418327.96687
2025-08-13 14:30:00+00:00,3362.6,3364.15,3358.5,3359.93,46.328,155703.51143
2025-08-13 15:00:00+00:00,3359.93,3360.6,3353.9,3354.41,54.184,181857.40369
2025-08-13 15:30:00+00:00,3354.41,3355.73,3353.8,3355.73,15.266,51212.37168
2025-08-13 16:00:00+00:00,3355.73,3359.39,3355.73,3359.23,15.033,50484.55061
2025-08-13 16:30:00+00:00,3359.23,3359.23,3355.92,3356.34,6.741,22626.01505
2025-08-13 17:00:00+00:00,3356.34,3356.9,3355.0,3355.01,6.1,20473.50161
2025-08-13 17:30:00+00:00,3355.01,3355.23,3351.99,3351.99,10.342,34679.72918
2025-08-13 18:00:00+00:00,3351.99,3352.08,3349.6,3349.61,58.379,195629.41307
2025-08-13 18:30:00+00:00,3349.61,3352.26,3349.31,3352.11,19.187,64287.22361
2025-08-13 19:00:00+00:00,3352.11,3354.18,3351.8,3354.18,10.988,36840.75259
2025-08-13 19:30:00+00:00,3354.18,3356.0,3352.4,3355.99,34.198,114691.94488
2025-08-13 20:00:00+00:00,3355.99,3356.25,3353.1,3354.42,18.647,62553.46193
2025-08-13 20:30:00+00:00,3354.42,3355.1,3353.4,3354.33,9.017,30245.33735
2025-08-13 21:00:00+00:00,3354.33,3355.64,3351.67,3354.59,11.139,37359.08148
2025-08-13 21:30:00+00:00,3354.59,3360.18,3346.47,3354.82,135.062,452908.4
2025-08-13 22:00:00+00:00,3354.82,3355.33,3354.27,3355.32,12.458,41795.87821
2025-08-13 22:30:00+00:00,3355.32,3356.79,3354.27,3354.28,21.966,73716.45855
2025-08-13 23:00:00+00:00,3354.28,3358.69,3354.27,3358.48,21.868,73416.0222
2025-08-13 23:30:00+00:00,3358.48,3360.2,3357.67,3359.95,26.493,89001.75668
2025-08-14 00:00:00+00:00,3359.95,3368.0,3359.9,3368.0,169.935,571853.48767
2025-08-14 00:30:00+00:00,3368.0,3368.16,3365.7,3365.7,190.468,641421.14299
2025-08-14 01:00:00+00:00,3365.7,3367.08,3363.39,3363.4,45.167,152028.45652
2025-08-14 01:30:00+00:00,3363.4,3366.78,3363.19,3364.98,11.756,39556.38359
2025-08-14 02:00:00+00:00,3364.98,3366.5,3363.0,3363.01,19.516,65670.02313
2025-08-14 02:30:00+00:00,3363.01,3365.78,3361.25,3361.25,18.633,62669.31517
2025-08-14 03:00:00+00:00,3361.25,3361.25,3355.3,3355.3,26.973,90552.50654
2025-08-14 03:30:00+00:00,3355.3,3358.7,3354.21,3357.83,19.606,65797.35491
2025-08-14 04:00:00+00:00,3357.83,3361.29,3356.76,3358.74,29.577,99333.92835
2025-08-14 04:30:00+00:00,3358.74,3359.11,3356.97,3358.58,12.47,41877.67347
2025-08-14 05:00:00+00:00,3358.58,3358.65,3356.96,3357.15,10.847,36419.6516
2025-08-14 05:30:00+00:00,3357.15,3357.16,3354.39,3356.29,26.231,88029.74767
2025-08-14 06:00:00+00:00,3356.29,3358.4,3354.36,3355.29,40.583,136190.26203
2025-08-14 06:30:00+00:00,3355.29,3359.53,3354.98,3358.7,20.499,68819.78193
2025-08-14 07:00:00+00:00,3358.7,3362.0,3358.14,3359.85,29.559,99325.0614
2025-08-14 07:30:00+00:00,3359.85,3359.85,3343.66,3344.58,273.261,916204.87421
2025-08-14 08:00:00+00:00,3344.58,3348.01,3341.08,3348.01,213.24,712958.79444
2025-08-14 08:30:00+00:00,3348.01,3348.23,3344.5,3345.72,9.05,30280.95745
2025-08-14 09:00:00+00:00,3345.72,3355.83,3345.21,3354.62,38.206,128039.80977
2025-08-14 09:30:00+00:00,3354.62,3355.5,3352.04,3354.34,10.545,35364.40368
2025-08-14 10:00:00+00:00,3354.34,3355.82,3353.2,3355.75,31.478,105602.71967
2025-08-14 10:30:00+00:00,3355.75,3356.0,3350.97,3352.66,22.221,74501.2756
2025-08-14 11:00:00+00:00,3352.66,3354.8,3351.58,3352.4,29.887,100218.74685
2025-08-14 11:30:00+00:00,3352.4,3354.18,3351.7,3353.2,9.006,30194.3264
2025-08-14 12:00:00+00:00,3353.2,3355.9,3352.27,3352.32,15.711,52691.3183
2025-08-14 12:30:00+00:00,3352.32,3353.2,3342.01,3349.26,226.612,758887.34633
2025-08-14 13:00:00+00:00,3349.26,3352.8,3344.22,3344.38,98.434,329696.00795
2025-08-14 13:30:00+00:00,3344.38,3346.91,3343.79,3343.8,40.779,136394.98342
2025-08-14 14:00:00+00:00,3343.8,3344.03,3333.3,3343.1,151.789,506545.88419
2025-08-14 14:30:00+00:00,3343.1,3344.2,3338.51,3339.23,31.815,106280.2712
2025-08-14 15:00:00+00:00,3339.23,3339.92,3335.5,3337.81,49.361,164741.09778
2025-08-14 15:30:00+00:00,3337.81,3341.48,3337.44,3340.52,49.096,163962.89769
2025-08-14 16:00:00+00:00,3340.52,3341.23,3330.0,3332.28,116.746,389159.59232
2025-08-14 16:30:00+00:00,3332.28,3335.04,3330.9,3333.31,63.688,212282.17806
2025-08-14 17:00:00+00:00,3333.31,3337.36,3332.03,3336.49,19.743,65839.49679
2025-08-14 17:30:00+00:00,3336.49,3337.9,3336.36,3337.66,34.343,114600.11365
2025-08-14 18:00:00+00:00,3337.66,3338.08,3336.01,3336.02,18.629,62159.30978
2025-08-14 18:30:00+00:00,3336.02,3337.83,3336.01,3337.83,26.007,86778.46114
2025-08-14 19:00:00+00:00,3337.83,3341.62,3337.51,3339.61,45.471,151819.14453
2025-08-14 19:30:00+00:00,3339.61,3339.7,3336.75,3336.76,7.902,26372.45628
2025-08-14 20:00:00+00:00,3336.76,3339.06,3333.89,3335.18,80.143,267342.10824
2025-08-14 20:30:00+00:00,3335.18,3335.19,3334.71,3334.8,5.318,17735.32296
2025-08-14 21:00:00+00:00,3334.8,3335.6,3334.17,3334.26,10.18,33948.70241
2025-08-14 21:30:00+00:00,3334.26,3336.18,3332.98,3334.15,17.904,59692.68514
2025-08-14 22:00:00+00:00,3334.15,3335.45,3332.81,3332.89,9.641,32148.88416
2025-08-14 22:30:00+00:00,3332.89,3334.81,3332.89,3332.96,23.04,76802.88697
2025-08-14 23:00:00+00:00,3332.96,3334.8,3332.66,3334.66,9.228,30758.55554
2025-08-14 23:30:00+00:00,3334.66,3335.94,3334.47,3334.84,9.424,31432.36578
2025-08-15 00:00:00+00:00,3334.84,3336.72,3332.78,3335.17,26.488,88326.73309
2025-08-15 00:30:00+00:00,3335.17,3337.36,3334.39,3336.95,14.114,47079.92948
2025-08-15 01:00:00+00:00,3336.95,3336.95,3333.64,3335.6,17.619,58761.0603
2025-08-15 01:30:00+00:00,3335.6,3339.2,3335.5,3339.2,23.388,78054.74391
2025-08-15 02:00:00+00:00,3339.2,3339.2,3336.01,3336.35,12.696,42382.08098
2025-08-15 02:30:00+00:00,3336.35,3339.74,3336.35,3339.31,23.195,77450.19671
2025-08-15 03:00:00+00:00,3339.31,3340.34,3339.31,3340.01,7.584,25331.24835
2025-08-15 03:30:00+00:00,3340.01,3343.01,3340.0,3342.72,29.514,98620.82213
2025-08-15 04:00:00+00:00,3342.72,3344.21,3342.28,3344.21,16.195,54147.72803
2025-08-15 04:30:00+00:00,3344.21,3344.36,3343.05,3343.35,17.486,58472.20329
2025-08-15 05:00:00+00:00,3343.35,3346.79,3342.59,3342.71,25.363,84843.74082
2025-08-15 05:30:00+00:00,3342.71,3345.83,3341.6,3343.7,47.231,157966.38133
2025-08-15 06:00:00+00:00,3343.7,3343.7,3340.72,3341.53,28.462,95134.19109
2025-08-15 06:30:00+00:00,3341.53,3342.85,3340.48,3340.48,5.358,17903.56052
2025-08-15 07:00:00+00:00,3340.48,3344.87,3340.33,3344.51,24.729,82652.74304
2025-08-15 07:30:00+00:00,3344.51,3346.17,3340.65,3345.81,21.563,72097.49092
2025-08-15 08:00:00+00:00,3345.81,3347.37,3339.06,3339.4,66.086,220913.4632
2025-08-15 08:30:00+00:00,3339.4,3342.01,3338.35,3341.66,59.474,198678.28686
2025-08-15 09:00:00+00:00,3341.66,3343.6,3339.39,3343.59,40.089,133934.75625
2025-08-15 09:30:00+00:00,3343.59,3343.62,3340.63,3342.97,16.841,56294.45227
2025-08-15 10:00:00+00:00,3342.97,3343.3,3338.73,3338.74,11.671,38990.8575
2025-08-15 10:30:00+00:00,3338.74,3341.1,3338.0,3338.43,28.098,93822.61892
2025-08-15 11:00:00+00:00,3338.43,3340.55,3338.0,3340.26,19.342,64587.97937
2025-08-15 11:30:00+00:00,3340.26,3343.88,3340.26,3342.72,15.885,53098.02619
2025-08-15 12:00:00+00:00,3342.72,3342.81,3337.82,3337.86,21.582,72070.08312
2025-08-15 12:30:00+00:00,3337.86,3343.77,3335.49,3342.7,64.022,213794.56091
2025-08-15 13:00:00+00:00,3342.7,3345.82,3338.25,3339.28,32.495,108590.01501
2025-08-15 13:30:00+00:00,3339.28,3340.56,3334.3,3336.47,41.034,136941.1268
2025-08-15 14:00:00+00:00,3336.47,3342.2,3335.8,3338.89,65.663,219363.01109
2025-08-15 14:30:00+00:00,3338.89,3342.37,3338.24,3341.82,17.26,57665.04848
2025-08-15 15:00:00+00:00,3341.82,3343.97,3341.52,3342.14,42.626,142478.36236
2025-08-15 15:30:00+00:00,3342.14,3343.59,3340.78,3340.85,43.779,146309.39745
2025-08-15 16:00:00+00:00,3340.85,3341.02,3336.4,3337.5,29.832,99595.7619
2025-08-15 16:30:00+00:00,3337.5,3337.9,3336.09,3336.8,19.669,65635.2332
2025-08-15 17:00:00+00:00,3336.8,3338.09,3335.53,3336.47,24.42,81482.56179
2025-08-15 17:30:00+00:00,3336.47,3336.87,3335.8,3335.81,17.695,59038.50259
2025-08-15 18:00:00+00:00,3335.81,3337.3,3335.41,3337.3,11.192,37338.0977
2025-08-15 18:30:00+00:00,3337.3,3337.3,3335.56,3336.12,13.694,45686.83133
2025-08-15 19:00:00+00:00,3336.12,3336.12,3335.19,3336.06,6.594,21994.64528
2025-08-15 19:30:00+00:00,3336.06,3338.69,3336.06,3338.69,6.7,22360.57449
2025-08-15 20:00:00+00:00,3338.69,3338.69,3336.0,3336.93,21.988,73383.56526
2025-08-15 20:30:00+00:00,3336.93,3336.93,3335.64,3335.64,5.349,17845.07506
2025-08-15 21:00:00+00:00,3335.64,3336.3,3335.2,3336.01,10.839,36154.65707
2025-08-15 21:30:00+00:00,3336.01,3336.67,3335.0,3336.08,8.495,28335.43252
2025-08-15 22:00:00+00:00,3336.08,3337.35,3336.08,3336.84,4.737,15806.46918
2025-08-15 22:30:00+00:00,3336.84,3339.32,3336.84,3338.72,8.038,26836.8217
2025-08-15 23:00:00+00:00,3338.72,3339.01,3336.32,3336.32,10.848,36213.63155
2025-08-15 23:30:00+00:00,3336.32,3336.33,3335.74,3335.74,2.761,9210.23371
2025-08-16 00:00:00+00:00,3335.74,3339.9,3335.17,3338.99,32.752,109293.62951
2025-08-16 00:30:00+00:00,3338.99,3339.32,3337.56,3339.01,7.828,26135.7065
2025-08-16 01:00:00+00:00,3339.01,3339.23,3338.14,3338.23,3.392,11325.1755
2025-08-16 01:30:00+00:00,3338.23,3338.47,3337.76,3338.08,5.544,18507.10283
2025-08-16 02:00:00+00:00,3338.08,3338.21,3338.07,3338.2,0.742,2476.89163
2025-08-16 02:30:00+00:00,3338.2,3338.21,3337.76,3337.77,0.678,2263.22948
2025-08-16 03:00:00+00:00,3337.77,3337.77,3336.54,3336.54,6.888,22987.8188
2025-08-16 03:30:00+00:00,3336.54,3337.26,3336.54,3336.98,2.434,8122.81871
2025-08-16 04:00:00+00:00,3336.98,3336.98,3336.41,3336.51,2.914,9722.33697
2025-08-16 04:30:00+00:00,3336.51,3337.55,3336.51,3337.42,2.15,7175.36064
2025-08-16 05:00:00+00:00,3337.42,3337.42,3337.28,3337.28,1.751,5843.76905
2025-08-16 05:30:00+00:00,3337.28,3338.16,3336.42,3337.43,16.181,53994.82404
2025-08-16 06:00:00+00:00,3337.43,3338.42,3337.42,3338.42,4.028,13445.20984
2025-08-16 06:30:00+00:00,3338.42,3338.59,3338.42,3338.54,5.201,17363.77789
2025-08-16 07:00:00+00:00,3338.54,3338.55,3338.54,3338.54,2.178,7271.3527
2025-08-16 07:30:00+00:00,3338.54,3338.55,3337.56,3337.61,7.882,26313.15476
2025-08-16 08:00:00+00:00,3337.61,3338.03,3336.41,3338.03,48.465,161713.08977
2025-08-16 08:30:00+00:00,3338.03,3338.34,3338.03,3338.29,2.212,7383.99939
2025-08-16 09:00:00+00:00,3338.29,3338.29,3337.98,3338.22,1.807,6032.1279
2025-08-16 09:30:00+00:00,3338.22,3338.22,3336.96,3336.97,1.858,6200.50363
2025-08-16 10:00:00+00:00,3336.97,3337.73,3336.97,3337.73,10.82,36111.47401
2025-08-16 10:30:00+00:00,3337.73,3337.95,3337.71,3337.77,4.346,14506.04593
2025-08-16 11:00:00+00:00,3337.77,3338.01,3337.74,3337.8,3.139,10477.28983
2025-08-16 11:30:00+00:00,3337.8,3338.06,3337.8,3337.92,4.458,14880.65478
2025-08-16 12:00:00+00:00,3337.92,3337.92,3336.87,3337.15,5.948,19848.98762
2025-08-16 12:30:00+00:00,3337.15,3337.79,3337.15,3337.73,5.871,19595.57021
2025-08-16 13:00:00+00:00,3337.73,3337.92,3337.72,3337.92,2.494,8324.62345
2025-08-16 13:30:00+00:00,3337.92,3337.97,3337.91,3337.97,6.208,20721.96069
2025-08-16 14:00:00+00:00,3337.97,3338.0,3337.93,3337.95,5.31,17724.67658
2025-08-16 14:30:00+00:00,3337.95,3337.97,3337.94,3337.97,4.079,13615.53674
2025-08-16 15:00:00+00:00,3337.97,3338.11,3337.96,3338.11,2.307,7700.71971
2025-08-16 15:30:00+00:00,3338.11,3338.4,3338.1,3338.4,3.276,10936.45658
2025-08-16 16:00:00+00:00,3338.4,3338.43,3337.65,3338.11,4.939,16487.08573
2025-08-16 16:30:00+00:00,3338.11,3338.15,3337.3,3338.02,10.086,33666.5086
2025-08-16 17:00:00+00:00,3338.02,3338.04,3337.51,3337.63,5.422,18098.38346
2025-08-16 17:30:00+00:00,3337.63,3337.63,3337.62,3337.63,1.437,4796.1692
2025-08-16 18:00:00+00:00,3337.63,3337.63,3337.62,3337.62,0.35,1168.16802
2025-08-16 18:30:00+00:00,3337.62,3337.63,3337.62,3337.62,0.171,570.73312
2025-08-16 19:00:00+00:00,3337.62,3337.71,3337.62,3337.71,1.338,4465.75116
2025-08-16 19:30:00+00:00,3337.71,3338.04,3337.71,3337.95,2.227,7433.35387
2025-08-16 20:00:00+00:00,3337.95,3337.95,3337.94,3337.94,1.03,3438.08171
2025-08-16 20:30:00+00:00,3337.94,3337.95,3337.94,3337.94,0.856,2857.28114
2025-08-16 21:00:00+00:00,3337.94,3337.95,3337.94,3337.94,0.537,1792.47411
2025-08-16 21:30:00+00:00,3337.94,3338.99,3337.94,3338.23,0.913,3048.01492
2025-08-16 22:00:00+00:00,3338.23,3338.23,3338.0,3338.0,0.46,1535.51663
2025-08-16 22:30:00+00:00,3338.0,3338.01,3338.0,3338.01,0.137,457.30672
2025-08-16 23:00:00+00:00,3338.01,3338.01,3338.0,3338.0,1.089,3635.08499
2025-08-16 23:30:00+00:00,3338.0,3338.01,3338.0,3338.0,0.162,540.75755
2025-08-17 00:00:00+00:00,3338.0,3338.45,3338.0,3338.44,4.54,15156.0482
2025-08-17 00:30:00+00:00,3338.44,3338.45,3338.44,3338.45,2.361,7882.07439
2025-08-17 01:00:00+00:00,3338.45,3338.46,3338.44,3338.45,5.246,17513.52004
2025-08-17 01:30:00+00:00,3338.45,3338.45,3338.38,3338.38,0.843,2814.27158
2025-08-17 02:00:00+00:00,3338.38,3338.38,3338.07,3338.08,1.643,5484.55155
2025-08-17 02:30:00+00:00,3338.08,3338.08,3338.07,3338.07,0.427,1425.35743
2025-08-17 03:00:00+00:00,3338.07,3338.08,3338.07,3338.07,5.903,19704.65716
2025-08-17 03:30:00+00:00,3338.07,3338.08,3338.07,3338.07,4.961,16560.19008
2025-08-17 04:00:00+00:00,3338.07,3338.45,3338.07,3338.45,7.144,23848.61501
2025-08-17 04:30:00+00:00,3338.45,3338.45,3338.44,3338.44,0.114,380.58216
2025-08-17 05:00:00+00:00,3338.44,3338.45,3338.44,3338.45,8.083,26984.6737
2025-08-17 05:30:00+00:00,3338.45,3338.45,3338.3,3338.3,1.428,4767.29079
2025-08-17 06:00:00+00:00,3338.3,3338.31,3337.9,3337.9,3.4,11349.6699
2025-08-17 06:30:00+00:00,3337.9,3337.91,3337.9,3337.9,0.609,2032.78352
2025-08-17 07:00:00+00:00,3337.9,3337.91,3337.9,3337.9,1.313,4382.66331
2025-08-17 07:30:00+00:00,3337.9,3337.9,3336.99,3336.99,1.796,5994.35977
2025-08-17 08:00:00+00:00,3336.99,3337.66,3336.95,3337.49,8.668,28928.29657
2025-08-17 08:30:00+00:00,3337.49,3337.49,3336.98,3337.16,9.954,33219.79321
2025-08-17 09:00:00+00:00,3337.16,3337.36,3336.65,3336.69,6.641,22161.79748
2025-08-17 09:30:00+00:00,3336.69,3338.45,3336.69,3337.8,33.851,112973.92258
2025-08-17 10:00:00+00:00,3337.8,3338.45,3336.71,3337.51,9.489,31672.11936
2025-08-17 10:30:00+00:00,3337.51,3338.44,3337.47,3338.4,12.626,42144.46827
2025-08-17 11:00:00+00:00,3338.4,3338.4,3337.45,3337.65,3.61,12049.51136
2025-08-17 11:30:00+00:00,3337.65,3337.96,3337.65,3337.89,6.178,20621.2234
2025-08-17 12:00:00+00:00,3337.89,3337.89,3337.6,3337.64,7.424,24778.91608
2025-08-17 12:30:00+00:00,3337.64,3337.69,3337.61,3337.67,5.907,19715.51641
2025-08-17 13:00:00+00:00,3337.67,3339.04,3337.6,3339.03,29.971,100054.86975
2025-08-17 13:30:00+00:00,3339.03,3339.03,3338.9,3338.98,4.173,13933.55418
2025-08-17 14:00:00+00:00,3338.98,3338.98,3337.6,3337.61,38.847,129666.18068
2025-08-17 14:30:00+00:00,3337.61,3338.44,3337.61,3338.33,3.137,10472.2862
2025-08-17 15:00:00+00:00,3338.33,3338.46,3338.2,3338.37,3.112,10388.73886
2025-08-17 15:30:00+00:00,3338.37,3338.76,3338.37,3338.74,5.786,19317.30777
2025-08-17 16:00:00+00:00,3338.74,3338.74,3337.78,3337.8,7.591,25339.38969
2025-08-17 16:30:00+00:00,3337.8,3338.04,3337.6,3337.61,10.227,34136.17396
2025-08-17 17:00:00+00:00,3337.61,3337.63,3337.59,3337.6,4.619,15416.41436
2025-08-17 17:30:00+00:00,3337.6,3337.6,3337.59,3337.6,5.783,19301.31923
2025-08-17 18:00:00+00:00,3337.6,3337.6,3337.48,3337.59,6.671,22265.02161
2025-08-17 18:30:00+00:00,3337.59,3337.73,3337.55,3337.55,9.58,31973.88621
2025-08-17 19:00:00+00:00,3337.55,3338.45,3337.49,3337.57,10.29,34344.60889
2025-08-17 19:30:00+00:00,3337.57,3337.57,3337.33,3337.33,5.83,19457.68009
2025-08-17 20:00:00+00:00,3337.33,3337.81,3337.24,3337.69,13.779,45987.35311
2025-08-17 20:30:00+00:00,3337.69,3337.78,3336.85,3337.57,11.041,36847.55473
2025-08-17 21:00:00+00:00,3337.57,3338.77,3336.85,3337.05,13.737,45851.12462
2025-08-17 21:30:00+00:00,3337.05,3337.84,3337.01,3337.03,6.34,21158.81839
2025-08-17 22:00:00+00:00,3337.03,3337.25,3333.16,3334.81,146.5,488542.90423
2025-08-17 22:30:00+00:00,3334.81,3335.41,3334.0,3334.0,18.515,61743.53449
2025-08-17 23:00:00+00:00,3334.0,3334.1,3325.0,3329.06,253.984,845315.99564
2025-08-17 23:30:00+00:00,3329.06,3329.62,3326.58,3327.4,78.222,260351.84948
2025-08-18 00:00:00+00:00,3327.4,3341.68,3327.39,3339.96,130.721,435825.20985
2025-08-18 00:30:00+00:00,3339.96,3342.54,3338.93,3340.39,87.256,291527.67216
2025-08-18 01:00:00+00:00,3340.39,3343.67,3340.17,3341.42,130.257,435363.55719
2025-08-18 01:30:00+00:00,3341.42,3347.8,3340.6,3347.26,242.939,812539.18364
2025-08-18 02:00:00+00:00,3347.26,3348.04,3343.27,3343.59,110.24,368810.22202
2025-08-18 02:30:00+00:00,3343.59,3345.19,3342.8,3343.17,30.513,102024.75173
2025-08-18 03:00:00+00:00,3343.17,3347.23,3342.96,3346.39,82.838,277131.00439
2025-08-18 03:30:00+00:00,3346.39,3352.5,3346.38,3347.38,129.683,434342.84819
2025-08-18 04:00:00+00:00,3347.38,3352.5,3347.38,3352.01,78.644,263509.69026
2025-08-18 04:30:00+00:00,3352.01,3357.23,3351.7,3356.9,98.013,328802.31624
2025-08-18 05:00:00+00:00,3356.9,3357.6,3351.7,3351.71,93.68,314241.33335
2025-08-18 05:30:00+00:00,3351.71,3351.71,3346.41,3350.08,69.418,232487.67296
2025-08-18 06:00:00+00:00,3350.08,3351.1,3346.96,3349.01,40.317,135027.3349
2025-08-18 06:30:00+00:00,3349.01,3350.28,3347.7,3348.39,25.184,84335.24861
2025-08-18 07:00:00+00:00,3348.39,3356.25,3348.39,3353.54,76.618,256882.95709
2025-08-18 07:30:00+00:00,3353.54,3353.54,3347.52,3348.29,69.754,233614.05102
2025-08-18 08:00:00+00:00,3348.29,3348.86,3345.17,3346.84,45.113,150996.46719
2025-08-18 08:30:00+00:00,3346.84,3349.69,3346.84,3348.2,58.676,196451.674
2025-08-18 09:00:00+00:00,3348.2,3349.73,3347.7,3347.92,29.718,99514.10119
2025-08-18 09:30:00+00:00,3347.92,3350.12,3346.3,3347.5,137.411,460049.20598
2025-08-18 10:00:00+00:00,3347.5,3349.14,3346.88,3346.89,14.828,49643.03569
2025-08-18 10:30:00+00:00,3346.89,3348.99,3345.45,3346.5,39.252,131377.12622
2025-08-18 11:00:00+00:00,3346.5,3348.49,3346.0,3346.91,10.791,36124.86167
2025-08-18 11:30:00+00:00,3346.91,3346.91,3343.35,3343.6,127.716,427212.5167
2025-08-18 12:00:00+00:00,3343.6,3346.87,3343.4,3345.69,42.829,143284.79111
2025-08-18 12:30:00+00:00,3345.69,3347.7,3342.0,3343.3,49.473,165495.08599
2025-08-18 13:00:00+00:00,3343.3,3343.3,3338.8,3341.9,148.455,495934.03687
2025-08-18 13:30:00+00:00,3341.9,3341.9,3335.49,3335.91,151.058,504285.36422
2025-08-18 14:00:00+00:00,3335.91,3337.33,3332.0,3336.12,109.756,366024.97712
2025-08-18 14:30:00+00:00,3336.12,3338.45,3333.4,3334.01,71.906,239904.21491
2025-08-18 15:00:00+00:00,3334.01,3335.3,3333.35,3334.65,45.389,151341.03647
2025-08-18 15:30:00+00:00,3334.65,3336.94,3333.88,3335.95,34.843,116213.314
2025-08-18 16:00:00+00:00,3335.95,3335.99,3332.52,3332.7,26.267,87568.75099
2025-08-18 16:30:00+00:00,3332.7,3334.53,3332.51,3334.2,20.475,68258.16951
2025-08-18 17:00:00+00:00,3334.2,3334.75,3332.0,3332.75,33.579,111921.55684
2025-08-18 17:30:00+00:00,3332.75,3334.8,3332.7,3333.61,14.459,48203.11331
2025-08-18 18:00:00+00:00,3333.61,3333.68,3332.31,3333.12,11.158,37191.68922
2025-08-18 18:30:00+00:00,3333.12,3333.3,3332.0,3332.21,37.422,124708.17057
2025-08-18 19:00:00+00:00,3332.21,3332.68,3330.9,3332.28,40.579,135202.28964
2025-08-18 19:30:00+00:00,3332.28,3334.72,3332.12,3334.72,15.117,50388.78959
2025-08-18 20:00:00+00:00,3334.72,3334.72,3333.7,3333.95,11.051,36843.52141
2025-08-18 20:30:00+00:00,3333.95,3334.3,3333.31,3333.5,7.603,25347.04508
2025-08-18 21:00:00+00:00,3333.5,3335.96,3333.5,3335.09,10.486,34967.72112
2025-08-18 21:30:00+00:00,3335.09,3336.06,3334.47,3335.65,31.472,104972.29455
2025-08-18 22:00:00+00:00,3335.65,3335.65,3333.67,3334.93,23.784,79305.5251
2025-08-18 22:30:00+00:00,3334.93,3334.94,3332.19,3334.57,75.943,253184.40001
2025-08-18 23:00:00+00:00,3334.57,3334.6,3332.39,3332.39,17.085,56956.61618
2025-08-18 23:30:00+00:00,3332.39,3334.1,3330.8,3331.41,65.726,219049.41449
2025-08-19 00:00:00+00:00,3331.41,3339.64,3327.3,3338.5,213.6,712025.50382
2025-08-19 00:30:00+00:00,3338.5,3338.59,3334.49,3335.67,52.747,176005.63427
2025-08-19 01:00:00+00:00,3335.67,3336.24,3332.3,3333.95,25.322,84416.93594
2025-08-19 01:30:00+00:00,3333.95,3336.71,3333.49,3334.49,20.335,67816.39572
2025-08-19 02:00:00+00:00,3334.49,3336.2,3332.17,3335.46,27.397,91328.6159
2025-08-19 02:30:00+00:00,3335.46,3340.5,3332.57,3338.44,145.877,486692.76149
2025-08-19 03:00:00+00:00,3338.44,3344.05,3338.15,3343.16,92.78,310039.43144
2025-08-19 03:30:00+00:00,3343.16,3343.44,3338.51,3339.0,34.992,116877.17083
2025-08-19 04:00:00+00:00,3339.0,3339.83,3335.8,3336.98,62.998,210277.67462
2025-08-19 04:30:00+00:00,3336.98,3339.25,3335.79,3339.02,36.24,120937.20705
2025-08-19 05:00:00+00:00,3339.02,3343.24,3338.31,3341.31,33.646,112416.37116
2025-08-19 05:30:00+00:00,3341.31,3342.64,3337.65,3337.65,11.417,38137.03861
2025-08-19 06:00:00+00:00,3337.65,3338.73,3336.39,3336.84,62.892,209927.63733
2025-08-19 06:30:00+00:00,3336.84,3337.4,3336.04,3336.78,17.638,58852.17757
2025-08-19 07:00:00+00:00,3336.78,3341.19,3336.06,3339.92,27.67,92375.1732
2025-08-19 07:30:00+00:00,3339.92,3339.94,3338.09,3339.43,9.947,33215.99166
2025-08-19 08:00:00+00:00,3339.43,3340.0,3337.12,3339.0,27.836,92944.86684
2025-08-19 08:30:00+00:00,3339.0,3339.0,3337.13,3337.25,27.077,90390.29054
2025-08-19 09:00:00+00:00,3337.25,3339.35,3337.25,3338.29,94.08,314118.05139
2025-08-19 09:30:00+00:00,3338.29,3339.59,3337.97,3339.49,24.961,83339.97661
2025-08-19 10:00:00+00:00,3339.49,3344.82,3339.49,3343.6,95.834,320366.69205
2025-08-19 10:30:00+00:00,3343.6,3345.94,3342.08,3344.19,59.125,197685.34676
2025-08-19 11:00:00+00:00,3344.19,3344.79,3341.12,3341.13,36.383,121646.73516
2025-08-19 11:30:00+00:00,3341.13,3342.85,3339.22,3341.26,88.534,295834.09829
2025-08-19 12:00:00+00:00,3341.26,3341.86,3337.5,3339.01,112.685,376377.13078
2025-08-19 12:30:00+00:00,3339.01,3339.31,3336.0,3336.37,72.564,242161.85551
2025-08-19 13:00:00+00:00,3336.37,3337.06,3325.18,3333.44,343.537,1144594.94652
2025-08-19 13:30:00+00:00,3333.44,3339.32,3333.44,3336.04,72.574,242230.9521
2025-08-19 14:00:00+00:00,3336.04,3338.22,3334.52,3335.77,75.805,252909.61511
2025-08-19 14:30:00+00:00,3335.77,3336.78,3323.66,3327.02,160.758,535018.70674
2025-08-19 15:00:00+00:00,3327.02,3328.95,3324.0,3326.56,170.157,565961.83134
2025-08-19 15:30:00+00:00,3326.56,3328.74,3324.17,3324.74,63.805,212209.32993
2025-08-19 16:00:00+00:00,3324.74,3326.5,3322.0,3322.06,156.589,520438.92172
2025-08-19 16:30:00+00:00,3322.06,3323.17,3320.43,3320.51,104.124,345840.31579
2025-08-19 17:00:00+00:00,3320.51,3321.5,3318.91,3318.91,91.542,303940.21459
2025-08-19 17:30:00+00:00,3318.91,3323.5,3318.91,3321.38,81.776,271659.16392
2025-08-19 18:00:00+00:00,3321.38,3322.32,3320.07,3322.32,27.088,89960.02045
2025-08-19 18:30:00+00:00,3322.32,3323.08,3321.2,3321.2,31.111,103363.4453
2025-08-19 19:00:00+00:00,3321.2,3321.2,3319.94,3320.74,41.6,138128.51669
2025-08-19 19:30:00+00:00,3320.74,3321.37,3318.82,3318.82,43.479,144348.93011
2025-08-19 20:00:00+00:00,3318.82,3319.4,3316.13,3319.4,50.229,166642.63201
2025-08-19 20:30:00+00:00,3319.4,3320.5,3316.9,3319.4,50.721,168324.12988
2025-08-19 21:00:00+00:00,3319.4,3319.66,3318.29,3319.18,38.967,129345.77848
2025-08-19 21:30:00+00:00,3319.18,3320.58,3318.95,3320.58,9.343,31011.19315
2025-08-19 22:00:00+00:00,3320.58,3320.59,3319.5,3320.08,18.426,61179.81095
2025-08-19 22:30:00+00:00,3320.08,3320.09,3319.22,3319.62,22.561,74898.47077
2025-08-19 23:00:00+00:00,3319.62,3319.87,3317.8,3318.2,16.485,54708.2977
2025-08-19 23:30:00+00:00,3318.2,3318.87,3317.01,3317.58,30.505,101209.7207
2025-08-20 00:00:00+00:00,3317.58,3318.77,3317.06,3317.12,23.298,77301.67407
2025-08-20 00:30:00+00:00,3317.12,3319.8,3313.77,3319.56,204.051,676639.3549
2025-08-20 01:00:00+00:00,3319.56,3319.56,3315.51,3315.51,39.552,131198.95771
2025-08-20 01:30:00+00:00,3315.51,3320.4,3315.49,3319.68,91.815,304645.80268
2025-08-20 02:00:00+00:00,3319.68,3319.68,3315.64,3318.18,92.932,308321.47261
2025-08-20 02:30:00+00:00,3318.18,3318.18,3316.0,3316.96,20.55,68172.95859
2025-08-20 03:00:00+00:00,3316.96,3320.7,3316.46,3319.57,27.179,90219.36261
2025-08-20 03:30:00+00:00,3319.57,3320.23,3317.6,3319.3,46.578,154598.07973
2025-08-20 04:00:00+00:00,3319.3,3320.92,3319.3,3320.85,17.235,57225.07802
2025-08-20 04:30:00+00:00,3320.85,3323.4,3320.76,3321.76,31.638,105112.23342
2025-08-20 05:00:00+00:00,3321.76,3322.75,3320.75,3321.5,18.709,62149.64896
2025-08-20 05:30:00+00:00,3321.5,3325.25,3321.07,3325.25,38.981,129552.30905
2025-08-20 06:00:00+00:00,3325.25,3327.28,3324.65,3324.91,67.959,226051.12534
2025-08-20 06:30:00+00:00,3324.91,3326.35,3323.48,3324.79,78.498,261012.88104
2025-08-20 07:00:00+00:00,3324.79,3328.86,3324.72,3326.82,91.856,305578.10065
2025-08-20 07:30:00+00:00,3326.82,3327.49,3325.6,3325.7,84.465,280986.68883
2025-08-20 08:00:00+00:00,3325.7,3325.71,3324.05,3324.06,25.898,86109.35819
2025-08-20 08:30:00+00:00,3324.06,3330.32,3323.41,3327.68,92.699,308456.85898
2025-08-20 09:00:00+00:00,3327.68,3330.56,3326.97,3330.01,330.049,1099034.27259
2025-08-20 09:30:00+00:00,3330.01,3330.82,3329.1,3330.17,303.797,1011740.76206
2025-08-20 10:00:00+00:00,3330.17,3330.34,3327.85,3328.99,62.245,207254.44193
2025-08-20 10:30:00+00:00,3328.99,3329.67,3328.19,3328.86,54.807,182441.20145
2025-08-20 11:00:00+00:00,3328.86,3332.56,3328.86,3332.55,65.341,217643.93613
2025-08-20 11:30:00+00:00,3332.55,3334.74,3332.25,3334.74,69.373,231229.48426
2025-08-20 12:00:00+00:00,3334.74,3339.85,3333.2,3339.74,111.044,370503.07662
2025-08-20 12:30:00+00:00,3339.74,3346.82,3339.65,3346.64,140.764,470587.26363
2025-08-20 13:00:00+00:00,3346.64,3346.64,3339.75,3341.59,226.31,756502.16199
2025-08-20 13:30:00+00:00,3341.59,3348.28,3341.47,3345.69,337.522,1128895.05561
2025-08-20 14:00:00+00:00,3345.69,3346.08,3340.96,3344.9,166.245,555797.36164
2025-08-20 14:30:00+00:00,3344.9,3350.56,3344.9,3348.79,212.506,711263.01784
2025-08-20 15:00:00+00:00,3348.79,3348.79,3341.0,3341.8,77.18,258120.08904
2025-08-20 15:30:00+00:00,3341.8,3342.64,3339.27,3340.54,149.144,498285.39799
2025-08-20 16:00:00+00:00,3340.54,3345.1,3340.54,3344.52,69.177,231237.94344
2025-08-20 16:30:00+00:00,3344.52,3345.48,3344.21,3345.32,39.209,131146.50338
2025-08-20 17:00:00+00:00,3345.32,3346.87,3345.32,3346.72,51.624,172746.87745
2025-08-20 17:30:00+00:00,3346.72,3347.79,3346.5,3347.52,31.087,104043.8693
2025-08-20 18:00:00+00:00,3347.52,3347.52,3344.97,3345.55,20.086,67200.39642
2025-08-20 18:30:00+00:00,3345.55,3348.02,3345.1,3345.93,48.131,161051.9849
2025-08-20 19:00:00+00:00,3345.93,3349.1,3345.89,3349.06,74.382,248998.96287
2025-08-20 19:30:00+00:00,3349.06,3349.31,3347.31,3349.08,45.714,153087.25751
2025-08-20 20:00:00+00:00,3349.08,3349.44,3348.81,3349.44,38.004,127279.25388
2025-08-20 20:30:00+00:00,3349.44,3349.49,3348.92,3348.96,16.064,53802.65766
2025-08-20 21:00:00+00:00,3348.96,3349.91,3348.96,3349.8,19.598,65644.50145
2025-08-20 21:30:00+00:00,3349.8,3350.69,3349.79,3350.65,15.203,50934.34411
2025-08-20 22:00:00+00:00,3350.65,3351.91,3350.11,3350.64,56.532,189451.11139
2025-08-20 22:30:00+00:00,3350.64,3351.98,3350.64,3350.81,27.443,91970.26161
2025-08-20 23:00:00+00:00,3350.81,3350.81,3343.61,3348.18,116.133,388790.26609
2025-08-20 23:30:00+00:00,3348.18,3348.18,3347.76,3347.76,2.795,9358.09334
2025-08-21 00:00:00+00:00,3347.76,3347.77,3343.51,3343.67,38.303,128134.96454
2025-08-21 00:30:00+00:00,3343.67,3344.62,3342.6,3342.66,27.603,92294.65739
2025-08-21 01:00:00+00:00,3342.66,3344.92,3342.17,3343.47,41.755,139591.85076
2025-08-21 01:30:00+00:00,3343.47,3347.3,3343.3,3344.0,56.974,190579.43844
2025-08-21 02:00:00+00:00,3344.0,3344.0,3342.31,3342.32,29.741,99429.47021
2025-08-21 02:30:00+00:00,3342.32,3345.66,3342.32,3345.42,18.648,62350.11631
2025-08-21 03:00:00+00:00,3345.42,3345.43,3344.23,3344.44,14.483,48445.01782
2025-08-21 03:30:00+00:00,3344.44,3344.44,3341.71,3341.78,19.564,65400.88934
2025-08-21 04:00:00+00:00,3341.78,3341.78,3340.79,3340.79,21.804,72848.4776
2025-08-21 04:30:00+00:00,3340.79,3342.3,3338.57,3339.67,46.982,156936.77168
2025-08-21 05:00:00+00:00,3339.67,3340.68,3338.5,3339.41,28.086,93789.38683
2025-08-21 05:30:00+00:00,3339.41,3341.58,3339.41,3340.69,31.5,105242.61741
2025-08-21 06:00:00+00:00,3340.69,3340.76,3336.7,3336.71,43.598,145568.32981
2025-08-21 06:30:00+00:00,3336.71,3340.2,3336.7,3337.41,51.348,171411.60235
2025-08-21 07:00:00+00:00,3337.41,3340.4,3337.22,3339.11,96.372,321774.21792
2025-08-21 07:30:00+00:00,3339.11,3342.72,3339.11,3341.01,63.367,211715.5084
2025-08-21 08:00:00+00:00,3341.01,3342.77,3341.01,3341.38,55.287,184757.78863
2025-08-21 08:30:00+00:00,3341.38,3344.0,3340.37,3342.04,41.903,140047.83089
2025-08-21 09:00:00+00:00,3342.04,3342.6,3340.21,3340.84,27.289,91180.74128
2025-08-21 09:30:00+00:00,3340.84,3343.99,3340.84,3343.89,72.673,242942.11821
2025-08-21 10:00:00+00:00,3343.89,3343.89,3341.0,3341.01,11.554,38614.87394
2025-08-21 10:30:00+00:00,3341.01,3341.09,3330.93,3331.11,239.466,798641.67165
2025-08-21 11:00:00+00:00,3331.11,3334.32,3328.1,3333.96,184.434,614392.10471
2025-08-21 11:30:00+00:00,3333.96,3336.16,3333.49,3335.9,92.829,309586.28963
2025-08-21 12:00:00+00:00,3335.9,3343.47,3335.82,3338.95,170.37,569073.5107
2025-08-21 12:30:00+00:00,3338.95,3345.84,3338.95,3342.8,193.697,647475.71917
2025-08-21 13:00:00+00:00,3342.8,3346.27,3341.81,3345.65,132.237,442258.6198
2025-08-21 13:30:00+00:00,3345.65,3348.23,3339.32,3340.73,128.158,428615.27014
2025-08-21 14:00:00+00:00,3340.73,3346.34,3340.73,3346.34,115.416,386033.93017
2025-08-21 14:30:00+00:00,3346.34,3347.99,3343.79,3345.13,38.89,130115.25644
2025-08-21 15:00:00+00:00,3345.13,3345.79,3340.25,3344.06,69.753,233176.91693
2025-08-21 15:30:00+00:00,3344.06,3346.07,3342.68,3344.01,93.071,311304.18079
2025-08-21 16:00:00+00:00,3344.01,3344.6,3341.31,3341.8,67.269,224879.28485
2025-08-21 16:30:00+00:00,3341.8,3341.9,3340.33,3340.39,58.074,194034.39249
2025-08-21 17:00:00+00:00,3340.39,3342.38,3340.33,3340.34,50.072,167313.79786
2025-08-21 17:30:00+00:00,3340.34,3340.65,3339.34,3339.34,43.263,144501.60698
2025-08-21 18:00:00+00:00,3339.34,3340.9,3337.78,3340.87,40.552,135417.66366
2025-08-21 18:30:00+00:00,3340.87,3340.87,3339.76,3340.04,21.463,71683.83747
2025-08-21 19:00:00+00:00,3340.04,3344.52,3340.03,3343.06,44.161,147591.00757
2025-08-21 19:30:00+00:00,3343.06,3343.06,3339.92,3340.01,14.343,47920.39202
2025-08-21 20:00:00+00:00,3340.01,3340.1,3340.0,3340.1,8.112,27094.53465
2025-08-21 20:30:00+00:00,3340.1,3340.3,3340.08,3340.21,8.207,27413.23308
2025-08-21 21:00:00+00:00,3340.21,3342.91,3339.94,3342.91,9.844,32886.20198
2025-08-21 21:30:00+00:00,3342.91,3344.65,3342.91,3344.65,17.287,57812.90445
2025-08-21 22:00:00+00:00,3344.65,3344.65,3340.27,3342.44,25.675,85814.65549
2025-08-21 22:30:00+00:00,3342.44,3342.44,3341.69,3341.69,1.657,5537.92132
2025-08-21 23:00:00+00:00,3341.69,3341.69,3339.45,3339.48,7.049,23543.76939
2025-08-21 23:30:00+00:00,3339.48,3340.76,3339.32,3340.69,10.725,35818.52864
2025-08-22 00:00:00+00:00,3340.69,3340.69,3338.0,3339.58,18.673,62352.86257
2025-08-22 00:30:00+00:00,3339.58,3340.86,3338.78,3340.86,19.074,63708.7432
2025-08-22 01:00:00+00:00,3340.86,3341.79,3338.71,3338.98,18.916,63182.61054
2025-08-22 01:30:00+00:00,3338.98,3339.68,3336.72,3336.72,15.266,50966.06198
2025-08-22 02:00:00+00:00,3336.72,3338.51,3336.34,3337.41,58.572,195476.46842
2025-08-22 02:30:00+00:00,3337.41,3337.63,3335.93,3336.36,28.026,93511.84663
2025-08-22 03:00:00+00:00,3336.36,3336.45,3334.8,3335.63,29.278,97643.0773
2025-08-22 03:30:00+00:00,3335.63,3337.44,3334.8,3334.8,21.358,71262.15986
2025-08-22 04:00:00+00:00,3334.8,3336.07,3325.34,3330.1,680.202,2265007.06261
2025-08-22 04:30:00+00:00,3330.1,3330.84,3329.63,3329.63,37.389,124521.96672
2025-08-22 05:00:00+00:00,3329.63,3331.34,3329.63,3331.15,54.833,182611.73293
2025-08-22 05:30:00+00:00,3331.15,3332.5,3330.22,3331.38,42.632,142020.62106
2025-08-22 06:00:00+00:00,3331.38,3331.5,3329.57,3329.58,49.292,164193.04187
2025-08-22 06:30:00+00:00,3329.58,3330.15,3327.64,3330.15,41.661,138668.78101
2025-08-22 07:00:00+00:00,3330.15,3338.87,3330.15,3335.01,188.103,627370.26241
2025-08-22 07:30:00+00:00,3335.01,3335.02,3327.97,3328.96,126.465,421098.3848
2025-08-22 08:00:00+00:00,3328.96,3332.06,3327.97,3331.09,79.893,266046.22023
2025-08-22 08:30:00+00:00,3331.09,3332.06,3328.61,3330.85,49.539,164993.00381
2025-08-22 09:00:00+00:00,3330.85,3333.9,3330.81,3331.32,46.32,154358.33056
2025-08-22 09:30:00+00:00,3331.32,3333.03,3331.03,3332.1,32.975,109880.39673
2025-08-22 10:00:00+00:00,3332.1,3333.1,3331.78,3332.2,47.095,156941.785
2025-08-22 10:30:00+00:00,3332.2,3333.66,3332.02,3332.94,16.674,55568.607
2025-08-22 11:00:00+00:00,3332.94,3332.94,3330.04,3330.72,19.084,63573.82303
2025-08-22 11:30:00+00:00,3330.72,3332.28,3329.93,3331.49,50.263,167424.03313
2025-08-22 12:00:00+00:00,3331.49,3331.67,3327.87,3328.27,127.885,425831.31404
2025-08-22 12:30:00+00:00,3328.27,3328.27,3324.17,3325.81,165.894,551823.62588
2025-08-22 13:00:00+00:00,3325.81,3331.64,3325.81,3331.64,342.897,1141649.776
2025-08-22 13:30:00+00:00,3331.64,3338.34,3331.64,3336.89,370.224,1235360.82926
2025-08-22 14:00:00+00:00,3336.89,3365.0,3336.89,3363.84,1262.985,4237827.28124
2025-08-22 14:30:00+00:00,3363.84,3375.0,3363.58,3372.09,409.359,1379647.93309
2025-08-22 15:00:00+00:00,3372.09,3376.19,3371.89,3375.69,143.939,485698.6235
2025-08-22 15:30:00+00:00,3375.69,3376.38,3364.45,3365.6,958.614,3230371.87104
2025-08-22 16:00:00+00:00,3365.6,3369.98,3365.38,3366.5,120.409,405620.41883
2025-08-22 16:30:00+00:00,3366.5,3368.99,3366.21,3368.03,94.285,317515.86762
2025-08-22 17:00:00+00:00,3368.03,3372.4,3367.26,3371.32,116.951,394184.61343
2025-08-22 17:30:00+00:00,3371.32,3373.44,3370.89,3371.45,110.684,373229.42487
2025-08-22 18:00:00+00:00,3371.45,3372.08,3368.81,3369.51,89.703,302371.85999
2025-08-22 18:30:00+00:00,3369.51,3372.39,3365.36,3369.6,231.202,779023.85912
2025-08-22 19:00:00+00:00,3369.6,3369.8,3367.31,3367.65,78.776,265364.39073
2025-08-22 19:30:00+00:00,3367.65,3370.54,3367.01,3370.53,40.38,135987.65934
2025-08-22 20:00:00+00:00,3370.53,3370.9,3368.5,3368.64,45.459,153165.86735
2025-08-22 20:30:00+00:00,3368.64,3370.0,3368.25,3368.73,40.715,137165.88194
2025-08-22 21:00:00+00:00,3368.73,3369.3,3366.84,3367.43,71.922,242228.1912
2025-08-22 21:30:00+00:00,3367.43,3370.03,3367.43,3368.61,24.816,83590.9098
2025-08-22 22:00:00+00:00,3368.61,3369.16,3367.0,3367.49,43.525,146590.38766
2025-08-22 22:30:00+00:00,3367.49,3367.63,3366.69,3367.42,9.9,33336.7412
2025-08-22 23:00:00+00:00,3367.42,3371.0,3367.42,3370.97,22.82,76889.69027
2025-08-22 23:30:00+00:00,3370.97,3371.25,3369.92,3371.12,13.15,44324.02
2025-08-23 00:00:00+00:00,3371.12,3371.12,3368.13,3369.37,47.87,161297.73798
2025-08-23 00:30:00+00:00,3369.37,3369.65,3367.1,3368.46,9.646,32496.04031
2025-08-23 01:00:00+00:00,3368.46,3368.46,3367.06,3367.06,11.51,38762.7003
2025-08-23 01:30:00+00:00,3367.06,3368.27,3367.06,3368.26,7.532,25366.00128
2025-08-23 02:00:00+00:00,3368.26,3370.73,3368.26,3369.94,24.309,81911.40382
2025-08-23 02:30:00+00:00,3369.94,3370.31,3368.5,3368.59,17.963,60517.80631
2025-08-23 03:00:00+00:00,3368.59,3369.46,3367.76,3368.51,8.846,29800.73976
2025-08-23 03:30:00+00:00,3368.51,3368.68,3366.48,3366.71,16.871,56807.3858
2025-08-23 04:00:00+00:00,3366.71,3367.0,3366.48,3366.61,14.952,50337.81089
2025-08-23 04:30:00+00:00,3366.61,3367.32,3366.49,3367.0,10.052,33843.94471
2025-08-23 05:00:00+00:00,3367.0,3368.26,3367.0,3367.78,8.919,30036.4017
2025-08-23 05:30:00+00:00,3367.78,3368.25,3367.6,3367.6,4.407,14842.04286
2025-08-23 06:00:00+00:00,3367.6,3370.99,3366.5,3367.36,60.729,204543.75516
2025-08-23 06:30:00+00:00,3367.36,3367.92,3365.37,3367.44,19.139,64437.71669
2025-08-23 07:00:00+00:00,3367.44,3367.45,3366.7,3366.71,1.371,4616.36749
2025-08-23 07:30:00+00:00,3366.71,3367.77,3365.01,3367.77,80.441,270780.24708
2025-08-23 08:00:00+00:00,3367.77,3368.72,3366.98,3366.98,23.034,77577.46041
2025-08-23 08:30:00+00:00,3366.98,3371.0,3366.86,3369.97,29.643,99878.71723
2025-08-23 09:00:00+00:00,3369.97,3371.0,3369.82,3370.14,19.459,65580.60604
2025-08-23 09:30:00+00:00,3370.14,3370.96,3370.01,3370.78,6.666,22467.43606
2025-08-23 10:00:00+00:00,3370.78,3371.7,3370.58,3371.69,11.028,37176.09272
2025-08-23 10:30:00+00:00,3371.69,3371.7,3370.11,3370.11,14.016,47250.28389
2025-08-23 11:00:00+00:00,3370.11,3370.11,3367.33,3368.82,25.551,86068.21593
2025-08-23 11:30:00+00:00,3368.82,3370.71,3368.82,3370.25,16.443,55407.22268
2025-08-23 12:00:00+00:00,3370.25,3371.39,3369.71,3371.08,17.418,58707.14056
2025-08-23 12:30:00+00:00,3371.08,3371.75,3369.74,3370.18,30.254,101986.39454
2025-08-23 13:00:00+00:00,3370.18,3371.25,3369.45,3369.45,27.403,92360.91231
2025-08-23 13:30:00+00:00,3369.45,3369.92,3368.33,3368.33,55.565,187195.58787
2025-08-23 14:00:00+00:00,3368.33,3368.75,3368.03,3368.59,33.911,114224.28655
2025-08-23 14:30:00+00:00,3368.59,3369.1,3366.12,3366.7,24.744,83320.41853
2025-08-23 15:00:00+00:00,3366.7,3366.85,3365.83,3365.94,34.551,116310.68484
2025-08-23 15:30:00+00:00,3365.94,3369.39,3365.94,3368.14,10.0,33680.97545
2025-08-23 16:00:00+00:00,3368.14,3369.25,3368.14,3369.25,8.329,28053.91017
2025-08-23 16:30:00+00:00,3369.25,3369.77,3369.03,3369.5,8.886,29940.02245
2025-08-23 17:00:00+00:00,3369.5,3370.12,3368.87,3369.12,10.462,35252.92704
2025-08-23 17:30:00+00:00,3369.12,3370.12,3368.81,3368.81,9.897,33349.70236
2025-08-23 18:00:00+00:00,3368.81,3369.31,3368.57,3368.98,6.971,23484.42128
2025-08-23 18:30:00+00:00,3368.98,3370.93,3368.97,3370.71,13.584,45777.56338
2025-08-23 19:00:00+00:00,3370.71,3371.3,3370.39,3370.39,8.412,28355.68811
2025-08-23 19:30:00+00:00,3370.39,3370.49,3368.87,3369.25,14.752,49711.62687
2025-08-23 20:00:00+00:00,3369.25,3370.18,3369.08,3369.09,7.996,26943.73085
2025-08-23 20:30:00+00:00,3369.09,3369.09,3369.08,3369.09,1.86,6266.50718
2025-08-23 21:00:00+00:00,3369.09,3370.26,3369.09,3369.33,10.11,34065.24719
2025-08-23 21:30:00+00:00,3369.33,3371.08,3369.08,3370.26,13.321,44888.06693
2025-08-23 22:00:00+00:00,3370.26,3370.26,3369.24,3369.86,4.454,15008.15262
2025-08-23 22:30:00+00:00,3369.86,3369.86,3369.24,3369.41,5.961,20085.79018
2025-08-23 23:00:00+00:00,3369.41,3370.46,3369.32,3369.59,5.533,18646.85211
2025-08-23 23:30:00+00:00,3369.59,3370.54,3369.59,3370.02,3.243,10928.99774
2025-08-24 00:00:00+00:00,3370.02,3370.78,3370.01,3370.53,4.72,15908.49797
2025-08-24 00:30:00+00:00,3370.53,3371.5,3370.53,3371.5,6.705,22603.16606
2025-08-24 01:00:00+00:00,3371.5,3371.5,3369.39,3370.48,12.738,42927.80592
2025-08-24 01:30:00+00:00,3370.48,3370.59,3369.56,3369.56,12.016,40496.01829
2025-08-24 02:00:00+00:00,3369.56,3369.56,3369.37,3369.41,0.477,1607.19964
2025-08-24 02:30:00+00:00,3369.41,3369.67,3369.41,3369.66,1.181,3979.42897
2025-08-24 03:00:00+00:00,3369.66,3370.44,3368.88,3369.08,6.466,21785.31216
2025-08-24 03:30:00+00:00,3369.08,3369.96,3368.68,3368.99,12.486,42066.94615
2025-08-24 04:00:00+00:00,3368.99,3370.99,3368.9,3370.21,5.095,17170.67811
2025-08-24 04:30:00+00:00,3370.21,3370.89,3369.46,3369.46,3.306,11143.31445
2025-08-24 05:00:00+00:00,3369.46,3369.65,3369.02,3369.02,10.864,36603.844
2025-08-24 05:30:00+00:00,3369.02,3370.23,3369.02,3370.06,5.755,19393.23755
2025-08-24 06:00:00+00:00,3370.06,3370.06,3369.0,3369.54,10.805,36406.01186
2025-08-24 06:30:00+00:00,3369.54,3370.0,3369.54,3369.99,1.321,4451.57524
2025-08-24 07:00:00+00:00,3369.99,3370.0,3369.32,3369.81,8.954,30172.43621
2025-08-24 07:30:00+00:00,3369.81,3370.0,3369.04,3369.32,7.458,25132.46055
2025-08-24 08:00:00+00:00,3369.32,3370.0,3367.0,3369.59,44.571,150140.90832
2025-08-24 08:30:00+00:00,3369.59,3370.99,3368.07,3370.32,15.967,53798.34293
2025-08-24 09:00:00+00:00,3370.32,3372.78,3369.8,3372.54,43.81,147676.33093
2025-08-24 09:30:00+00:00,3372.54,3373.56,3372.54,3373.04,10.296,34729.64493
2025-08-24 10:00:00+00:00,3373.04,3373.04,3367.99,3371.62,22.968,77409.89307
2025-08-24 10:30:00+00:00,3371.62,3372.0,3370.49,3370.49,3.422,11537.33652
2025-08-24 11:00:00+00:00,3370.49,3372.0,3370.13,3372.0,14.597,49198.48108
2025-08-24 11:30:00+00:00,3372.0,3372.64,3370.35,3370.35,11.503,38781.841
2025-08-24 12:00:00+00:00,3370.35,3371.38,3370.25,3371.38,20.09,67721.37501
2025-08-24 12:30:00+00:00,3371.38,3371.63,3370.35,3370.68,18.237,61476.33773
2025-08-24 13:00:00+00:00,3370.68,3370.68,3368.9,3369.4,11.909,40128.17726
2025-08-24 13:30:00+00:00,3369.4,3369.88,3368.89,3369.57,20.862,70287.80543
2025-08-24 14:00:00+00:00,3369.57,3372.09,3369.05,3372.09,29.173,98307.29585
2025-08-24 14:30:00+00:00,3372.09,3373.68,3371.14,3371.82,61.29,206735.70853
2025-08-24 15:00:00+00:00,3371.82,3373.46,3371.81,3372.5,17.401,58694.09554
2025-08-24 15:30:00+00:00,3372.5,3373.7,3372.49,3373.6,25.474,85930.87815
2025-08-24 16:00:00+00:00,3373.6,3373.6,3372.11,3372.49,49.611,167344.71495
2025-08-24 16:30:00+00:00,3372.49,3372.84,3372.0,3372.58,10.478,35335.46807
2025-08-24 17:00:00+00:00,3372.58,3372.69,3371.83,3372.55,24.898,83964.4586
2025-08-24 17:30:00+00:00,3372.55,3374.14,3371.82,3373.33,40.159,135467.25979
2025-08-24 18:00:00+00:00,3373.33,3373.99,3372.82,3373.75,34.096,115019.94749
2025-08-24 18:30:00+00:00,3373.75,3374.2,3373.02,3373.02,35.579,120031.40849
2025-08-24 19:00:00+00:00,3373.02,3374.14,3372.84,3374.14,28.759,97016.69873
2025-08-24 19:30:00+00:00,3374.14,3374.99,3369.82,3371.11,122.351,412653.40519
2025-08-24 20:00:00+00:00,3371.11,3372.57,3368.53,3370.45,58.785,198120.1285
2025-08-24 20:30:00+00:00,3370.45,3371.37,3368.71,3369.19,12.788,43100.98849
2025-08-24 21:00:00+00:00,3369.19,3370.38,3369.05,3370.37,12.403,41796.19059
2025-08-24 21:30:00+00:00,3370.37,3371.53,3368.22,3370.09,27.793,93669.3249
2025-08-24 22:00:00+00:00,3370.09,3370.09,3364.01,3365.99,57.969,195194.44863
2025-08-24 22:30:00+00:00,3365.99,3366.18,3363.34,3365.7,38.759,130429.93443
2025-08-24 23:00:00+00:00,3365.7,3365.92,3364.27,3364.65,45.486,153080.36239
2025-08-24 23:30:00+00:00,3364.65,3368.6,3364.36,3366.31,39.682,133578.15242
2025-08-25 00:00:00+00:00,3366.31,3366.77,3362.53,3362.55,86.352,290479.87211
2025-08-25 00:30:00+00:00,3362.55,3362.94,3359.68,3362.25,55.338,186025.82942
2025-08-25 01:00:00+00:00,3362.25,3364.7,3361.88,3364.62,78.842,265177.13922
2025-08-25 01:30:00+00:00,3364.62,3364.62,3359.23,3360.78,81.909,275275.06899
2025-08-25 02:00:00+00:00,3360.78,3361.01,3358.26,3360.21,74.411,249990.39362
2025-08-25 02:30:00+00:00,3360.21,3362.94,3360.21,3362.12,73.779,248044.095
2025-08-25 03:00:00+00:00,3362.12,3364.43,3361.94,3363.79,37.866,127354.61477
2025-08-25 03:30:00+00:00,3363.79,3366.8,3363.47,3365.32,33.047,111206.76439
2025-08-25 04:00:00+00:00,3365.32,3365.42,3361.81,3363.4,23.281,78306.19084
2025-08-25 04:30:00+00:00,3363.4,3363.84,3362.87,3363.84,12.389,41667.76658
2025-08-25 05:00:00+00:00,3363.84,3363.97,3360.53,3362.79,31.715,106642.54435
2025-08-25 05:30:00+00:00,3362.79,3363.19,3361.52,3362.45,21.247,71447.68322
2025-08-25 06:00:00+00:00,3362.45,3365.82,3362.1,3365.76,92.783,312183.15292
2025-08-25 06:30:00+00:00,3365.76,3366.31,3363.28,3365.99,77.674,261414.41264
2025-08-25 07:00:00+00:00,3365.99,3366.67,3364.01,3365.94,61.424,206713.0171
2025-08-25 07:30:00+00:00,3365.94,3366.66,3362.97,3363.06,73.585,247606.84976
2025-08-25 08:00:00+00:00,3363.06,3363.64,3361.03,3361.25,138.443,465486.62147
2025-08-25 08:30:00+00:00,3361.25,3362.47,3361.0,3361.34,24.069,80906.2869
2025-08-25 09:00:00+00:00,3361.34,3361.79,3360.37,3360.43,83.101,279304.59685
2025-08-25 09:30:00+00:00,3360.43,3365.19,3360.05,3365.18,67.771,227907.17209
2025-08-25 10:00:00+00:00,3365.18,3365.45,3362.5,3362.99,42.583,143269.18818
2025-08-25 10:30:00+00:00,3362.99,3365.11,3362.53,3364.1,74.542,250778.78175
2025-08-25 11:00:00+00:00,3364.1,3365.75,3364.09,3365.75,36.013,121182.06978
2025-08-25 11:30:00+00:00,3365.75,3369.13,3365.75,3368.79,117.733,396534.93529
2025-08-25 12:00:00+00:00,3368.79,3368.79,3366.52,3366.68,60.72,204483.09287
2025-08-25 12:30:00+00:00,3366.68,3366.85,3363.08,3363.47,84.073,282858.93464
2025-08-25 13:00:00+00:00,3363.47,3363.79,3360.64,3362.28,169.208,568921.10673
2025-08-25 13:30:00+00:00,3362.28,3367.4,3362.28,3367.4,364.923,1228275.33699
2025-08-25 14:00:00+00:00,3367.4,3371.85,3366.41,3367.9,161.401,543785.31603
2025-08-25 14:30:00+00:00,3367.9,3372.1,3367.79,3371.17,33.781,113864.06332
2025-08-25 15:00:00+00:00,3371.17,3371.78,3369.2,3369.99,104.189,351117.30189
2025-08-25 15:30:00+00:00,3369.99,3369.99,3368.02,3369.1,107.977,363707.7329
2025-08-25 16:00:00+00:00,3369.1,3369.5,3367.5,3368.94,54.631,184039.94582
2025-08-25 16:30:00+00:00,3368.94,3369.01,3367.4,3369.0,24.084,81135.34935
2025-08-25 17:00:00+00:00,3369.0,3371.0,3368.99,3369.88,90.05,303498.65547
2025-08-25 17:30:00+00:00,3369.88,3370.31,3368.17,3368.49,19.862,66913.04564
2025-08-25 18:00:00+00:00,3368.49,3370.27,3367.4,3368.39,40.761,137292.14678
2025-08-25 18:30:00+00:00,3368.39,3368.39,3365.67,3367.0,20.71,69723.33754
2025-08-25 19:00:00+00:00,3367.0,3367.73,3364.91,3365.25,14.491,48773.70121
2025-08-25 19:30:00+00:00,3365.25,3365.58,3361.0,3361.04,35.327,118829.89967
2025-08-25 20:00:00+00:00,3361.04,3363.09,3360.59,3360.67,64.886,218094.68255
2025-08-25 20:30:00+00:00,3360.67,3361.73,3359.68,3360.73,62.422,209760.82417
2025-08-25 21:00:00+00:00,3360.73,3360.8,3354.6,3355.78,152.992,513776.62158
2025-08-25 21:30:00+00:00,3355.78,3359.68,3355.46,3356.84,50.564,169749.36689
2025-08-25 22:00:00+00:00,3356.84,3362.47,3356.65,3359.39,93.962,315694.29544
2025-08-25 22:30:00+00:00,3359.39,3359.64,3358.89,3359.18,17.867,60022.43974
2025-08-25 23:00:00+00:00,3359.18,3359.19,3348.09,3350.74,143.446,480890.43389
2025-08-25 23:30:00+00:00,3350.74,3351.56,3347.25,3351.56,45.086,150998.93842
2025-08-26 00:00:00+00:00,3351.56,3371.88,3347.29,3371.25,460.16,1548327.52007
2025-08-26 00:30:00+00:00,3371.25,3382.5,3370.65,3377.15,208.203,703130.4728
2025-08-26 01:00:00+00:00,3377.15,3377.46,3366.78,3367.73,159.594,538029.03114
2025-08-26 01:30:00+00:00,3367.73,3371.44,3366.68,3371.44,83.706,281985.6081
2025-08-26 02:00:00+00:00,3371.44,3374.61,3369.71,3372.6,84.604,285264.82845
2025-08-26 02:30:00+00:00,3372.6,3372.6,3367.64,3369.99,30.933,104237.82236
2025-08-26 03:00:00+00:00,3369.99,3369.99,3365.18,3367.38,42.99,144713.07486
2025-08-26 03:30:00+00:00,3367.38,3368.25,3366.2,3366.31,25.734,86649.55902
2025-08-26 04:00:00+00:00,3366.31,3370.84,3366.31,3370.51,17.223,58021.76895
2025-08-26 04:30:00+00:00,3370.51,3373.67,3370.51,3372.59,87.243,294234.22198
2025-08-26 05:00:00+00:00,3372.59,3373.74,3368.3,3368.57,71.218,240062.08701
2025-08-26 05:30:00+00:00,3368.57,3373.04,3368.23,3371.3,53.523,180414.32632
2025-08-26 06:00:00+00:00,3371.3,3372.05,3368.23,3368.31,51.72,174288.86442
2025-08-26 06:30:00+00:00,3368.31,3371.52,3368.23,3371.02,70.224,236673.92805
2025-08-26 07:00:00+00:00,3371.02,3371.02,3363.34,3365.73,70.395,237015.16899
2025-08-26 07:30:00+00:00,3365.73,3373.49,3365.72,3370.83,113.009,380820.42067
2025-08-26 08:00:00+00:00,3370.83,3373.17,3370.6,3371.93,76.488,257917.54991
2025-08-26 08:30:00+00:00,3371.93,3374.9,3371.93,3372.73,140.869,475232.22173
2025-08-26 09:00:00+00:00,3372.73,3373.74,3369.53,3370.57,48.328,162932.71708
2025-08-26 09:30:00+00:00,3370.57,3370.57,3364.65,3367.62,87.571,294873.11804
2025-08-26 10:00:00+00:00,3367.62,3370.54,3366.48,3366.48,98.518,331853.9448
2025-08-26 10:30:00+00:00,3366.48,3368.0,3363.47,3367.99,47.188,158802.16446
2025-08-26 11:00:00+00:00,3367.99,3373.0,3366.82,3373.0,50.041,168685.0168
2025-08-26 11:30:00+00:00,3373.0,3374.2,3371.48,3371.5,47.384,159827.72801
2025-08-26 12:00:00+00:00,3371.5,3373.76,3371.5,3372.41,56.229,189640.23902
2025-08-26 12:30:00+00:00,3372.41,3373.71,3364.06,3366.37,203.067,684029.35597
2025-08-26 13:00:00+00:00,3366.37,3368.64,3364.12,3367.92,92.544,311585.30908
2025-08-26 13:30:00+00:00,3367.92,3372.18,3367.71,3370.49,164.015,552797.69307
2025-08-26 14:00:00+00:00,3370.49,3370.5,3366.26,3369.59,95.577,321922.17413
2025-08-26 14:30:00+00:00,3369.59,3374.99,3369.49,3374.96,60.814,205130.94933
2025-08-26 15:00:00+00:00,3374.96,3377.82,3374.21,3377.27,160.756,542704.81471
2025-08-26 15:30:00+00:00,3377.27,3383.35,3376.15,3381.99,128.327,433739.35564
2025-08-26 16:00:00+00:00,3381.99,3381.99,3377.56,3378.31,203.903,689141.89633
2025-08-26 16:30:00+00:00,3378.31,3378.98,3376.06,3377.8,145.036,489914.55659
2025-08-26 17:00:00+00:00,3377.8,3379.16,3376.3,3377.15,46.268,156267.45195
2025-08-26 17:30:00+00:00,3377.15,3377.44,3375.43,3375.69,29.002,97917.1806
2025-08-26 18:00:00+00:00,3375.69,3377.5,3374.76,3377.25,76.613,258639.80611
2025-08-26 18:30:00+00:00,3377.25,3379.65,3377.0,3379.65,18.531,62608.06313
2025-08-26 19:00:00+00:00,3379.65,3382.6,3379.65,3382.6,79.483,268749.99712
2025-08-26 19:30:00+00:00,3382.6,3384.99,3381.95,3383.34,46.16,156179.3367
2025-08-26 20:00:00+00:00,3383.34,3385.19,3382.94,3384.62,37.77,127832.49399
2025-08-26 20:30:00+00:00,3384.62,3386.96,3384.62,3386.96,38.331,129779.70474
2025-08-26 21:00:00+00:00,3386.96,3387.5,3386.96,3387.5,10.887,36878.68928
2025-08-26 21:30:00+00:00,3387.5,3388.0,3385.33,3387.3,24.244,82113.36526
2025-08-26 22:00:00+00:00,3387.3,3387.99,3383.74,3384.6,85.874,290708.69021
2025-08-26 22:30:00+00:00,3384.6,3386.49,3384.6,3385.89,45.048,152516.7612
2025-08-26 23:00:00+00:00,3385.89,3386.93,3385.45,3386.79,30.143,102078.12139
2025-08-26 23:30:00+00:00,3386.79,3386.9,3384.34,3385.16,22.992,77835.36545
2025-08-27 00:00:00+00:00,3385.16,3387.0,3384.3,3386.3,34.352,116309.17842
2025-08-27 00:30:00+00:00,3386.3,3386.98,3384.0,3384.5,27.422,92829.69704
2025-08-27 01:00:00+00:00,3384.5,3384.5,3380.7,3380.91,41.183,139267.18582
2025-08-27 01:30:00+00:00,3380.91,3382.41,3379.94,3381.95,71.259,240925.22103
2025-08-27 02:00:00+00:00,3381.95,3381.95,3379.2,3380.07,64.223,217106.32478
2025-08-27 02:30:00+00:00,3380.07,3380.53,3378.8,3378.8,28.753,97167.58916
2025-08-27 03:00:00+00:00,3378.8,3381.14,3378.3,3378.3,36.294,122647.13568
2025-08-27 03:30:00+00:00,3378.3,3378.85,3377.02,3377.03,11.658,39381.4606
2025-08-27 04:00:00+00:00,3377.03,3377.03,3373.61,3373.72,53.337,180033.63174
2025-08-27 04:30:00+00:00,3373.72,3373.72,3369.85,3370.85,50.755,171103.28324
2025-08-27 05:00:00+00:00,3370.85,3373.47,3370.21,3372.1,84.447,284781.58539
2025-08-27 05:30:00+00:00,3372.1,3375.72,3371.81,3373.4,90.197,304271.54997
2025-08-27 06:00:00+00:00,3373.4,3377.68,3373.24,3377.04,104.17,351659.996
2025-08-27 06:30:00+00:00,3377.04,3377.3,3372.44,3374.34,96.545,325833.73968
2025-08-27 07:00:00+00:00,3374.34,3374.34,3370.85,3372.01,113.63,383187.29791
2025-08-27 07:30:00+00:00,3372.01,3377.83,3371.28,3377.52,197.506,666631.90347
2025-08-27 08:00:00+00:00,3377.52,3381.1,3377.52,3380.28,133.848,452330.33837
2025-08-27 08:30:00+00:00,3380.28,3380.94,3377.97,3380.94,47.543,160669.4214
2025-08-27 09:00:00+00:00,3380.94,3381.5,3380.24,3380.34,14.821,50112.59528
2025-08-27 09:30:00+00:00,3380.34,3380.34,3373.92,3375.4,34.912,117873.64368
2025-08-27 10:00:00+00:00,3375.4,3375.4,3372.5,3372.81,23.209,78312.77153
2025-08-27 10:30:00+00:00,3372.81,3373.61,3371.2,3372.45,69.946,235881.69193
2025-08-27 11:00:00+00:00,3372.45,3374.16,3371.62,3371.99,46.834,157968.46336
2025-08-27 11:30:00+00:00,3371.99,3375.2,3371.0,3373.9,53.243,179578.85186
2025-08-27 12:00:00+00:00,3373.9,3377.68,3372.01,3376.56,152.603,514879.34627
2025-08-27 12:30:00+00:00,3376.56,3379.69,3375.79,3378.1,166.496,562358.27374
2025-08-27 13:00:00+00:00,3378.1,3380.7,3378.06,3378.21,55.227,186643.04325
2025-08-27 13:30:00+00:00,3378.21,3378.21,3373.65,3374.65,65.888,222399.50313
2025-08-27 14:00:00+00:00,3374.65,3379.25,3371.9,3379.25,94.46,318853.06566
2025-08-27 14:30:00+00:00,3379.25,3381.5,3377.82,3381.49,117.58,397347.64133
2025-08-27 15:00:00+00:00,3381.49,3384.91,3381.0,3383.39,118.818,401957.4515
2025-08-27 15:30:00+00:00,3383.39,3384.94,3382.02,3383.53,37.95,128410.22226
2025-08-27 16:00:00+00:00,3383.53,3386.47,3383.53,3386.31,59.848,202583.1739
2025-08-27 16:30:00+00:00,3386.31,3392.48,3385.4,3390.08,279.529,947453.6161
2025-08-27 17:00:00+00:00,3390.08,3393.55,3389.49,3392.24,136.761,463820.95957
2025-08-27 17:30:00+00:00,3392.24,3392.7,3390.52,3391.12,76.145,258234.27867
2025-08-27 18:00:00+00:00,3391.12,3391.91,3388.94,3391.37,59.831,202871.28958
2025-08-27 18:30:00+00:00,3391.37,3391.98,3390.6,3391.11,45.56,154508.93852
2025-08-27 19:00:00+00:00,3391.11,3392.13,3390.32,3391.01,47.601,161441.65579
2025-08-27 19:30:00+00:00,3391.01,3392.0,3390.7,3391.99,30.253,102605.52753
2025-08-27 20:00:00+00:00,3391.99,3392.33,3390.83,3392.33,56.015,189979.30601
2025-08-27 20:30:00+00:00,3392.33,3394.4,3392.33,3394.4,33.153,112506.39441
2025-08-27 21:00:00+00:00,3394.4,3398.87,3394.39,3396.57,73.63,250071.02452
2025-08-27 21:30:00+00:00,3396.57,3396.57,3390.78,3392.4,39.305,133339.90557
2025-08-27 22:00:00+00:00,3392.4,3398.67,3389.84,3392.08,135.074,458343.19524
2025-08-27 22:30:00+00:00,3392.08,3393.9,3391.31,3392.11,27.805,94327.80839
2025-08-27 23:00:00+00:00,3392.11,3394.4,3392.11,3394.4,12.404,42089.99717
2025-08-27 23:30:00+00:00,3394.4,3394.4,3391.22,3392.27,43.952,149127.19808
2025-08-28 00:00:00+00:00,3392.27,3393.82,3390.64,3391.6,50.09,169918.91385
2025-08-28 00:30:00+00:00,3391.6,3392.84,3385.76,3386.46,111.822,379027.95724
2025-08-28 01:00:00+00:00,3386.46,3387.53,3382.65,3385.46,153.086,518304.21056
2025-08-28 01:30:00+00:00,3385.46,3387.0,3382.51,3383.16,114.968,389031.89586
2025-08-28 02:00:00+00:00,3383.16,3385.57,3382.71,3383.49,119.444,404166.88209
2025-08-28 02:30:00+00:00,3383.49,3388.71,3382.51,3388.31,121.812,412293.47388
2025-08-28 03:00:00+00:00,3388.31,3389.44,3387.36,3388.25,27.22,92233.08478
2025-08-28 03:30:00+00:00,3388.25,3389.09,3386.47,3387.61,72.426,245379.57782
2025-08-28 04:00:00+00:00,3387.61,3388.17,3386.4,3387.85,56.729,192152.41456
2025-08-28 04:30:00+00:00,3387.85,3388.68,3386.8,3386.97,42.95,145500.98067
2025-08-28 05:00:00+00:00,3386.97,3387.0,3386.73,3386.87,10.359,35085.25342
2025-08-28 05:30:00+00:00,3386.87,3387.44,3385.32,3386.19,29.357,99403.66488
2025-08-28 06:00:00+00:00,3386.19,3388.29,3385.79,3387.29,40.773,138109.52104
2025-08-28 06:30:00+00:00,3387.29,3391.3,3387.29,3391.16,42.445,143889.68833
2025-08-28 07:00:00+00:00,3391.16,3393.47,3390.9,3392.7,67.492,228940.9218
2025-08-28 07:30:00+00:00,3392.7,3393.04,3391.22,3392.53,95.772,324850.00579
2025-08-28 08:00:00+00:00,3392.53,3393.4,3390.88,3392.41,106.703,361936.54143
2025-08-28 08:30:00+00:00,3392.41,3397.83,3392.41,3397.0,108.36,367920.37675
2025-08-28 09:00:00+00:00,3397.0,3398.35,3393.28,3396.86,107.174,364088.87378
2025-08-28 09:30:00+00:00,3396.86,3397.6,3395.53,3397.17,119.68,406522.02629
2025-08-28 10:00:00+00:00,3397.17,3397.17,3390.88,3393.75,254.66,864165.7995
2025-08-28 10:30:00+00:00,3393.75,3395.65,3392.37,3393.74,135.753,460736.27118
2025-08-28 11:00:00+00:00,3393.74,3399.0,3393.63,3398.99,183.803,624262.06967
2025-08-28 11:30:00+00:00,3398.99,3403.23,3398.99,3399.82,173.468,589942.02524
2025-08-28 12:00:00+00:00,3399.82,3403.88,3399.81,3403.34,96.058,326859.63991
2025-08-28 12:30:00+00:00,3403.34,3403.39,3394.94,3395.47,177.108,601971.01681
2025-08-28 13:00:00+00:00,3395.47,3400.93,3392.06,3400.93,159.489,541622.64984
2025-08-28 13:30:00+00:00,3400.93,3406.53,3399.41,3404.58,225.434,767198.44478
2025-08-28 14:00:00+00:00,3404.58,3409.85,3403.16,3409.0,302.952,1032253.33819
2025-08-28 14:30:00+00:00,3409.0,3410.87,3408.13,3410.46,184.803,629996.63041
2025-08-28 15:00:00+00:00,3410.46,3410.87,3404.71,3405.1,173.877,592566.08934
2025-08-28 15:30:00+00:00,3405.1,3409.35,3402.8,3409.35,180.622,615165.63148
2025-08-28 16:00:00+00:00,3409.35,3414.33,3408.41,3414.2,143.848,490675.53088
2025-08-28 16:30:00+00:00,3414.2,3416.05,3413.01,3414.3,186.09,635456.83463
2025-08-28 17:00:00+00:00,3414.3,3415.84,3413.83,3414.11,228.431,780039.27721
2025-08-28 17:30:00+00:00,3414.11,3417.75,3414.11,3416.53,311.577,1064191.93396
2025-08-28 18:00:00+00:00,3416.53,3419.6,3416.23,3417.85,258.015,881823.68691
2025-08-28 18:30:00+00:00,3417.85,3419.8,3417.64,3419.42,268.861,919135.80108
2025-08-28 19:00:00+00:00,3419.42,3419.75,3416.94,3418.02,144.578,494207.3384
2025-08-28 19:30:00+00:00,3418.02,3420.13,3416.89,3420.13,90.122,308085.43625
2025-08-28 20:00:00+00:00,3420.13,3420.13,3416.89,3416.96,144.75,494725.11203
2025-08-28 20:30:00+00:00,3416.96,3417.85,3416.89,3417.27,95.271,325541.59769
2025-08-28 21:00:00+00:00,3417.27,3418.65,3416.89,3418.26,66.614,227665.62043
2025-08-28 21:30:00+00:00,3418.26,3418.65,3418.17,3418.51,39.141,133804.12245
2025-08-28 22:00:00+00:00,3418.51,3418.52,3415.54,3415.55,113.984,389496.77095
2025-08-28 22:30:00+00:00,3415.55,3415.87,3413.3,3415.87,88.062,300689.80889
2025-08-28 23:00:00+00:00,3415.87,3417.25,3415.51,3416.04,110.761,378409.78465
2025-08-28 23:30:00+00:00,3416.04,3416.04,3413.1,3413.88,103.097,352071.39647
2025-08-29 00:00:00+00:00,3413.88,3416.0,3413.1,3413.97,87.025,297142.6664
2025-08-29 00:30:00+00:00,3413.97,3414.79,3410.0,3411.52,287.885,982179.57937
2025-08-29 01:00:00+00:00,3411.52,3411.52,3407.04,3408.18,174.09,593423.90294
2025-08-29 01:30:00+00:00,3408.18,3408.9,3406.8,3408.22,63.575,216646.86469
2025-08-29 02:00:00+00:00,3408.22,3410.92,3408.22,3409.93,89.943,306671.53268
2025-08-29 02:30:00+00:00,3409.93,3411.84,3409.93,3410.75,37.95,129438.48213
2025-08-29 03:00:00+00:00,3410.75,3410.75,3408.91,3410.64,69.597,237313.41982
2025-08-29 03:30:00+00:00,3410.64,3411.73,3409.45,3409.45,73.34,250116.19351
2025-08-29 04:00:00+00:00,3409.45,3409.45,3407.21,3407.4,52.796,179942.80723
2025-08-29 04:30:00+00:00,3407.4,3407.99,3406.7,3406.81,39.61,134966.05747
2025-08-29 05:00:00+00:00,3406.81,3407.9,3406.53,3406.99,49.223,167706.10274
2025-08-29 05:30:00+00:00,3406.99,3409.37,3406.99,3409.31,37.968,129417.70831
2025-08-29 06:00:00+00:00,3409.31,3410.67,3409.3,3410.67,75.756,258349.27701
2025-08-29 06:30:00+00:00,3410.67,3410.67,3406.99,3408.96,86.488,294823.02521
2025-08-29 07:00:00+00:00,3408.96,3410.63,3406.54,3406.54,132.668,452219.83134
2025-08-29 07:30:00+00:00,3406.54,3409.44,3406.25,3409.44,100.866,343769.62686
2025-08-29 08:00:00+00:00,3409.44,3414.34,3408.93,3411.34,143.869,490861.25083
2025-08-29 08:30:00+00:00,3411.34,3413.14,3409.38,3409.39,97.791,333651.15072
2025-08-29 09:00:00+00:00,3409.39,3409.39,3407.42,3408.16,157.087,535408.11775
2025-08-29 09:30:00+00:00,3408.16,3408.67,3407.06,3407.07,192.869,657208.61687
2025-08-29 10:00:00+00:00,3407.07,3407.6,3406.1,3406.3,110.286,375725.11656
2025-08-29 10:30:00+00:00,3406.3,3407.43,3403.0,3404.53,185.125,630447.89892
2025-08-29 11:00:00+00:00,3404.53,3405.0,3403.86,3405.0,36.23,123340.09347
2025-08-29 11:30:00+00:00,3405.0,3409.29,3404.99,3409.29,86.113,293309.26345
2025-08-29 12:00:00+00:00,3409.29,3409.99,3405.68,3406.68,127.703,435263.64018
2025-08-29 12:30:00+00:00,3406.68,3415.59,3406.68,3415.5,274.491,936483.94972
2025-08-29 13:00:00+00:00,3415.5,3418.79,3414.34,3416.9,210.609,719516.50192
2025-08-29 13:30:00+00:00,3416.9,3428.0,3416.88,3427.99,354.824,1214983.59506
2025-08-29 14:00:00+00:00,3427.99,3435.35,3427.99,3435.06,535.884,1839285.21131
2025-08-29 14:30:00+00:00,3435.06,3439.4,3433.54,3439.4,410.022,1409272.85374
2025-08-29 15:00:00+00:00,3439.4,3447.0,3438.45,3445.7,384.916,1325445.09632
2025-08-29 15:30:00+00:00,3445.7,3447.9,3445.12,3446.52,268.989,927166.15958
2025-08-29 16:00:00+00:00,3446.52,3448.7,3444.22,3446.67,280.529,966950.93075
2025-08-29 16:30:00+00:00,3446.67,3451.5,3446.66,3451.46,88.38,304841.16526
2025-08-29 17:00:00+00:00,3451.46,3452.87,3448.92,3450.48,311.17,1073871.32732
2025-08-29 17:30:00+00:00,3450.48,3450.49,3444.1,3444.87,230.942,795898.97534
2025-08-29 18:00:00+00:00,3444.87,3446.88,3443.5,3445.97,217.551,749422.82714
2025-08-29 18:30:00+00:00,3445.97,3446.87,3444.91,3445.74,100.693,346985.83785
2025-08-29 19:00:00+00:00,3445.74,3447.9,3444.83,3446.88,146.374,504440.8267
2025-08-29 19:30:00+00:00,3446.88,3456.67,3446.28,3455.58,244.079,842671.47691
2025-08-29 20:00:00+00:00,3455.58,3455.58,3449.44,3452.38,257.62,889184.7418
2025-08-29 20:30:00+00:00,3452.38,3452.53,3448.93,3448.93,137.457,474330.89261
2025-08-29 21:00:00+00:00,3448.93,3450.59,3446.16,3446.53,158.372,546029.89328
2025-08-29 21:30:00+00:00,3446.53,3451.97,3446.53,3451.29,115.873,399667.25105
2025-08-29 22:00:00+00:00,3451.29,3453.37,3448.45,3453.37,100.493,346811.47806
2025-08-29 22:30:00+00:00,3453.37,3454.99,3451.39,3453.97,86.666,299287.8296
2025-08-29 23:00:00+00:00,3453.97,3453.97,3450.95,3450.95,30.766,106242.38769
2025-08-29 23:30:00+00:00,3450.95,3454.87,3450.89,3452.71,45.406,156811.4511
2025-08-30 00:00:00+00:00,3452.71,3454.18,3450.47,3451.06,51.855,179002.43171
2025-08-30 00:30:00+00:00,3451.06,3451.29,3450.46,3450.69,20.033,69128.16398
2025-08-30 01:00:00+00:00,3450.69,3452.0,3450.68,3451.29,13.706,47308.109
2025-08-30 01:30:00+00:00,3451.29,3452.06,3449.76,3451.49,32.566,112391.84612
2025-08-30 02:00:00+00:00,3451.49,3452.56,3450.34,3450.47,45.28,156270.92318
2025-08-30 02:30:00+00:00,3450.47,3453.78,3449.66,3453.78,43.56,150360.46059
2025-08-30 03:00:00+00:00,3453.78,3454.99,3453.78,3454.96,53.33,184233.72801
2025-08-30 03:30:00+00:00,3454.96,3454.96,3454.66,3454.96,19.804,68418.72225
2025-08-30 04:00:00+00:00,3454.96,3455.0,3454.27,3455.0,13.399,46291.70159
2025-08-30 04:30:00+00:00,3455.0,3455.35,3455.0,3455.28,11.853,40953.84411
2025-08-30 05:00:00+00:00,3455.28,3455.3,3454.99,3455.19,12.212,42195.05065
2025-08-30 05:30:00+00:00,3455.19,3455.23,3451.22,3451.37,36.656,126543.92363
2025-08-30 06:00:00+00:00,3451.37,3452.16,3451.37,3452.13,15.77,54437.937
2025-08-30 06:30:00+00:00,3452.13,3452.13,3451.89,3451.93,34.958,120674.81118
2025-08-30 07:00:00+00:00,3451.93,3453.7,3451.93,3453.69,38.477,132839.19899
2025-08-30 07:30:00+00:00,3453.69,3454.44,3453.26,3454.09,36.837,127229.00181
2025-08-30 08:00:00+00:00,3454.09,3454.09,3453.61,3453.71,10.693,36932.96277
2025-08-30 08:30:00+00:00,3453.71,3455.01,3452.42,3455.0,46.059,159066.7146
2025-08-30 09:00:00+00:00,3455.0,3455.01,3453.69,3453.69,14.329,49505.90158
2025-08-30 09:30:00+00:00,3453.69,3459.31,3453.69,3456.26,214.594,741852.92548
2025-08-30 10:00:00+00:00,3456.26,3457.28,3455.11,3456.39,69.771,241145.24499
2025-08-30 10:30:00+00:00,3456.39,3456.39,3455.12,3455.77,27.449,94857.57148
2025-08-30 11:00:00+00:00,3455.77,3455.78,3452.02,3452.02,69.481,239935.79441
2025-08-30 11:30:00+00:00,3452.02,3453.09,3451.8,3451.84,79.514,274492.46674
2025-08-30 12:00:00+00:00,3451.84,3453.09,3451.8,3452.13,49.535,171006.07147
2025-08-30 12:30:00+00:00,3452.13,3454.72,3452.13,3454.25,42.736,147595.58361
2025-08-30 13:00:00+00:00,3454.25,3454.25,3452.13,3452.14,26.123,90200.32032
2025-08-30 13:30:00+00:00,3452.14,3454.53,3452.14,3454.44,39.943,137961.60646
2025-08-30 14:00:00+00:00,3454.44,3454.99,3452.64,3454.31,39.65,136944.84708
2025-08-30 14:30:00+00:00,3454.31,3454.98,3453.81,3454.63,49.657,171527.13909
2025-08-30 15:00:00+00:00,3454.63,3454.63,3453.79,3453.81,52.476,181250.50616
2025-08-30 15:30:00+00:00,3453.81,3453.81,3452.0,3452.11,30.015,103650.03295
2025-08-30 16:00:00+00:00,3452.11,3453.84,3452.1,3453.84,21.369,73782.68827
2025-08-30 16:30:00+00:00,3453.84,3453.92,3453.83,3453.92,3.537,12216.37766
2025-08-30 17:00:00+00:00,3453.92,3453.95,3453.19,3453.32,13.99,48318.65707
2025-08-30 17:30:00+00:00,3453.32,3453.78,3453.31,3453.78,6.527,22540.71975
2025-08-30 18:00:00+00:00,3453.78,3453.78,3453.72,3453.78,6.462,22318.28805
2025-08-30 18:30:00+00:00,3453.78,3453.87,3453.78,3453.87,6.176,21330.90352
2025-08-30 19:00:00+00:00,3453.87,3453.99,3453.86,3453.99,14.488,50039.72942
2025-08-30 19:30:00+00:00,3453.99,3455.78,3453.98,3455.78,65.033,224655.34942
2025-08-30 20:00:00+00:00,3455.78,3455.93,3455.78,3455.93,22.718,78511.65049
2025-08-30 20:30:00+00:00,3455.93,3456.0,3455.92,3456.0,12.629,43645.62185
2025-08-30 21:00:00+00:00,3456.0,3456.99,3455.98,3456.67,35.831,123842.26989
2025-08-30 21:30:00+00:00,3456.67,3457.4,3456.66,3457.4,27.724,95847.04952
2025-08-30 22:00:00+00:00,3457.4,3457.49,3456.59,3456.72,17.288,59769.1606
2025-08-30 22:30:00+00:00,3456.72,3457.26,3456.71,3457.26,1.268,4383.25515
2025-08-30 23:00:00+00:00,3457.26,3458.4,3457.21,3457.24,29.224,101049.41611
2025-08-30 23:30:00+00:00,3457.24,3457.25,3457.24,3457.25,1.394,4819.39818
2025-08-31 00:00:00+00:00,3457.25,3457.25,3455.54,3456.57,25.144,86917.29236
2025-08-31 00:30:00+00:00,3456.57,3456.57,3455.53,3455.54,11.604,40106.59911
2025-08-31 01:00:00+00:00,3455.54,3455.54,3455.38,3455.39,6.926,23932.6555
2025-08-31 01:30:00+00:00,3455.39,3455.39,3450.0,3452.38,146.176,504626.0534
2025-08-31 02:00:00+00:00,3452.38,3453.47,3452.38,3453.47,11.924,41174.54647
2025-08-31 02:30:00+00:00,3453.47,3454.53,3453.46,3454.53,25.146,86857.40078
2025-08-31 03:00:00+00:00,3454.53,3455.83,3454.53,3455.83,10.286,35539.63947
2025-08-31 03:30:00+00:00,3455.83,3456.01,3455.82,3456.01,49.696,171745.2632
2025-08-31 04:00:00+00:00,3456.01,3456.01,3454.11,3455.51,23.006,79494.88724
2025-08-31 04:30:00+00:00,3455.51,3456.33,3455.51,3456.33,7.158,24738.13094
2025-08-31 05:00:00+00:00,3456.33,3456.33,3455.35,3456.3,5.928,20487.84153
2025-08-31 05:30:00+00:00,3456.3,3456.43,3454.66,3456.05,15.165,52410.73554
2025-08-31 06:00:00+00:00,3456.05,3456.99,3456.04,3456.6,16.933,58527.38965
2025-08-31 06:30:00+00:00,3456.6,3456.6,3456.06,3456.36,6.677,23077.61912
2025-08-31 07:00:00+00:00,3456.36,3456.5,3454.85,3454.85,10.751,37156.58747
2025-08-31 07:30:00+00:00,3454.85,3456.89,3454.28,3455.6,34.54,119346.88372
2025-08-31 08:00:00+00:00,3455.6,3456.86,3453.26,3453.67,48.167,166437.18899
2025-08-31 08:30:00+00:00,3453.67,3455.97,3453.67,3454.86,12.47,43083.68072
2025-08-31 09:00:00+00:00,3454.86,3455.94,3448.93,3452.88,142.914,493376.5708
2025-08-31 09:30:00+00:00,3452.88,3453.98,3452.73,3452.8,11.664,40279.38496
2025-08-31 10:00:00+00:00,3452.8,3454.53,3452.79,3454.26,19.099,65962.93568
2025-08-31 10:30:00+00:00,3454.26,3454.72,3454.26,3454.72,15.27,52752.52863
2025-08-31 11:00:00+00:00,3454.72,3456.03,3454.72,3456.02,25.683,88753.65455
2025-08-31 11:30:00+00:00,3456.02,3456.23,3456.02,3456.15,29.949,103508.98839
2025-08-31 12:00:00+00:00,3456.15,3457.98,3455.29,3456.19,92.721,320533.52759
2025-08-31 12:30:00+00:00,3456.19,3457.27,3455.23,3457.27,34.9,120642.13252
2025-08-31 13:00:00+00:00,3457.27,3457.77,3453.58,3456.48,50.327,173899.9808
2025-08-31 13:30:00+00:00,3456.48,3457.48,3455.34,3457.48,42.476,146821.74126
2025-08-31 14:00:00+00:00,3457.48,3458.17,3456.27,3458.17,60.094,207737.07387
2025-08-31 14:30:00+00:00,3458.17,3458.99,3456.27,3458.41,47.129,162982.64045
2025-08-31 15:00:00+00:00,3458.41,3461.5,3457.95,3460.74,257.516,890970.36431
2025-08-31 15:30:00+00:00,3460.74,3462.61,3460.74,3462.1,203.397,704227.04444
2025-08-31 16:00:00+00:00,3462.1,3462.1,3460.86,3461.75,91.512,316781.38085
2025-08-31 16:30:00+00:00,3461.75,3463.01,3458.98,3459.97,100.9,349244.44008
2025-08-31 17:00:00+00:00,3459.97,3464.5,3459.45,3463.24,61.367,212442.55406
2025-08-31 17:30:00+00:00,3463.24,3463.24,3459.83,3459.94,31.112,107703.11925
2025-08-31 18:00:00+00:00,3459.94,3461.0,3459.83,3459.84,33.353,115412.8715
2025-08-31 18:30:00+00:00,3459.84,3459.84,3457.99,3459.37,49.248,170334.91555
2025-08-31 19:00:00+00:00,3459.37,3459.47,3458.81,3458.92,17.38,60118.42967
2025-08-31 19:30:00+00:00,3458.92,3461.0,3458.92,3461.0,17.831,61692.18502
2025-08-31 20:00:00+00:00,3461.0,3462.3,3457.93,3459.97,55.529,192192.94699
2025-08-31 20:30:00+00:00,3459.97,3460.63,3457.81,3460.62,11.939,41300.42361
2025-08-31 21:00:00+00:00,3460.62,3461.73,3458.18,3459.5,69.522,240558.52017
2025-08-31 21:30:00+00:00,3459.5,3460.78,3459.0,3459.63,15.659,54179.21501
2025-08-31 22:00:00+00:00,3459.63,3459.76,3447.4,3455.69,1215.399,4197193.96101
2025-08-31 22:30:00+00:00,3455.69,3459.51,3454.91,3456.92,272.507,942243.56396
2025-08-31 23:00:00+00:00,3456.92,3459.38,3451.99,3456.67,860.187,2972719.03166
2025-08-31 23:30:00+00:00,3456.67,3460.19,3454.35,3458.08,528.568,1827284.84277
2025-09-01 00:00:00+00:00,3458.08,3458.14,3453.37,3455.35,236.609,817805.51049
2025-09-01 00:30:00+00:00,3455.35,3455.49,3452.63,3453.52,18.519,63965.34741
2025-09-01 01:00:00+00:00,3453.52,3456.25,3448.0,3449.25,210.557,726755.24507
2025-09-01 01:30:00+00:00,3449.25,3469.3,3449.25,3467.37,462.443,1600105.88545
2025-09-01 02:00:00+00:00,3467.37,3479.6,3465.15,3474.7,487.6,1692425.61646
2025-09-01 02:30:00+00:00,3474.7,3498.7,3474.63,3493.91,494.322,1723647.70186
2025-09-01 03:00:00+00:00,3493.91,3494.76,3481.5,3481.8,463.716,1617149.83796
2025-09-01 03:30:00+00:00,3481.8,3486.6,3481.8,3484.18,243.709,849181.8812
2025-09-01 04:00:00+00:00,3484.18,3490.35,3482.97,3485.24,263.404,918207.81367
2025-09-01 04:30:00+00:00,3485.24,3490.08,3484.25,3487.12,288.432,1005573.2378
2025-09-01 05:00:00+00:00,3487.12,3491.58,3486.91,3490.6,210.201,733529.75774
2025-09-01 05:30:00+00:00,3490.6,3496.99,3487.27,3491.39,392.378,1370013.57059
2025-09-01 06:00:00+00:00,3491.39,3498.54,3490.89,3497.33,296.683,1037215.47015
2025-09-01 06:30:00+00:00,3497.33,3500.8,3493.6,3494.6,373.498,1306826.79057
2025-09-01 07:00:00+00:00,3494.6,3494.84,3484.0,3484.01,332.494,1159912.686
2025-09-01 07:30:00+00:00,3484.01,3489.71,3480.65,3489.7,356.035,1240724.59623
2025-09-01 08:00:00+00:00,3489.7,3491.6,3485.43,3490.14,310.322,1082689.39968
2025-09-01 08:30:00+00:00,3490.14,3490.97,3488.22,3488.49,96.842,337929.27467
2025-09-01 09:00:00+00:00,3488.49,3488.55,3482.93,3483.14,230.403,803093.67708
2025-09-01 09:30:00+00:00,3483.14,3483.15,3480.66,3482.88,189.82,660898.71493
2025-09-01 10:00:00+00:00,3482.88,3485.8,3480.64,3481.99,340.737,1186488.55307
2025-09-01 10:30:00+00:00,3481.99,3482.99,3477.84,3478.61,396.711,1380358.8047
2025-09-01 11:00:00+00:00,3478.61,3482.18,3478.27,3480.83,208.814,726705.91094
2025-09-01 11:30:00+00:00,3480.83,3483.3,3478.4,3479.02,268.966,936257.02858
2025-09-01 12:00:00+00:00,3479.02,3482.24,3476.3,3476.77,530.586,1845732.63984
2025-09-01 12:30:00+00:00,3476.77,3477.02,3472.64,3473.79,1019.134,3540640.79104
2025-09-01 13:00:00+00:00,3473.79,3482.31,3473.33,3481.41,347.945,1210780.42775
2025-09-01 13:30:00+00:00,3481.41,3483.3,3479.6,3479.7,257.294,895830.48789
2025-09-01 14:00:00+00:00,3479.7,3485.49,3475.97,3483.12,293.222,1020441.16956
2025-09-01 14:30:00+00:00,3483.12,3483.39,3478.56,3480.21,151.693,528028.80717
2025-09-01 15:00:00+00:00,3480.21,3484.33,3479.36,3481.15,238.841,831808.37641
2025-09-01 15:30:00+00:00,3481.15,3484.12,3479.62,3480.23,369.252,1285596.59389
2025-09-01 16:00:00+00:00,3480.23,3480.39,3477.61,3480.05,90.596,315185.31462
2025-09-01 16:30:00+00:00,3480.05,3482.84,3479.23,3482.82,56.026,195031.0774
2025-09-01 17:00:00+00:00,3482.82,3483.5,3482.0,3483.45,92.556,322377.06812
2025-09-01 17:30:00+00:00,3483.45,3485.05,3483.44,3484.43,87.53,304983.61479
2025-09-01 18:00:00+00:00,3484.43,3484.44,3482.21,3482.21,40.205,140055.003
2025-09-01 18:30:00+00:00,3482.21,3482.21,3481.7,3481.91,33.652,117175.83165
2025-09-01 19:00:00+00:00,3481.91,3481.91,3479.47,3479.47,34.202,119039.06548
2025-09-01 19:30:00+00:00,3479.47,3479.47,3479.0,3479.01,23.476,81676.60853
2025-09-01 20:00:00+00:00,3479.01,3479.01,3478.81,3478.81,22.043,76684.96728
2025-09-01 20:30:00+00:00,3478.81,3479.4,3477.58,3479.39,140.207,487732.07453
2025-09-01 21:00:00+00:00,3479.39,3484.14,3479.39,3483.68,62.529,217703.9441
2025-09-01 21:30:00+00:00,3483.68,3487.26,3483.58,3486.13,71.177,248066.83666
2025-09-01 22:00:00+00:00,3486.13,3488.48,3482.13,3485.05,213.136,742747.72736
2025-09-01 22:30:00+00:00,3485.05,3485.29,3482.01,3482.27,107.137,373220.30477
2025-09-01 23:00:00+00:00,3482.27,3488.34,3481.9,3485.89,329.398,1147899.48396
2025-09-01 23:30:00+00:00,3485.89,3488.69,3485.14,3487.58,317.74,1107975.38969
2025-09-02 00:00:00+00:00,3487.58,3491.5,3486.53,3491.43,381.648,1331745.94101
2025-09-02 00:30:00+00:00,3491.43,3492.82,3488.36,3489.4,405.889,1416658.42097
2025-09-02 01:00:00+00:00,3489.4,3515.38,3488.65,3510.66,1003.067,3511798.00686
2025-09-02 01:30:00+00:00,3510.66,3525.0,3502.83,3510.79,738.673,2594286.23546
2025-09-02 02:00:00+00:00,3510.79,3513.99,3502.5,3505.18,326.772,1146084.96317
2025-09-02 02:30:00+00:00,3505.18,3511.12,3503.1,3506.4,129.818,455218.88483
2025-09-02 03:00:00+00:00,3506.4,3507.99,3502.81,3504.41,242.203,848940.99443
2025-09-02 03:30:00+00:00,3504.41,3507.7,3502.52,3506.75,94.122,329884.58758
2025-09-02 04:00:00+00:00,3506.75,3508.0,3505.7,3506.31,63.876,224015.2099
2025-09-02 04:30:00+00:00,3506.31,3511.55,3506.31,3507.12,80.308,281797.19621
2025-09-02 05:00:00+00:00,3507.12,3509.38,3504.84,3504.95,191.396,671243.10506
2025-09-02 05:30:00+00:00,3504.95,3508.1,3502.99,3502.99,510.646,1790275.49588
2025-09-02 06:00:00+00:00,3502.99,3506.99,3490.0,3496.35,484.837,1696595.34191
2025-09-02 06:30:00+00:00,3496.35,3500.19,3489.87,3490.21,954.415,3334051.51396
2025-09-02 07:00:00+00:00,3490.21,3493.31,3484.71,3486.99,550.856,1921976.67884
2025-09-02 07:30:00+00:00,3486.99,3490.33,3479.78,3483.47,459.032,1599753.98622
2025-09-02 08:00:00+00:00,3483.47,3483.59,3475.81,3481.91,296.985,1033498.3375
2025-09-02 08:30:00+00:00,3481.91,3487.76,3479.95,3482.65,248.609,865997.08976
2025-09-02 09:00:00+00:00,3482.65,3485.74,3481.38,3484.81,232.176,808944.90255
2025-09-02 09:30:00+00:00,3484.81,3485.77,3482.06,3482.99,259.628,904534.56893
2025-09-02 10:00:00+00:00,3482.99,3489.59,3481.31,3485.18,293.418,1023033.55959
2025-09-02 10:30:00+00:00,3485.18,3492.19,3485.17,3491.41,358.811,1252125.03794
2025-09-02 11:00:00+00:00,3491.41,3492.26,3485.49,3485.76,377.312,1316551.66398
2025-09-02 11:30:00+00:00,3485.76,3495.74,3485.07,3495.07,313.555,1094640.98449
2025-09-02 12:00:00+00:00,3495.07,3500.1,3489.13,3489.94,515.866,1802678.45159
2025-09-02 12:30:00+00:00,3489.94,3494.86,3480.34,3488.5,583.652,2035372.07131
2025-09-02 13:00:00+00:00,3488.5,3492.84,3485.24,3491.33,358.894,1252182.42229
2025-09-02 13:30:00+00:00,3491.33,3498.91,3487.15,3495.74,465.055,1624958.96244
2025-09-02 14:00:00+00:00,3495.74,3509.19,3495.19,3506.63,789.197,2763948.60922
2025-09-02 14:30:00+00:00,3506.63,3518.16,3502.4,3516.13,541.433,1902118.18696
2025-09-02 15:00:00+00:00,3516.13,3521.1,3514.44,3518.0,554.159,1949393.03733
2025-09-02 15:30:00+00:00,3518.0,3527.24,3517.48,3526.25,470.626,1657595.2044
2025-09-02 16:00:00+00:00,3526.25,3531.84,3522.8,3529.0,546.174,1926813.26844
2025-09-02 16:30:00+00:00,3529.0,3534.37,3528.3,3532.47,450.076,1589586.70183
2025-09-02 17:00:00+00:00,3532.47,3534.8,3527.04,3532.51,344.778,1217730.08199
2025-09-02 17:30:00+00:00,3532.51,3534.83,3529.85,3534.51,294.612,1040749.98439
2025-09-02 18:00:00+00:00,3534.51,3534.75,3532.82,3534.49,94.356,333478.10057
2025-09-02 18:30:00+00:00,3534.49,3536.65,3531.09,3532.98,161.124,569401.5164
2025-09-02 19:00:00+00:00,3532.98,3544.26,3532.98,3541.37,527.684,1868522.22991
2025-09-02 19:30:00+00:00,3541.37,3545.98,3538.71,3542.46,504.144,1786234.94579
2025-09-02 20:00:00+00:00,3542.46,3543.21,3538.23,3539.95,407.09,1441086.0866
2025-09-02 20:30:00+00:00,3539.95,3542.44,3534.65,3535.45,550.203,1947582.94334
2025-09-02 21:00:00+00:00,3535.45,3538.71,3533.29,3538.18,111.684,394872.43965
2025-09-02 21:30:00+00:00,3538.18,3539.28,3536.0,3539.28,38.648,136717.32494
2025-09-02 22:00:00+00:00,3539.28,3539.99,3536.52,3538.82,113.09,400148.13031
2025-09-02 22:30:00+00:00,3538.82,3538.82,3532.1,3532.52,252.925,893941.97388
2025-09-02 23:00:00+00:00,3532.52,3534.63,3531.33,3531.33,188.817,667118.72538
2025-09-02 23:30:00+00:00,3531.33,3538.71,3527.17,3534.38,366.992,1296719.11103
2025-09-03 00:00:00+00:00,3534.38,3549.81,3532.31,3541.88,648.703,2296528.32167
2025-09-03 00:30:00+00:00,3541.88,3547.9,3540.62,3541.42,296.032,1049240.62387
2025-09-03 01:00:00+00:00,3541.42,3547.33,3537.98,3541.19,261.016,924608.81015
2025-09-03 01:30:00+00:00,3541.19,3544.51,3540.22,3542.45,296.002,1048506.87994
2025-09-03 02:00:00+00:00,3542.45,3550.24,3542.45,3546.05,403.16,1429923.12865
2025-09-03 02:30:00+00:00,3546.05,3546.19,3538.1,3538.1,319.46,1131752.38288
2025-09-03 03:00:00+00:00,3538.1,3538.65,3534.42,3535.19,556.739,1968720.8423
2025-09-03 03:30:00+00:00,3535.19,3538.19,3534.45,3535.68,339.109,1199105.87183
2025-09-03 04:00:00+00:00,3535.68,3539.2,3535.68,3539.06,170.772,604109.90627
2025-09-03 04:30:00+00:00,3539.06,3544.2,3539.05,3541.84,308.132,1091257.81583
2025-09-03 05:00:00+00:00,3541.84,3542.82,3539.16,3540.6,217.738,770980.67267
2025-09-03 05:30:00+00:00,3540.6,3540.61,3534.64,3535.81,292.528,1034997.54072
2025-09-03 06:00:00+00:00,3535.81,3541.64,3535.8,3539.51,445.236,1575661.49836
2025-09-03 06:30:00+00:00,3539.51,3544.1,3539.44,3542.6,348.983,1236273.66428
2025-09-03 07:00:00+00:00,3542.6,3543.85,3536.52,3539.7,459.53,1627033.10938
2025-09-03 07:30:00+00:00,3539.7,3543.74,3539.69,3540.41,179.866,637125.64034
2025-09-03 08:00:00+00:00,3540.41,3550.4,3540.34,3546.41,567.279,2011384.82815
2025-09-03 08:30:00+00:00,3546.41,3547.5,3543.66,3545.77,298.993,1060125.44374
2025-09-03 09:00:00+00:00,3545.77,3548.84,3545.77,3546.58,170.366,604307.08234
2025-09-03 09:30:00+00:00,3546.58,3547.14,3541.86,3541.86,316.307,1121047.01574
2025-09-03 10:00:00+00:00,3541.86,3544.42,3540.25,3543.82,251.316,890058.86891
2025-09-03 10:30:00+00:00,3543.82,3548.0,3542.46,3547.0,250.584,888474.48307
2025-09-03 11:00:00+00:00,3547.0,3550.83,3547.0,3548.68,1031.603,3661991.81756
2025-09-03 11:30:00+00:00,3548.68,3552.5,3546.13,3549.99,558.445,1982782.10472
2025-09-03 12:00:00+00:00,3549.99,3552.32,3546.65,3549.78,309.656,1099054.86473
2025-09-03 12:30:00+00:00,3549.78,3552.97,3547.0,3552.74,450.574,1599433.16672
2025-09-03 13:00:00+00:00,3552.74,3560.5,3552.0,3560.5,1043.726,3712190.96085
2025-09-03 13:30:00+00:00,3560.5,3560.83,3552.08,3555.46,553.937,1969438.40257
2025-09-03 14:00:00+00:00,3555.46,3565.0,3554.12,3563.49,602.766,2145967.75097
2025-09-03 14:30:00+00:00,3563.49,3564.99,3557.0,3559.78,385.104,1371841.16539
2025-09-03 15:00:00+00:00,3559.78,3565.0,3559.04,3564.94,361.658,1288825.88315
2025-09-03 15:30:00+00:00,3564.94,3565.4,3563.0,3564.02,228.667,815034.99877
2025-09-03 16:00:00+00:00,3564.02,3565.5,3563.0,3565.5,707.112,2520854.22992
2025-09-03 16:30:00+00:00,3565.5,3574.08,3565.49,3574.08,480.013,1713390.85434
2025-09-03 17:00:00+00:00,3574.08,3574.95,3570.4,3571.16,286.605,1023882.97757
2025-09-03 17:30:00+00:00,3571.16,3576.11,3571.16,3573.79,259.866,928709.23533
2025-09-03 18:00:00+00:00,3573.79,3576.24,3573.52,3574.3,280.859,1004042.13993
2025-09-03 18:30:00+00:00,3574.3,3574.3,3564.67,3568.74,457.338,1631714.46958
2025-09-03 19:00:00+00:00,3568.74,3569.65,3562.42,3564.65,365.053,1301556.5081
2025-09-03 19:30:00+00:00,3564.65,3565.28,3560.87,3561.96,205.457,732073.35065
2025-09-03 20:00:00+00:00,3561.96,3564.47,3559.58,3564.12,178.89,637279.30935
2025-09-03 20:30:00+00:00,3564.12,3564.12,3559.42,3559.43,155.939,555425.1954
2025-09-03 21:00:00+00:00,3559.43,3559.55,3556.79,3559.17,109.777,390615.05853
2025-09-03 21:30:00+00:00,3559.17,3564.18,3559.03,3563.64,126.547,450617.91281
2025-09-03 22:00:00+00:00,3563.64,3564.01,3560.8,3563.77,155.309,553290.33854
2025-09-03 22:30:00+00:00,3563.77,3564.43,3563.0,3563.0,64.172,228704.65994
2025-09-03 23:00:00+00:00,3563.0,3563.01,3556.35,3558.04,225.365,802113.15552
2025-09-03 23:30:00+00:00,3558.04,3560.06,3557.05,3560.05,138.452,492666.66324
2025-09-04 00:00:00+00:00,3560.05,3561.23,3554.09,3561.22,278.858,992122.07874
2025-09-04 00:30:00+00:00,3561.22,3561.47,3559.16,3561.47,121.875,433881.13422
2025-09-04 01:00:00+00:00,3561.47,3562.22,3552.51,3553.05,291.447,1036567.00642
2025-09-04 01:30:00+00:00,3553.05,3554.18,3545.49,3547.47,437.493,1552829.20961
2025-09-04 02:00:00+00:00,3547.47,3551.2,3544.0,3547.76,499.754,1772347.35499
2025-09-04 02:30:00+00:00,3547.76,3547.91,3530.0,3532.23,676.78,2394835.72426
2025-09-04 03:00:00+00:00,3532.23,3533.31,3514.56,3532.85,1034.076,3646444.86015
2025-09-04 03:30:00+00:00,3532.85,3534.24,3527.92,3531.85,375.476,1325931.91512
2025-09-04 04:00:00+00:00,3531.85,3537.24,3530.2,3534.32,274.222,969109.03735
2025-09-04 04:30:00+00:00,3534.32,3534.93,3532.69,3534.41,80.523,284557.03584
2025-09-04 05:00:00+00:00,3534.41,3535.16,3529.74,3532.43,187.197,661324.61816
2025-09-04 05:30:00+00:00,3532.43,3536.35,3528.15,3529.7,202.161,714210.28684
2025-09-04 06:00:00+00:00,3529.7,3539.52,3526.34,3539.32,243.829,861294.10464
2025-09-04 06:30:00+00:00,3539.32,3545.0,3538.43,3539.63,408.737,1447559.39323
2025-09-04 07:00:00+00:00,3539.63,3543.95,3536.41,3540.8,309.079,1094308.53414
2025-09-04 07:30:00+00:00,3540.8,3544.55,3540.08,3544.54,266.4,943859.82787
2025-09-04 08:00:00+00:00,3544.54,3549.75,3544.11,3547.7,310.512,1101408.66048
2025-09-04 08:30:00+00:00,3547.7,3548.48,3541.39,3545.1,292.764,1037892.9398
2025-09-04 09:00:00+00:00,3545.1,3548.8,3542.51,3542.7,247.899,879052.77244
2025-09-04 09:30:00+00:00,3542.7,3545.1,3541.12,3541.84,254.273,900963.75971
2025-09-04 10:00:00+00:00,3541.84,3551.9,3541.84,3545.3,467.714,1659111.58889
2025-09-04 10:30:00+00:00,3545.3,3546.5,3542.34,3543.09,342.205,1212846.33727
2025-09-04 11:00:00+00:00,3543.09,3545.46,3539.7,3543.1,378.689,1341515.66921
2025-09-04 11:30:00+00:00,3543.1,3552.06,3542.83,3548.82,206.562,732766.73937
2025-09-04 12:00:00+00:00,3548.82,3554.55,3547.53,3548.59,361.276,1282857.39951
2025-09-04 12:30:00+00:00,3548.59,3551.2,3545.35,3550.45,368.61,1308196.43308
2025-09-04 13:00:00+00:00,3550.45,3555.5,3544.8,3554.3,439.248,1559781.84905
2025-09-04 13:30:00+00:00,3554.3,3559.1,3545.9,3549.3,219.636,780562.75992
2025-09-04 14:00:00+00:00,3549.3,3549.3,3536.9,3542.92,877.247,3106695.28657
2025-09-04 14:30:00+00:00,3542.92,3547.5,3541.0,3546.32,278.147,985905.26481
2025-09-04 15:00:00+00:00,3546.32,3550.0,3542.6,3544.31,401.205,1423108.51387
2025-09-04 15:30:00+00:00,3544.31,3553.53,3544.21,3553.53,347.799,1234551.74784
2025-09-04 16:00:00+00:00,3553.53,3555.82,3551.0,3553.7,166.107,590225.75339
2025-09-04 16:30:00+00:00,3553.7,3555.0,3551.01,3553.09,187.512,666216.01385
2025-09-04 17:00:00+00:00,3553.09,3555.5,3548.29,3549.46,170.801,606683.44103
2025-09-04 17:30:00+00:00,3549.46,3549.55,3543.99,3544.17,89.508,317378.34905
2025-09-04 18:00:00+00:00,3544.17,3545.93,3542.91,3545.67,203.58,721538.35073
2025-09-04 18:30:00+00:00,3545.67,3547.79,3545.28,3546.18,68.134,241677.54063
2025-09-04 19:00:00+00:00,3546.18,3550.18,3546.02,3549.99,69.455,246416.14124
2025-09-04 19:30:00+00:00,3549.99,3550.34,3548.44,3549.2,92.981,330043.93907
2025-09-04 20:00:00+00:00,3549.2,3549.89,3548.33,3548.9,130.277,462320.67243
2025-09-04 20:30:00+00:00,3548.9,3548.9,3544.8,3545.19,76.708,272071.46128
2025-09-04 21:00:00+00:00,3545.19,3546.95,3545.04,3545.05,28.027,99368.63292
2025-09-04 21:30:00+00:00,3545.05,3545.05,3544.01,3544.23,48.472,171803.95167
2025-09-04 22:00:00+00:00,3544.23,3544.6,3539.8,3542.25,193.24,684316.48845
2025-09-04 22:30:00+00:00,3542.25,3542.27,3537.83,3539.59,421.074,1490159.87735
2025-09-04 23:00:00+00:00,3539.59,3541.7,3539.58,3540.98,85.621,303150.83801
2025-09-04 23:30:00+00:00,3540.98,3553.36,3540.98,3552.17,844.373,2997134.94773
2025-09-05 00:00:00+00:00,3552.17,3555.5,3548.38,3551.56,423.622,1504873.07684
2025-09-05 00:30:00+00:00,3551.56,3555.53,3551.08,3552.81,166.938,593204.25162
2025-09-05 01:00:00+00:00,3552.81,3556.25,3551.84,3555.62,128.2,455711.39401
2025-09-05 01:30:00+00:00,3555.62,3555.99,3551.31,3553.22,127.341,452585.89604
2025-09-05 02:00:00+00:00,3553.22,3555.55,3551.54,3551.54,107.541,382216.45836
2025-09-05 02:30:00+00:00,3551.54,3552.61,3547.81,3550.91,135.644,481534.43875
2025-09-05 03:00:00+00:00,3550.91,3555.52,3549.56,3555.52,61.973,220217.46805
2025-09-05 03:30:00+00:00,3555.52,3558.21,3553.49,3557.99,421.475,1498696.37871
2025-09-05 04:00:00+00:00,3557.99,3558.2,3557.24,3557.63,94.278,335425.40786
2025-09-05 04:30:00+00:00,3557.63,3557.99,3556.86,3557.7,29.365,104463.76473
2025-09-05 05:00:00+00:00,3557.7,3559.5,3556.0,3556.49,134.698,479229.76579
2025-09-05 05:30:00+00:00,3556.49,3559.27,3556.3,3557.04,83.96,298697.49456
2025-09-05 06:00:00+00:00,3557.04,3557.2,3549.44,3551.9,175.757,624319.61303
2025-09-05 06:30:00+00:00,3551.9,3554.4,3551.9,3553.8,132.639,471329.79139
2025-09-05 07:00:00+00:00,3553.8,3553.8,3546.68,3549.72,257.806,914968.19984
2025-09-05 07:30:00+00:00,3549.72,3550.08,3543.66,3546.72,491.966,1744948.23024
2025-09-05 08:00:00+00:00,3546.72,3547.95,3543.88,3547.95,290.946,1031607.92759
2025-09-05 08:30:00+00:00,3547.95,3547.99,3544.04,3544.77,179.108,635168.95854
2025-09-05 09:00:00+00:00,3544.77,3548.98,3544.77,3548.18,76.657,271978.75411
2025-09-05 09:30:00+00:00,3548.18,3552.73,3547.81,3552.37,131.635,467468.76252
2025-09-05 10:00:00+00:00,3552.37,3552.37,3550.0,3551.41,75.153,266858.13969
2025-09-05 10:30:00+00:00,3551.41,3551.7,3549.34,3551.5,77.414,274844.4475
2025-09-05 11:00:00+00:00,3551.5,3553.2,3548.37,3548.43,100.858,358208.79756
2025-09-05 11:30:00+00:00,3548.43,3550.96,3547.39,3550.9,77.319,274449.92119
2025-09-05 12:00:00+00:00,3550.9,3553.74,3548.46,3553.74,377.116,1339040.62532
2025-09-05 12:30:00+00:00,3553.74,3582.0,3553.74,3578.38,2775.331,9917927.51858
2025-09-05 13:00:00+00:00,3578.38,3580.45,3570.4,3576.3,800.331,2861946.32553
2025-09-05 13:30:00+00:00,3576.3,3590.0,3573.59,3590.0,898.472,3221140.68288
2025-09-05 14:00:00+00:00,3590.0,3595.49,3576.53,3576.79,974.764,3499186.85762
2025-09-05 14:30:00+00:00,3576.79,3586.0,3568.7,3586.0,865.945,3096043.55744
2025-09-05 15:00:00+00:00,3586.0,3586.81,3578.31,3585.11,248.647,891023.73594
2025-09-05 15:30:00+00:00,3585.11,3592.19,3585.1,3589.31,264.501,949326.28318
2025-09-05 16:00:00+00:00,3589.31,3595.0,3589.05,3595.0,224.704,807384.96801
2025-09-05 16:30:00+00:00,3595.0,3595.0,3588.59,3590.41,182.11,653879.58203
2025-09-05 17:00:00+00:00,3590.41,3591.72,3581.76,3590.9,489.454,1755513.7064
2025-09-05 17:30:00+00:00,3590.9,3594.36,3589.68,3593.4,241.056,866022.91503
2025-09-05 18:00:00+00:00,3593.4,3594.39,3590.1,3592.24,218.775,785980.61217
2025-09-05 18:30:00+00:00,3592.24,3592.8,3590.4,3591.21,86.831,311854.67775
2025-09-05 19:00:00+00:00,3591.21,3592.09,3590.01,3590.46,66.627,239263.25089
2025-09-05 19:30:00+00:00,3590.46,3592.0,3589.85,3591.3,111.572,400623.65242
2025-09-05 20:00:00+00:00,3591.3,3591.31,3585.29,3587.4,140.039,502340.86977
2025-09-05 20:30:00+00:00,3587.4,3588.1,3584.04,3584.52,112.502,403485.1298
2025-09-05 21:00:00+00:00,3584.52,3587.0,3584.52,3586.91,97.896,351050.7556
2025-09-05 21:30:00+00:00,3586.91,3588.38,3583.4,3588.15,69.33,248642.99203
2025-09-05 22:00:00+00:00,3588.15,3588.47,3587.54,3588.47,17.499,62788.44692
2025-09-05 22:30:00+00:00,3588.47,3588.93,3588.41,3588.93,47.386,170052.73049
2025-09-05 23:00:00+00:00,3588.93,3588.97,3586.9,3586.9,37.174,133389.12569
2025-09-05 23:30:00+00:00,3586.9,3587.69,3585.45,3587.69,27.827,99794.39469
2025-09-06 00:00:00+00:00,3587.69,3587.7,3586.26,3586.33,35.872,128656.35113
2025-09-06 00:30:00+00:00,3586.33,3586.4,3586.14,3586.39,11.25,40344.73767
2025-09-06 01:00:00+00:00,3586.39,3587.69,3586.39,3587.69,18.591,66691.30085
2025-09-06 01:30:00+00:00,3587.69,3590.52,3585.0,3585.61,259.644,931500.63719
2025-09-06 02:00:00+00:00,3585.61,3586.54,3582.32,3583.55,397.499,1424758.08443
2025-09-06 02:30:00+00:00,3583.55,3587.0,3581.15,3587.0,223.46,800660.27435
2025-09-06 03:00:00+00:00,3587.0,3587.73,3585.09,3587.25,83.303,298785.7541
2025-09-06 03:30:00+00:00,3587.25,3588.04,3586.49,3587.4,36.418,130655.09438
2025-09-06 04:00:00+00:00,3587.4,3589.29,3585.35,3587.86,67.776,243157.74853
2025-09-06 04:30:00+00:00,3587.86,3589.58,3587.86,3589.58,10.876,39032.41191
2025-09-06 05:00:00+00:00,3589.58,3589.93,3589.57,3589.91,17.916,64315.86212
2025-09-06 05:30:00+00:00,3589.91,3589.91,3588.53,3589.68,12.3,44151.23475
2025-09-06 06:00:00+00:00,3589.68,3589.68,3588.2,3589.3,30.838,110676.83139
2025-09-06 06:30:00+00:00,3589.3,3589.3,3588.85,3588.86,19.9,71421.98207
2025-09-06 07:00:00+00:00,3588.86,3588.86,3586.41,3588.2,107.314,385014.72265
2025-09-06 07:30:00+00:00,3588.2,3590.0,3588.2,3590.0,60.273,216341.24589
2025-09-06 08:00:00+00:00,3590.0,3590.91,3589.0,3590.77,54.902,197117.25938
2025-09-06 08:30:00+00:00,3590.77,3593.98,3590.41,3590.41,206.845,743068.3615
2025-09-06 09:00:00+00:00,3590.41,3593.29,3589.85,3593.29,163.492,587058.43627
2025-09-06 09:30:00+00:00,3593.29,3593.29,3589.2,3589.2,67.24,241457.34148
2025-09-06 10:00:00+00:00,3589.2,3591.0,3588.9,3590.33,51.505,184904.59385
2025-09-06 10:30:00+00:00,3590.33,3592.06,3590.33,3591.62,34.278,123094.53806
2025-09-06 11:00:00+00:00,3591.62,3592.32,3590.62,3592.31,24.312,87325.79287
2025-09-06 11:30:00+00:00,3592.31,3592.33,3591.7,3591.77,23.463,84279.51066
2025-09-06 12:00:00+00:00,3591.77,3592.99,3591.67,3592.99,41.626,149528.47902
2025-09-06 12:30:00+00:00,3592.99,3594.0,3591.37,3592.25,211.327,759319.65518
2025-09-06 13:00:00+00:00,3592.25,3594.03,3590.0,3590.35,443.714,1594210.41798
2025-09-06 13:30:00+00:00,3590.35,3594.14,3587.01,3593.01,247.64,888794.3758
2025-09-06 14:00:00+00:00,3593.01,3594.91,3593.0,3593.82,61.124,219696.76401
2025-09-06 14:30:00+00:00,3593.82,3593.82,3592.28,3593.55,28.254,101524.09674
2025-09-06 15:00:00+00:00,3593.55,3593.77,3592.15,3593.77,40.934,147089.51211
2025-09-06 15:30:00+00:00,3593.77,3594.39,3593.3,3593.54,60.565,217665.62207
2025-09-06 16:00:00+00:00,3593.54,3599.99,3593.54,3599.99,177.562,638650.45277
2025-09-06 16:30:00+00:00,3599.99,3599.99,3596.69,3596.69,85.096,306285.84795
2025-09-06 17:00:00+00:00,3596.69,3596.73,3594.13,3596.63,60.927,219065.81185
2025-09-06 17:30:00+00:00,3596.63,3599.3,3596.63,3599.24,50.797,182811.92735
2025-09-06 18:00:00+00:00,3599.24,3599.5,3597.79,3599.49,103.77,373480.30456
2025-09-06 18:30:00+00:00,3599.49,3599.67,3598.47,3598.86,45.578,164049.7474
2025-09-06 19:00:00+00:00,3598.86,3599.02,3598.0,3598.0,19.597,70522.89473
2025-09-06 19:30:00+00:00,3598.0,3598.85,3598.0,3598.67,29.179,104997.08599
2025-09-06 20:00:00+00:00,3598.67,3598.71,3596.45,3596.45,30.78,110732.76542
2025-09-06 20:30:00+00:00,3596.45,3598.38,3596.44,3598.28,19.651,70696.33974
2025-09-06 21:00:00+00:00,3598.28,3599.1,3596.82,3598.86,28.045,100916.41175
2025-09-06 21:30:00+00:00,3598.86,3599.44,3596.27,3596.28,27.212,97929.8637
2025-09-06 22:00:00+00:00,3596.28,3598.01,3596.09,3598.01,42.966,154525.88918
2025-09-06 22:30:00+00:00,3598.01,3598.24,3594.45,3596.63,37.775,135870.30836
2025-09-06 23:00:00+00:00,3596.63,3597.49,3596.02,3597.37,28.942,104101.90223
2025-09-06 23:30:00+00:00,3597.37,3599.09,3597.24,3599.06,59.373,213659.85764
2025-09-07 00:00:00+00:00,3599.06,3601.35,3598.79,3600.98,332.144,1195804.58938
2025-09-07 00:30:00+00:00,3600.98,3601.39,3600.91,3601.39,41.704,150180.81903
2025-09-07 01:00:00+00:00,3601.39,3601.52,3600.7,3600.77,54.038,194604.01188
2025-09-07 01:30:00+00:00,3600.77,3601.45,3599.28,3601.45,22.683,81673.00905
2025-09-07 02:00:00+00:00,3601.45,3601.82,3601.3,3601.79,53.869,194014.61124
2025-09-07 02:30:00+00:00,3601.79,3601.8,3597.77,3597.78,50.569,182025.94601
2025-09-07 03:00:00+00:00,3597.78,3597.79,3593.93,3594.99,139.568,501897.19871
2025-09-07 03:30:00+00:00,3594.99,3595.0,3592.35,3594.92,121.026,434918.08904
2025-09-07 04:00:00+00:00,3594.92,3595.0,3594.08,3594.52,49.179,176788.988
2025-09-07 04:30:00+00:00,3594.52,3598.0,3594.38,3597.74,87.737,315583.47428
2025-09-07 05:00:00+00:00,3597.74,3599.16,3597.24,3599.03,42.209,151880.92846
2025-09-07 05:30:00+00:00,3599.03,3599.03,3597.49,3599.0,41.314,148671.20825
2025-09-07 06:00:00+00:00,3599.0,3599.55,3598.87,3599.54,34.813,125297.58488
2025-09-07 06:30:00+00:00,3599.54,3600.0,3599.54,3599.54,32.416,116692.51434
2025-09-07 07:00:00+00:00,3599.54,3599.99,3598.53,3599.99,29.739,107049.85436
2025-09-07 07:30:00+00:00,3599.99,3600.0,3598.33,3599.52,53.06,190985.9299
2025-09-07 08:00:00+00:00,3599.52,3599.52,3595.0,3596.92,68.021,244683.70665
2025-09-07 08:30:00+00:00,3596.92,3600.31,3596.92,3599.93,129.205,465069.12191
2025-09-07 09:00:00+00:00,3599.93,3599.98,3598.59,3599.95,19.221,69189.35331
2025-09-07 09:30:00+00:00,3599.95,3601.32,3599.72,3599.72,35.182,126670.48341
2025-09-07 10:00:00+00:00,3599.72,3601.46,3599.72,3600.86,9.472,34110.73208
2025-09-07 10:30:00+00:00,3600.86,3601.0,3598.22,3598.91,17.446,62794.64601
2025-09-07 11:00:00+00:00,3598.91,3599.09,3598.78,3599.09,26.698,96085.1193
2025-09-07 11:30:00+00:00,3599.09,3601.95,3598.97,3601.37,24.489,88183.28241
2025-09-07 12:00:00+00:00,3601.37,3601.37,3598.23,3599.39,84.182,303008.19776
2025-09-07 12:30:00+00:00,3599.39,3601.15,3599.39,3601.15,26.081,93899.10133
2025-09-07 13:00:00+00:00,3601.15,3601.88,3598.66,3599.6,39.794,143290.67363
2025-09-07 13:30:00+00:00,3599.6,3601.34,3598.43,3600.66,17.541,63139.63548
2025-09-07 14:00:00+00:00,3600.66,3600.67,3597.4,3598.32,21.2,76282.49368
2025-09-07 14:30:00+00:00,3598.32,3600.33,3597.68,3599.2,30.477,109686.279
2025-09-07 15:00:00+00:00,3599.2,3601.73,3599.2,3601.72,45.182,162649.76693
2025-09-07 15:30:00+00:00,3601.72,3601.73,3600.0,3600.01,31.461,113272.58856
2025-09-07 16:00:00+00:00,3600.01,3601.27,3598.13,3599.91,43.707,157319.14729
2025-09-07 16:30:00+00:00,3599.91,3602.15,3599.9,3601.6,43.535,156787.22225
2025-09-07 17:00:00+00:00,3601.6,3605.68,3601.24,3604.84,141.108,508551.50197
2025-09-07 17:30:00+00:00,3604.84,3605.7,3604.32,3604.84,85.38,307813.9807
2025-09-07 18:00:00+00:00,3604.84,3604.84,3600.05,3600.05,33.77,121692.96081
2025-09-07 18:30:00+00:00,3600.05,3601.56,3597.98,3601.19,51.055,183782.54969
2025-09-07 19:00:00+00:00,3601.19,3603.62,3600.27,3602.78,78.513,282805.45901
2025-09-07 19:30:00+00:00,3602.78,3604.62,3600.0,3600.77,33.321,120006.94521
2025-09-07 20:00:00+00:00,3600.77,3601.26,3599.85,3601.25,42.361,152524.24817
2025-09-07 20:30:00+00:00,3601.25,3601.25,3599.8,3599.8,17.304,62298.84827
2025-09-07 21:00:00+00:00,3599.8,3601.98,3598.1,3600.37,58.158,209411.12694
2025-09-07 21:30:00+00:00,3600.37,3600.37,3596.0,3597.25,50.224,180712.27646
2025-09-07 22:00:00+00:00,3597.25,3599.67,3587.23,3596.01,1624.192,5837350.31856
2025-09-07 22:30:00+00:00,3596.01,3597.53,3593.56,3594.0,116.709,419637.12426
2025-09-07 23:00:00+00:00,3594.0,3596.32,3590.4,3591.57,328.745,1180957.93432
2025-09-07 23:30:00+00:00,3591.57,3596.59,3591.0,3594.48,223.11,801803.91797
2025-09-08 00:00:00+00:00,3594.48,3594.6,3590.0,3591.4,427.917,1536978.63422
2025-09-08 00:30:00+00:00,3591.4,3595.9,3589.07,3595.9,239.308,859448.87964
2025-09-08 01:00:00+00:00,3595.9,3599.6,3587.83,3589.2,490.968,1763880.63057
2025-09-08 01:30:00+00:00,3589.2,3592.8,3588.81,3592.8,226.033,811623.05319
2025-09-08 02:00:00+00:00,3592.8,3595.99,3589.68,3591.4,233.736,839719.40671
2025-09-08 02:30:00+00:00,3591.4,3593.16,3588.02,3591.99,348.524,1251664.21418
2025-09-08 03:00:00+00:00,3591.99,3592.77,3585.0,3585.41,348.858,1252147.40667
2025-09-08 03:30:00+00:00,3585.41,3586.89,3583.4,3583.41,348.365,1248717.84213
2025-09-08 04:00:00+00:00,3583.41,3584.4,3581.63,3583.31,214.382,768114.03508
2025-09-08 04:30:00+00:00,3583.31,3583.31,3581.61,3581.96,33.892,121409.87361
2025-09-08 05:00:00+00:00,3581.96,3584.8,3581.96,3583.99,31.788,113903.71716
2025-09-08 05:30:00+00:00,3583.99,3590.94,3583.41,3590.94,262.676,942576.2385
2025-09-08 06:00:00+00:00,3590.94,3593.74,3587.58,3593.73,349.05,1253574.50326
2025-09-08 06:30:00+00:00,3593.73,3598.62,3592.74,3598.62,409.715,1473221.05791
2025-09-08 07:00:00+00:00,3598.62,3609.75,3598.14,3608.4,423.904,1527933.08396
2025-09-08 07:30:00+00:00,3608.4,3613.43,3607.8,3610.0,581.809,2100766.06641
2025-09-08 08:00:00+00:00,3610.0,3616.58,3607.7,3612.7,301.192,1087834.59938
2025-09-08 08:30:00+00:00,3612.7,3615.2,3607.59,3609.0,630.162,2275469.02918
2025-09-08 09:00:00+00:00,3609.0,3612.5,3607.81,3611.41,139.936,505258.54284
2025-09-08 09:30:00+00:00,3611.41,3614.3,3610.8,3614.01,88.618,320183.23757
2025-09-08 10:00:00+00:00,3614.01,3620.0,3614.01,3617.01,256.21,926842.86868
2025-09-08 10:30:00+00:00,3617.01,3618.44,3614.01,3615.74,163.343,590646.42687
2025-09-08 11:00:00+00:00,3615.74,3615.74,3613.69,3614.97,124.948,451625.73945
2025-09-08 11:30:00+00:00,3614.97,3619.6,3613.55,3619.31,295.068,1066905.94971
2025-09-08 12:00:00+00:00,3619.31,3620.22,3615.2,3617.6,330.183,1194425.80434
2025-09-08 12:30:00+00:00,3617.6,3625.88,3617.3,3623.42,361.67,1309734.96325
2025-09-08 13:00:00+00:00,3623.42,3630.0,3623.1,3624.41,656.102,2379235.95969
2025-09-08 13:30:00+00:00,3624.41,3634.97,3620.95,3632.42,848.335,3078589.36655
2025-09-08 14:00:00+00:00,3632.42,3635.4,3629.6,3630.2,428.871,1557967.43841
2025-09-08 14:30:00+00:00,3630.2,3639.8,3629.7,3638.79,526.91,1914818.88763
2025-09-08 15:00:00+00:00,3638.79,3643.54,3634.4,3634.8,734.015,2672414.635
2025-09-08 15:30:00+00:00,3634.8,3637.8,3630.4,3636.19,465.591,1692196.29012
2025-09-08 16:00:00+00:00,3636.19,3641.16,3633.2,3637.92,483.76,1759375.11294
2025-09-08 16:30:00+00:00,3637.92,3638.59,3634.4,3638.46,247.76,900983.29165
2025-09-08 17:00:00+00:00,3638.46,3638.68,3630.65,3632.59,355.285,1290774.18728
2025-09-08 17:30:00+00:00,3632.59,3633.96,3629.96,3629.97,230.676,837770.86437
2025-09-08 18:00:00+00:00,3629.97,3632.0,3628.6,3630.2,173.93,631403.69742
2025-09-08 18:30:00+00:00,3630.2,3634.44,3629.85,3634.06,130.669,474625.54825
2025-09-08 19:00:00+00:00,3634.06,3634.3,3631.2,3631.46,122.613,445373.55772
2025-09-08 19:30:00+00:00,3631.46,3634.47,3631.01,3634.07,82.817,300842.23305
2025-09-08 20:00:00+00:00,3634.07,3634.7,3633.2,3633.41,89.765,326186.15468
2025-09-08 20:30:00+00:00,3633.41,3636.29,3633.4,3634.93,65.533,238213.71781
2025-09-08 21:00:00+00:00,3634.93,3635.35,3633.51,3633.71,69.469,252486.83476
2025-09-08 21:30:00+00:00,3633.71,3633.85,3633.0,3633.38,42.877,155792.13349
2025-09-08 22:00:00+00:00,3633.38,3635.01,3630.12,3630.79,122.531,445132.61784
2025-09-08 22:30:00+00:00,3630.79,3631.6,3627.78,3629.8,216.609,786418.10183
2025-09-08 23:00:00+00:00,3629.8,3632.63,3628.91,3631.5,224.573,815301.91589
2025-09-08 23:30:00+00:00,3631.5,3636.46,3628.94,3635.42,450.017,1634711.85051
2025-09-09 00:00:00+00:00,3635.42,3641.24,3634.4,3637.72,426.916,1553117.98285
2025-09-09 00:30:00+00:00,3637.72,3641.2,3636.84,3639.22,252.108,917373.85497
2025-09-09 01:00:00+00:00,3639.22,3647.69,3638.0,3646.82,627.516,2286071.02105
2025-09-09 01:30:00+00:00,3646.82,3649.14,3644.4,3648.99,564.411,2058397.00876
2025-09-09 02:00:00+00:00,3648.99,3653.9,3646.5,3653.82,519.232,1895529.47243
2025-09-09 02:30:00+00:00,3653.82,3654.89,3647.53,3648.51,459.509,1677843.63015
2025-09-09 03:00:00+00:00,3648.51,3651.61,3643.09,3647.91,382.122,1393821.47578
2025-09-09 03:30:00+00:00,3647.91,3648.4,3643.2,3645.49,257.502,938564.0631
2025-09-09 04:00:00+00:00,3645.49,3650.32,3645.21,3650.13,282.394,1029902.14664
2025-09-09 04:30:00+00:00,3650.13,3656.01,3650.13,3655.58,161.992,591886.05871
2025-09-09 05:00:00+00:00,3655.58,3656.8,3653.66,3655.49,183.125,669437.51703
2025-09-09 05:30:00+00:00,3655.49,3660.79,3655.49,3658.18,417.299,1526732.80902
2025-09-09 06:00:00+00:00,3658.18,3658.18,3638.8,3639.3,1269.747,4626898.43622
2025-09-09 06:30:00+00:00,3639.3,3652.5,3639.03,3649.81,777.777,2836971.17266
2025-09-09 07:00:00+00:00,3649.81,3652.36,3647.0,3652.1,487.949,1780596.57719
2025-09-09 07:30:00+00:00,3652.1,3652.99,3645.0,3646.5,580.165,2116377.96946
2025-09-09 08:00:00+00:00,3646.5,3648.59,3644.2,3647.61,429.51,1566281.63415
2025-09-09 08:30:00+00:00,3647.61,3651.8,3645.75,3650.01,463.205,1690245.9839
2025-09-09 09:00:00+00:00,3650.01,3657.49,3650.01,3653.8,450.929,1647538.88981
2025-09-09 09:30:00+00:00,3653.8,3654.99,3651.09,3654.1,439.575,1605959.23425
2025-09-09 10:00:00+00:00,3654.1,3655.67,3650.9,3652.9,217.428,794309.50121
2025-09-09 10:30:00+00:00,3652.9,3652.9,3650.23,3652.48,149.201,544786.90069
2025-09-09 11:00:00+00:00,3652.48,3654.84,3652.47,3654.1,133.012,486035.91098
2025-09-09 11:30:00+00:00,3654.1,3655.0,3650.0,3650.21,87.006,317812.1553
2025-09-09 12:00:00+00:00,3650.21,3657.03,3650.11,3651.59,159.535,582839.17202
2025-09-09 12:30:00+00:00,3651.59,3651.99,3646.48,3650.16,330.935,1207791.57007
2025-09-09 13:00:00+00:00,3650.16,3663.16,3649.01,3662.2,400.543,1464418.87737
2025-09-09 13:30:00+00:00,3662.2,3669.1,3660.21,3666.01,416.467,1526414.18055
2025-09-09 14:00:00+00:00,3666.01,3674.82,3645.67,3655.99,1166.31,4264893.06599
2025-09-09 14:30:00+00:00,3655.99,3656.24,3640.68,3649.26,667.949,2436274.86934
2025-09-09 15:00:00+00:00,3649.26,3650.0,3632.5,3644.44,668.084,2433152.29716
2025-09-09 15:30:00+00:00,3644.44,3650.03,3641.0,3650.03,264.823,965668.44981
2025-09-09 16:00:00+00:00,3650.03,3652.0,3647.93,3648.75,235.729,860511.90522
2025-09-09 16:30:00+00:00,3648.75,3650.99,3648.0,3648.6,60.148,219518.87433
2025-09-09 17:00:00+00:00,3648.6,3650.33,3647.2,3648.54,89.974,328319.12422
2025-09-09 17:30:00+00:00,3648.54,3649.59,3645.5,3645.9,78.717,287082.62091
2025-09-09 18:00:00+00:00,3645.9,3648.4,3645.9,3647.41,53.319,194475.40814
2025-09-09 18:30:00+00:00,3647.41,3649.1,3643.2,3643.2,93.449,340715.89216
2025-09-09 19:00:00+00:00,3643.2,3643.21,3637.76,3638.18,124.362,452543.91849
2025-09-09 19:30:00+00:00,3638.18,3638.67,3629.74,3631.28,265.934,966467.05107
2025-09-09 20:00:00+00:00,3631.28,3634.38,3631.09,3633.51,211.97,770002.05539
2025-09-09 20:30:00+00:00,3633.51,3633.51,3626.76,3627.52,326.666,1185838.06461
2025-09-09 21:00:00+00:00,3627.52,3631.92,3624.27,3629.99,297.321,1078498.17713
2025-09-09 21:30:00+00:00,3629.99,3629.99,3622.0,3623.62,192.492,697729.22725
2025-09-09 22:00:00+00:00,3623.62,3632.19,3623.6,3626.81,287.8,1044065.77679
2025-09-09 22:30:00+00:00,3626.81,3638.54,3626.81,3637.9,205.252,745588.28398
2025-09-09 23:00:00+00:00,3637.9,3643.98,3637.62,3641.6,263.422,958941.79649
2025-09-09 23:30:00+00:00,3641.6,3642.39,3636.8,3637.16,173.483,631416.57824
2025-09-10 00:00:00+00:00,3637.16,3637.2,3629.94,3629.94,189.72,689468.74286
2025-09-10 00:30:00+00:00,3629.94,3633.99,3623.8,3625.58,190.888,692717.13474
2025-09-10 01:00:00+00:00,3625.58,3631.15,3624.75,3624.85,192.31,697664.73798
2025-09-10 01:30:00+00:00,3624.85,3634.7,3624.8,3633.59,122.403,444526.55714
2025-09-10 02:00:00+00:00,3633.59,3638.78,3633.59,3636.85,86.926,316126.86571
2025-09-10 02:30:00+00:00,3636.85,3640.62,3634.98,3640.01,174.79,635916.50444
2025-09-10 03:00:00+00:00,3640.01,3640.01,3635.71,3636.1,93.401,339710.97984
2025-09-10 03:30:00+00:00,3636.1,3637.79,3635.8,3637.79,58.67,213365.0167
2025-09-10 04:00:00+00:00,3637.79,3644.16,3637.79,3644.01,78.375,285328.82389
2025-09-10 04:30:00+00:00,3644.01,3646.88,3641.93,3645.81,243.759,888237.28952
2025-09-10 05:00:00+00:00,3645.81,3647.2,3644.4,3645.98,65.4,238429.07703
2025-09-10 05:30:00+00:00,3645.98,3646.93,3642.95,3645.49,116.183,423379.14723
2025-09-10 06:00:00+00:00,3645.49,3649.71,3643.67,3646.94,132.882,484678.7686
2025-09-10 06:30:00+00:00,3646.94,3648.01,3643.3,3644.7,167.712,611430.46062
2025-09-10 07:00:00+00:00,3644.7,3649.6,3644.0,3646.41,148.1,540237.79327
2025-09-10 07:30:00+00:00,3646.41,3650.0,3645.04,3646.79,194.011,707746.94707
2025-09-10 08:00:00+00:00,3646.79,3648.94,3645.49,3646.99,141.383,515665.75858
2025-09-10 08:30:00+00:00,3646.99,3648.59,3646.0,3647.77,206.42,752848.41074
2025-09-10 09:00:00+00:00,3647.77,3647.77,3645.81,3647.5,90.393,329647.41529
2025-09-10 09:30:00+00:00,3647.5,3655.96,3647.5,3655.41,190.94,697417.715
2025-09-10 10:00:00+00:00,3655.41,3656.0,3651.8,3655.0,210.723,770058.27097
2025-09-10 10:30:00+00:00,3655.0,3658.0,3654.81,3656.03,132.559,484731.75949
2025-09-10 11:00:00+00:00,3656.03,3657.21,3651.65,3655.39,138.78,507264.78605
2025-09-10 11:30:00+00:00,3655.39,3655.4,3647.83,3648.41,356.78,1301996.87198
2025-09-10 12:00:00+00:00,3648.41,3650.38,3646.2,3649.6,194.017,707947.16089
2025-09-10 12:30:00+00:00,3649.6,3657.57,3640.55,3642.6,988.388,3604027.36697
2025-09-10 13:00:00+00:00,3642.6,3646.76,3641.01,3645.81,341.974,1246264.58071
2025-09-10 13:30:00+00:00,3645.81,3651.82,3645.47,3649.01,303.558,1107421.50195
2025-09-10 14:00:00+00:00,3649.01,3653.29,3647.34,3651.42,270.33,986888.71908
2025-09-10 14:30:00+00:00,3651.42,3653.12,3643.49,3646.78,186.421,679890.154
2025-09-10 15:00:00+00:00,3646.78,3646.88,3638.69,3643.71,311.172,1133738.94421
2025-09-10 15:30:00+00:00,3643.71,3646.87,3643.42,3643.5,121.899,444341.32381
2025-09-10 16:00:00+00:00,3643.5,3646.2,3640.23,3640.37,147.955,538971.58288
2025-09-10 16:30:00+00:00,3640.37,3642.18,3639.7,3642.16,99.903,363739.76726
2025-09-10 17:00:00+00:00,3642.16,3642.18,3639.4,3639.8,57.476,209265.92659
2025-09-10 17:30:00+00:00,3639.8,3644.5,3638.99,3644.49,286.716,1043953.45401
2025-09-10 18:00:00+00:00,3644.49,3646.92,3643.41,3646.43,77.785,283532.54165
2025-09-10 18:30:00+00:00,3646.43,3646.43,3642.61,3642.7,80.395,292980.04985
2025-09-10 19:00:00+00:00,3642.7,3643.25,3638.83,3638.83,81.69,297376.93431
2025-09-10 19:30:00+00:00,3638.83,3640.0,3633.95,3640.0,164.156,596958.68136
2025-09-10 20:00:00+00:00,3640.0,3640.94,3638.17,3639.04,107.373,390786.2569
2025-09-10 20:30:00+00:00,3639.04,3639.1,3637.11,3638.59,43.281,157457.10811
2025-09-10 21:00:00+00:00,3638.59,3638.6,3638.33,3638.33,9.458,34413.54266
2025-09-10 21:30:00+00:00,3638.33,3638.78,3637.01,3637.17,46.218,168146.56726
2025-09-10 22:00:00+00:00,3637.17,3641.6,3636.4,3637.91,135.273,492175.61049
2025-09-10 22:30:00+00:00,3637.91,3638.45,3637.81,3638.38,29.063,105735.37942
2025-09-10 23:00:00+00:00,3638.38,3640.8,3636.41,3640.8,88.062,320443.08841
2025-09-10 23:30:00+00:00,3640.8,3643.08,3638.8,3642.24,116.199,423141.37725
2025-09-11 00:00:00+00:00,3642.24,3644.87,3642.24,3644.09,197.298,718916.11862
2025-09-11 00:30:00+00:00,3644.09,3644.39,3642.19,3642.79,145.033,528378.20341
2025-09-11 01:00:00+00:00,3642.79,3646.9,3641.59,3646.5,141.481,515674.67159
2025-09-11 01:30:00+00:00,3646.5,3647.34,3639.4,3639.4,149.494,544485.58705
2025-09-11 02:00:00+00:00,3639.4,3640.83,3635.18,3635.18,144.521,525850.4196
2025-09-11 02:30:00+00:00,3635.18,3636.77,3631.08,3634.62,282.0,1024749.83805
2025-09-11 03:00:00+00:00,3634.62,3634.88,3631.01,3632.05,156.053,566903.84024
2025-09-11 03:30:00+00:00,3632.05,3632.05,3627.66,3630.09,160.673,583237.88315
2025-09-11 04:00:00+00:00,3630.09,3634.07,3629.73,3632.14,175.677,638081.99251
2025-09-11 04:30:00+00:00,3632.14,3632.3,3628.26,3628.36,145.549,528293.33733
2025-09-11 05:00:00+00:00,3628.36,3628.39,3626.8,3627.88,142.248,516015.78962
2025-09-11 05:30:00+00:00,3627.88,3631.49,3622.49,3624.56,485.829,1762175.05264
2025-09-11 06:00:00+00:00,3624.56,3633.1,3622.77,3632.91,331.591,1203515.16841
2025-09-11 06:30:00+00:00,3632.91,3637.42,3631.76,3632.2,235.786,856923.11223
2025-09-11 07:00:00+00:00,3632.2,3632.2,3624.89,3625.7,113.798,412794.6106
2025-09-11 07:30:00+00:00,3625.7,3628.6,3623.88,3628.1,135.166,490143.72314
2025-09-11 08:00:00+00:00,3628.1,3630.28,3627.02,3628.5,95.671,347169.72766
2025-09-11 08:30:00+00:00,3628.5,3629.37,3626.0,3626.01,113.475,411600.98597
2025-09-11 09:00:00+00:00,3626.01,3626.09,3611.0,3614.56,939.051,3396056.65582
2025-09-11 09:30:00+00:00,3614.56,3621.91,3614.56,3619.49,202.975,734422.47622
2025-09-11 10:00:00+00:00,3619.49,3623.04,3618.75,3620.3,175.585,635760.1868
2025-09-11 10:30:00+00:00,3620.3,3623.86,3619.62,3620.99,144.255,522464.4858
2025-09-11 11:00:00+00:00,3620.99,3620.99,3618.22,3618.26,59.008,213560.19283
2025-09-11 11:30:00+00:00,3618.26,3618.75,3614.42,3614.72,107.936,390307.1249
2025-09-11 12:00:00+00:00,3614.72,3624.8,3614.71,3623.66,256.236,927611.94812
2025-09-11 12:30:00+00:00,3623.66,3642.87,3614.78,3627.45,1580.386,5738595.38552
2025-09-11 13:00:00+00:00,3627.45,3634.38,3618.92,3621.25,415.081,1505794.10496
2025-09-11 13:30:00+00:00,3621.25,3630.08,3618.76,3628.2,208.884,757207.27022
2025-09-11 14:00:00+00:00,3628.2,3635.94,3624.39,3633.15,252.124,915676.00113
2025-09-11 14:30:00+00:00,3633.15,3633.15,3625.69,3627.71,137.323,498355.44435
2025-09-11 15:00:00+00:00,3627.71,3635.94,3627.71,3633.9,109.774,398761.04699
2025-09-11 15:30:00+00:00,3633.9,3635.48,3629.04,3630.09,151.64,550668.73953
2025-09-11 16:00:00+00:00,3630.09,3637.72,3630.0,3634.94,152.699,554798.13098
2025-09-11 16:30:00+00:00,3634.94,3636.02,3630.44,3633.02,103.899,377503.85662
2025-09-11 17:00:00+00:00,3633.02,3633.51,3630.09,3632.35,78.938,286696.04039
2025-09-11 17:30:00+00:00,3632.35,3633.99,3631.91,3633.06,47.315,171889.98933
2025-09-11 18:00:00+00:00,3633.06,3634.3,3630.44,3630.44,67.251,244287.49449
2025-09-11 18:30:00+00:00,3630.44,3630.76,3629.13,3630.75,39.685,144051.48546
2025-09-11 19:00:00+00:00,3630.75,3634.93,3630.75,3632.65,64.777,235344.78977
2025-09-11 19:30:00+00:00,3632.65,3635.42,3632.39,3635.2,61.972,225219.15705
2025-09-11 20:00:00+00:00,3635.2,3635.9,3633.85,3633.86,33.606,122155.8495
2025-09-11 20:30:00+00:00,3633.86,3633.86,3632.61,3632.81,27.126,98546.13735
2025-09-11 21:00:00+00:00,3632.81,3636.44,3629.85,3636.44,109.989,399582.17838
2025-09-11 21:30:00+00:00,3636.44,3637.41,3635.25,3637.33,46.887,170494.44633
2025-09-11 22:00:00+00:00,3637.33,3637.33,3634.12,3636.41,134.689,489652.92176
2025-09-11 22:30:00+00:00,3636.41,3637.29,3633.09,3633.86,164.09,596539.0403
2025-09-11 23:00:00+00:00,3633.86,3634.5,3633.56,3633.78,64.332,233773.72283
2025-09-11 23:30:00+00:00,3633.78,3634.33,3631.6,3631.6,44.768,162655.16226
2025-09-12 00:00:00+00:00,3631.6,3633.22,3631.21,3631.21,84.153,305622.48409
2025-09-12 00:30:00+00:00,3631.21,3637.55,3630.63,3635.93,189.503,688882.28256
2025-09-12 01:00:00+00:00,3635.93,3641.93,3635.93,3641.8,217.639,792156.75291
2025-09-12 01:30:00+00:00,3641.8,3644.8,3641.8,3644.16,270.643,986030.60376
2025-09-12 02:00:00+00:00,3644.16,3646.65,3643.0,3646.65,67.219,245028.18646
2025-09-12 02:30:00+00:00,3646.65,3648.32,3643.92,3648.0,185.556,676628.79289
2025-09-12 03:00:00+00:00,3648.0,3649.11,3646.01,3648.5,118.937,433892.48926
2025-09-12 03:30:00+00:00,3648.5,3651.12,3648.5,3651.12,121.998,445219.27469
2025-09-12 04:00:00+00:00,3651.12,3652.41,3651.12,3652.41,135.598,495181.24728
2025-09-12 04:30:00+00:00,3652.41,3655.03,3652.41,3653.42,188.546,688915.21092
2025-09-12 05:00:00+00:00,3653.42,3654.85,3650.59,3650.59,84.177,307545.12481
2025-09-12 05:30:00+00:00,3650.59,3652.55,3650.25,3651.58,150.906,550993.0764
2025-09-12 06:00:00+00:00,3651.58,3651.58,3647.75,3647.79,269.119,982083.48539
2025-09-12 06:30:00+00:00,3647.79,3648.69,3647.1,3647.11,76.365,278556.88787
2025-09-12 07:00:00+00:00,3647.11,3650.23,3647.1,3649.53,67.235,245332.29782
2025-09-12 07:30:00+00:00,3649.53,3649.53,3646.87,3646.87,130.446,475808.69202
2025-09-12 08:00:00+00:00,3646.87,3648.02,3640.0,3643.33,544.773,1984460.58294
2025-09-12 08:30:00+00:00,3643.33,3643.33,3639.0,3640.1,428.125,1558737.72174
2025-09-12 09:00:00+00:00,3640.1,3643.67,3637.2,3643.67,454.701,1655061.94826
2025-09-12 09:30:00+00:00,3643.67,3645.9,3641.82,3645.9,163.204,594700.43023
2025-09-12 10:00:00+00:00,3645.9,3649.37,3645.26,3648.99,209.674,764615.57873
2025-09-12 10:30:00+00:00,3648.99,3649.3,3648.1,3649.29,85.539,312107.15668
2025-09-12 11:00:00+00:00,3649.29,3649.6,3646.72,3646.72,88.131,321531.9219
2025-09-12 11:30:00+00:00,3646.72,3646.73,3645.71,3646.68,63.274,230722.07821
2025-09-12 12:00:00+00:00,3646.68,3647.0,3640.12,3640.97,329.288,1199607.41633
2025-09-12 12:30:00+00:00,3640.97,3642.85,3636.38,3642.85,505.572,1839843.78121
2025-09-12 13:00:00+00:00,3642.85,3646.88,3641.05,3645.68,353.802,1289548.6037
2025-09-12 13:30:00+00:00,3645.68,3650.31,3644.21,3648.13,517.246,1886883.28847
2025-09-12 14:00:00+00:00,3648.13,3651.28,3647.52,3650.26,347.705,1269099.85208
2025-09-12 14:30:00+00:00,3650.26,3650.33,3644.88,3646.14,173.61,633184.915
2025-09-12 15:00:00+00:00,3646.14,3646.14,3641.33,3642.58,169.097,616088.23974
2025-09-12 15:30:00+00:00,3642.58,3645.54,3642.16,3642.16,82.406,300343.40295
2025-09-12 16:00:00+00:00,3642.16,3643.46,3640.4,3643.37,83.57,304347.9138
2025-09-12 16:30:00+00:00,3643.37,3646.38,3643.36,3646.38,77.697,283148.95039
2025-09-12 17:00:00+00:00,3646.38,3647.79,3646.37,3646.48,57.958,211378.76147
2025-09-12 17:30:00+00:00,3646.48,3646.98,3644.97,3646.07,99.978,364547.59681
2025-09-12 18:00:00+00:00,3646.07,3646.07,3644.85,3645.76,74.478,271508.07455
2025-09-12 18:30:00+00:00,3645.76,3647.0,3645.74,3646.49,67.716,246904.58716
2025-09-12 19:00:00+00:00,3646.49,3646.49,3645.62,3645.62,25.269,92137.54127
2025-09-12 19:30:00+00:00,3645.62,3645.63,3640.96,3640.96,132.171,481475.27641
2025-09-12 20:00:00+00:00,3640.96,3640.97,3638.96,3638.96,86.755,315795.4968
2025-09-12 20:30:00+00:00,3638.96,3640.07,3638.76,3640.06,70.694,257247.86981
2025-09-12 21:00:00+00:00,3640.06,3642.86,3640.06,3642.85,34.816,126773.05512
2025-09-12 21:30:00+00:00,3642.85,3644.31,3642.85,3644.26,19.88,72437.82081
2025-09-12 22:00:00+00:00,3644.26,3645.4,3644.26,3645.39,25.07,91379.47877
2025-09-12 22:30:00+00:00,3645.39,3645.4,3633.37,3643.11,347.249,1263465.58348
2025-09-12 23:00:00+00:00,3643.11,3644.0,3642.18,3643.68,55.723,203010.90681
2025-09-12 23:30:00+00:00,3643.68,3643.74,3642.36,3643.69,32.907,119885.55179
2025-09-13 00:00:00+00:00,3643.69,3644.08,3641.3,3641.64,43.73,159318.51837
2025-09-13 00:30:00+00:00,3641.64,3645.66,3641.63,3644.92,48.063,175140.55868
2025-09-13 01:00:00+00:00,3644.92,3645.1,3641.47,3641.47,47.525,173158.09319
2025-09-13 01:30:00+00:00,3641.47,3641.47,3637.57,3637.58,41.065,149455.32991
2025-09-13 02:00:00+00:00,3637.58,3641.4,3637.57,3641.39,37.963,138194.19888
2025-09-13 02:30:00+00:00,3641.39,3641.92,3641.39,3641.73,21.12,76911.71681
2025-09-13 03:00:00+00:00,3641.73,3641.76,3639.72,3640.71,34.814,126755.27391
2025-09-13 03:30:00+00:00,3640.71,3641.7,3639.3,3639.34,21.797,79352.71821
2025-09-13 04:00:00+00:00,3639.34,3639.34,3637.01,3637.88,62.76,228309.5893
2025-09-13 04:30:00+00:00,3637.88,3637.89,3636.84,3636.85,22.241,80893.8252
2025-09-13 05:00:00+00:00,3636.85,3639.47,3636.84,3637.52,80.948,294468.40349
2025-09-13 05:30:00+00:00,3637.52,3638.36,3636.4,3636.41,42.526,154679.11571
2025-09-13 06:00:00+00:00,3636.41,3636.41,3635.09,3635.52,65.438,237931.6744
2025-09-13 06:30:00+00:00,3635.52,3636.53,3635.0,3636.53,20.901,75991.64578
2025-09-13 07:00:00+00:00,3636.53,3639.25,3636.45,3636.45,47.832,174018.80947
2025-09-13 07:30:00+00:00,3636.45,3638.54,3636.43,3638.54,28.898,105108.1136
2025-09-13 08:00:00+00:00,3638.54,3643.0,3635.62,3637.0,168.569,613355.52307
2025-09-13 08:30:00+00:00,3637.0,3638.96,3636.21,3637.85,55.366,201393.87121
2025-09-13 09:00:00+00:00,3637.85,3638.28,3636.0,3636.16,58.58,213051.9043
2025-09-13 09:30:00+00:00,3636.16,3638.8,3636.16,3638.79,41.045,149288.07243
2025-09-13 10:00:00+00:00,3638.79,3638.79,3637.61,3637.61,23.278,84684.2737
2025-09-13 10:30:00+00:00,3637.61,3639.99,3637.61,3639.49,38.918,141631.73124
2025-09-13 11:00:00+00:00,3639.49,3639.49,3635.76,3636.07,69.316,252154.24114
2025-09-13 11:30:00+00:00,3636.07,3639.53,3636.07,3636.66,53.229,193627.39669
2025-09-13 12:00:00+00:00,3636.66,3637.24,3636.66,3636.81,41.619,151366.87787
2025-09-13 12:30:00+00:00,3636.81,3639.05,3635.94,3637.92,50.983,185444.14939
2025-09-13 13:00:00+00:00,3637.92,3637.93,3636.16,3636.65,20.064,72965.92
2025-09-13 13:30:00+00:00,3636.65,3636.66,3635.7,3636.62,41.934,152467.74525
2025-09-13 14:00:00+00:00,3636.62,3636.87,3635.31,3635.72,46.015,167318.80429
2025-09-13 14:30:00+00:00,3635.72,3638.12,3635.72,3636.01,62.27,226475.01923
2025-09-13 15:00:00+00:00,3636.01,3636.02,3634.45,3634.65,36.177,131507.82862
2025-09-13 15:30:00+00:00,3634.65,3637.11,3634.61,3637.11,39.132,142272.79794
2025-09-13 16:00:00+00:00,3637.11,3639.08,3636.14,3637.58,72.818,264883.20178
2025-09-13 16:30:00+00:00,3637.58,3638.01,3636.9,3636.9,33.42,121560.44056
2025-09-13 17:00:00+00:00,3636.9,3639.67,3636.66,3639.66,61.232,222751.16659
2025-09-13 17:30:00+00:00,3639.66,3639.79,3639.65,3639.72,27.067,98516.41872
2025-09-13 18:00:00+00:00,3639.72,3640.0,3639.66,3639.99,11.768,42832.30398
2025-09-13 18:30:00+00:00,3639.99,3643.74,3639.99,3643.73,63.208,230186.53374
2025-09-13 19:00:00+00:00,3643.73,3643.87,3642.45,3642.45,19.797,72121.86024
2025-09-13 19:30:00+00:00,3642.45,3642.45,3639.65,3640.16,42.272,153884.31999
2025-09-13 20:00:00+00:00,3640.16,3640.26,3639.73,3639.73,24.245,88252.55352
2025-09-13 20:30:00+00:00,3639.73,3639.73,3639.67,3639.68,7.975,29026.66217
2025-09-13 21:00:00+00:00,3639.68,3640.43,3638.7,3639.7,20.257,73728.34483
2025-09-13 21:30:00+00:00,3639.7,3639.78,3638.09,3638.86,35.914,130682.34809
2025-09-13 22:00:00+00:00,3638.86,3638.87,3638.73,3638.8,10.541,38356.89438
2025-09-13 22:30:00+00:00,3638.8,3638.81,3638.45,3638.46,8.039,29251.03798
2025-09-13 23:00:00+00:00,3638.46,3639.42,3638.45,3639.42,14.192,51643.33794
2025-09-13 23:30:00+00:00,3639.42,3641.47,3639.41,3641.46,30.704,111795.50961
2025-09-14 00:00:00+00:00,3641.46,3641.5,3641.43,3641.5,38.268,139351.0642
2025-09-14 00:30:00+00:00,3641.5,3641.6,3641.5,3641.59,30.161,109833.68898
2025-09-14 01:00:00+00:00,3641.59,3641.61,3641.55,3641.58,34.557,125842.45268
2025-09-14 01:30:00+00:00,3641.58,3641.63,3640.05,3640.05,49.251,179340.18615
2025-09-14 02:00:00+00:00,3640.05,3640.06,3640.04,3640.05,21.924,79804.56761
2025-09-14 02:30:00+00:00,3640.05,3640.05,3639.32,3639.52,21.135,76929.03737
2025-09-14 03:00:00+00:00,3639.52,3639.6,3639.52,3639.56,10.043,36552.07389
2025-09-14 03:30:00+00:00,3639.56,3643.86,3638.62,3642.69,172.375,627752.22007
2025-09-14 04:00:00+00:00,3642.69,3643.04,3641.95,3642.8,52.533,191359.57181
2025-09-14 04:30:00+00:00,3642.8,3642.89,3642.79,3642.79,9.946,36231.35646
2025-09-14 05:00:00+00:00,3642.79,3645.44,3642.79,3645.44,54.85,199864.15995
2025-09-14 05:30:00+00:00,3645.44,3646.02,3645.43,3646.02,37.856,138017.31819
2025-09-14 06:00:00+00:00,3646.02,3646.28,3645.71,3646.28,40.326,147032.20112
2025-09-14 06:30:00+00:00,3646.28,3646.28,3646.24,3646.25,15.575,56790.38051
2025-09-14 07:00:00+00:00,3646.25,3646.25,3646.0,3646.0,20.617,75173.48444
2025-09-14 07:30:00+00:00,3646.0,3646.01,3644.89,3644.9,15.68,57167.30326
2025-09-14 08:00:00+00:00,3644.9,3644.93,3643.25,3643.27,96.869,352989.04053
2025-09-14 08:30:00+00:00,3643.27,3643.27,3643.23,3643.24,14.712,53599.43577
2025-09-14 09:00:00+00:00,3643.24,3643.25,3643.24,3643.25,25.588,93223.38902
2025-09-14 09:30:00+00:00,3643.25,3643.25,3642.57,3642.64,12.893,46968.16753
2025-09-14 10:00:00+00:00,3642.64,3642.64,3642.63,3642.64,9.177,33428.49254
2025-09-14 10:30:00+00:00,3642.64,3642.64,3642.63,3642.64,7.98,29068.24899
2025-09-14 11:00:00+00:00,3642.64,3645.05,3642.63,3645.05,20.497,74674.00311
2025-09-14 11:30:00+00:00,3645.05,3646.05,3642.15,3644.83,33.508,122123.5082
2025-09-14 12:00:00+00:00,3644.83,3646.25,3643.32,3644.75,35.467,129295.19231
2025-09-14 12:30:00+00:00,3644.75,3646.25,3643.25,3646.25,67.202,244955.4581
2025-09-14 13:00:00+00:00,3646.25,3646.25,3644.9,3645.07,61.266,223361.46198
2025-09-14 13:30:00+00:00,3645.07,3645.23,3645.05,3645.09,20.98,76475.81935
2025-09-14 14:00:00+00:00,3645.09,3646.25,3645.09,3646.25,36.405,132716.08133
2025-09-14 14:30:00+00:00,3646.25,3647.63,3645.25,3647.52,102.404,373432.4438
2025-09-14 15:00:00+00:00,3647.52,3647.88,3645.98,3647.23,116.646,425419.61799
2025-09-14 15:30:00+00:00,3647.23,3648.51,3647.23,3648.51,78.54,286473.74302
2025-09-14 16:00:00+00:00,3648.51,3648.84,3647.28,3647.65,153.974,561755.85698
2025-09-14 16:30:00+00:00,3647.65,3647.68,3647.47,3647.47,31.184,113747.69351
2025-09-14 17:00:00+00:00,3647.47,3648.46,3646.98,3648.46,27.984,102077.29259
2025-09-14 17:30:00+00:00,3648.46,3648.48,3647.1,3647.13,18.976,69228.5249
2025-09-14 18:00:00+00:00,3647.13,3647.24,3647.13,3647.16,6.986,25478.98924
2025-09-14 18:30:00+00:00,3647.16,3647.66,3647.15,3647.5,12.21,44536.83038
2025-09-14 19:00:00+00:00,3647.5,3648.05,3647.46,3647.64,20.484,74720.92864
2025-09-14 19:30:00+00:00,3647.64,3647.64,3647.1,3647.11,11.858,43249.62101
2025-09-14 20:00:00+00:00,3647.11,3647.91,3647.11,3647.91,11.74,42823.96542
2025-09-14 20:30:00+00:00,3647.91,3648.91,3647.9,3648.9,16.715,60980.67773
2025-09-14 21:00:00+00:00,3648.9,3648.94,3647.0,3647.0,20.509,74811.20923
2025-09-14 21:30:00+00:00,3647.0,3648.93,3647.0,3648.9,52.92,193071.90103
2025-09-14 22:00:00+00:00,3648.9,3648.9,3640.01,3641.04,181.842,662491.23755
2025-09-14 22:30:00+00:00,3641.04,3642.25,3640.62,3641.88,40.357,146958.71022
2025-09-14 23:00:00+00:00,3641.88,3641.88,3637.76,3638.96,43.646,158860.45327
2025-09-14 23:30:00+00:00,3638.96,3638.96,3636.91,3638.35,62.655,227924.39146
2025-09-15 00:00:00+00:00,3638.35,3645.36,3635.32,3640.8,515.087,1875669.88471
2025-09-15 00:30:00+00:00,3640.8,3640.8,3632.28,3634.57,190.951,694223.37327
2025-09-15 01:00:00+00:00,3634.57,3635.03,3628.32,3632.46,277.774,1008698.66909
2025-09-15 01:30:00+00:00,3632.46,3635.01,3630.92,3635.01,19.559,71059.39872
2025-09-15 02:00:00+00:00,3635.01,3644.71,3635.01,3644.7,89.965,327457.33261
2025-09-15 02:30:00+00:00,3644.7,3645.96,3641.65,3641.69,47.462,172934.92089
2025-09-15 03:00:00+00:00,3641.69,3644.9,3641.26,3644.9,56.989,207618.18011
2025-09-15 03:30:00+00:00,3644.9,3647.2,3644.89,3647.0,25.488,92934.28314
2025-09-15 04:00:00+00:00,3647.0,3647.5,3644.26,3645.12,38.845,141631.15329
2025-09-15 04:30:00+00:00,3645.12,3645.44,3644.1,3645.44,25.681,93599.22448
2025-09-15 05:00:00+00:00,3645.44,3645.88,3643.06,3645.1,23.591,85981.08806
2025-09-15 05:30:00+00:00,3645.1,3646.1,3642.46,3643.85,55.453,202078.28329
2025-09-15 06:00:00+00:00,3643.85,3643.85,3640.64,3641.91,81.421,296546.90346
2025-09-15 06:30:00+00:00,3641.91,3642.99,3637.6,3637.6,102.345,372523.87539
2025-09-15 07:00:00+00:00,3637.6,3639.04,3635.73,3637.21,98.194,357121.62705
2025-09-15 07:30:00+00:00,3637.21,3645.4,3637.1,3645.15,132.024,480835.73214
2025-09-15 08:00:00+00:00,3645.15,3645.19,3640.39,3642.0,185.831,676961.39578
2025-09-15 08:30:00+00:00,3642.0,3644.75,3641.76,3644.65,63.919,232849.19527
2025-09-15 09:00:00+00:00,3644.65,3645.49,3640.64,3640.64,63.822,232550.05807
2025-09-15 09:30:00+00:00,3640.64,3642.73,3637.72,3642.72,137.202,499394.58487
2025-09-15 10:00:00+00:00,3642.72,3645.65,3642.72,3645.53,97.309,354679.78527
2025-09-15 10:30:00+00:00,3645.53,3645.54,3640.0,3640.94,42.521,154895.27603
2025-09-15 11:00:00+00:00,3640.94,3645.65,3640.71,3645.05,65.923,240240.74081
2025-09-15 11:30:00+00:00,3645.05,3645.87,3644.37,3644.68,65.848,240030.91226
2025-09-15 12:00:00+00:00,3644.68,3644.68,3639.36,3640.48,81.316,296146.25836
2025-09-15 12:30:00+00:00,3640.48,3651.46,3640.48,3649.45,301.516,1099867.73217
2025-09-15 13:00:00+00:00,3649.45,3653.7,3648.46,3653.57,177.36,647529.74425
2025-09-15 13:30:00+00:00,3653.57,3663.4,3653.36,3656.92,281.335,1029431.36815
2025-09-15 14:00:00+00:00,3656.92,3660.67,3654.18,3658.6,248.218,907973.80331
2025-09-15 14:30:00+00:00,3658.6,3662.97,3658.6,3662.75,117.106,428730.33212
2025-09-15 15:00:00+00:00,3662.75,3668.71,3662.75,3667.56,136.242,499324.45959
2025-09-15 15:30:00+00:00,3667.56,3680.0,3665.96,3678.55,337.764,1240458.26615
2025-09-15 16:00:00+00:00,3678.55,3683.58,3675.83,3683.36,249.847,919401.53389
2025-09-15 16:30:00+00:00,3683.36,3684.0,3674.1,3678.82,192.4,708088.44923
2025-09-15 17:00:00+00:00,3678.82,3681.65,3678.82,3679.72,67.49,248378.99782
2025-09-15 17:30:00+00:00,3679.72,3681.9,3679.7,3681.39,44.589,164144.95299
2025-09-15 18:00:00+00:00,3681.39,3681.95,3676.14,3678.35,47.847,176022.34933
2025-09-15 18:30:00+00:00,3678.35,3679.15,3675.0,3675.29,53.191,195539.29885
2025-09-15 19:00:00+00:00,3675.29,3678.5,3674.42,3677.97,125.426,461096.21556
2025-09-15 19:30:00+00:00,3677.97,3680.0,3677.38,3679.31,28.572,105109.99983
2025-09-15 20:00:00+00:00,3679.31,3679.99,3677.78,3679.54,14.786,54399.03214
2025-09-15 20:30:00+00:00,3679.54,3679.54,3677.67,3677.68,14.094,51853.25363
2025-09-15 21:00:00+00:00,3677.68,3677.68,3670.34,3670.68,136.613,501826.99452
2025-09-15 21:30:00+00:00,3670.68,3680.18,3670.05,3679.87,141.409,519848.72331
2025-09-15 22:00:00+00:00,3679.87,3680.3,3675.6,3677.9,176.612,649445.1943
2025-09-15 22:30:00+00:00,3677.9,3678.49,3677.55,3678.0,33.789,124275.70509
2025-09-15 23:00:00+00:00,3678.0,3680.6,3677.99,3679.86,115.876,426427.20937
2025-09-15 23:30:00+00:00,3679.86,3679.86,3676.21,3676.99,76.735,282281.04612
2025-09-16 00:00:00+00:00,3676.99,3682.5,3676.71,3682.5,92.752,341344.89633
2025-09-16 00:30:00+00:00,3682.5,3687.35,3682.49,3687.25,238.914,880424.04555
2025-09-16 01:00:00+00:00,3687.25,3689.3,3678.58,3679.79,468.752,1726943.87174
2025-09-16 01:30:00+00:00,3679.79,3682.0,3678.33,3679.06,104.166,383381.79548
2025-09-16 02:00:00+00:00,3679.06,3681.98,3678.77,3680.09,47.987,176619.70644
2025-09-16 02:30:00+00:00,3680.09,3680.32,3676.16,3678.3,101.85,374610.85052
2025-09-16 03:00:00+00:00,3678.3,3681.77,3678.29,3680.69,77.332,284626.38244
2025-09-16 03:30:00+00:00,3680.69,3681.6,3679.9,3679.98,65.181,239919.27716
2025-09-16 04:00:00+00:00,3679.98,3682.36,3679.98,3682.32,74.029,272546.79012
2025-09-16 04:30:00+00:00,3682.32,3683.18,3679.91,3683.17,114.391,421103.07958
2025-09-16 05:00:00+00:00,3683.17,3683.18,3682.76,3682.77,41.094,151348.21281
2025-09-16 05:30:00+00:00,3682.77,3682.79,3681.35,3682.6,64.566,237747.10594
2025-09-16 06:00:00+00:00,3682.6,3686.2,3682.6,3685.2,105.357,388184.29512
2025-09-16 06:30:00+00:00,3685.2,3689.3,3684.45,3689.3,374.152,1379986.26753
2025-09-16 07:00:00+00:00,3689.3,3689.3,3688.0,3688.34,99.884,368481.14005
2025-09-16 07:30:00+00:00,3688.34,3688.34,3683.6,3683.76,226.43,834531.78049
2025-09-16 08:00:00+00:00,3683.76,3695.83,3683.62,3692.4,218.713,807135.08953
2025-09-16 08:30:00+00:00,3692.4,3693.9,3690.8,3692.43,80.155,295925.22046
2025-09-16 09:00:00+00:00,3692.43,3695.89,3692.01,3694.66,80.026,295619.86572
2025-09-16 09:30:00+00:00,3694.66,3696.5,3693.41,3696.5,71.099,262693.82788
2025-09-16 10:00:00+00:00,3696.5,3696.5,3694.56,3695.59,28.993,107141.78598
2025-09-16 10:30:00+00:00,3695.59,3695.6,3692.94,3692.95,130.049,480453.1276
2025-09-16 11:00:00+00:00,3692.95,3694.27,3691.3,3692.99,90.08,332622.0777
2025-09-16 11:30:00+00:00,3692.99,3698.52,3692.33,3697.0,196.711,727090.05972
2025-09-16 12:00:00+00:00,3697.0,3697.0,3692.31,3692.31,92.487,341698.25352
2025-09-16 12:30:00+00:00,3692.31,3693.48,3685.5,3689.12,408.628,1507221.48036
2025-09-16 13:00:00+00:00,3689.12,3692.92,3686.01,3692.86,195.535,721207.37422
2025-09-16 13:30:00+00:00,3692.86,3696.68,3692.23,3695.05,211.895,782961.50504
2025-09-16 14:00:00+00:00,3695.05,3702.57,3691.7,3692.94,454.045,1679165.93264
2025-09-16 14:30:00+00:00,3692.94,3695.2,3686.72,3686.72,162.223,598705.04465
2025-09-16 15:00:00+00:00,3686.72,3689.7,3680.6,3681.28,229.499,845506.32331
2025-09-16 15:30:00+00:00,3681.28,3687.26,3677.71,3687.26,202.49,745279.61597
2025-09-16 16:00:00+00:00,3687.26,3689.42,3684.49,3689.42,55.261,203743.35357
2025-09-16 16:30:00+00:00,3689.42,3690.75,3686.86,3690.55,79.356,292771.60429
2025-09-16 17:00:00+00:00,3690.55,3690.55,3689.8,3689.85,102.146,376910.81185
2025-09-16 17:30:00+00:00,3689.85,3690.32,3689.8,3689.9,63.41,233976.6937
2025-09-16 18:00:00+00:00,3689.9,3690.29,3689.8,3690.29,42.745,157724.25345
2025-09-16 18:30:00+00:00,3690.29,3691.36,3689.8,3690.81,26.271,96951.69744
2025-09-16 19:00:00+00:00,3690.81,3690.81,3690.5,3690.54,7.9,29155.74904
2025-09-16 19:30:00+00:00,3690.54,3690.54,3689.83,3690.17,30.517,112610.66746
2025-09-16 20:00:00+00:00,3690.17,3691.85,3690.1,3691.85,34.676,127986.8544
2025-09-16 20:30:00+00:00,3691.85,3691.9,3690.94,3690.95,20.929,77261.23229
2025-09-16 21:00:00+00:00,3690.95,3690.95,3688.12,3690.19,23.284,85888.17474
2025-09-16 21:30:00+00:00,3690.19,3690.22,3686.01,3688.2,31.129,114795.72497
2025-09-16 22:00:00+00:00,3688.2,3690.66,3688.19,3690.31,54.767,202088.01389
2025-09-16 22:30:00+00:00,3690.31,3691.95,3690.31,3691.63,59.574,219929.92685
2025-09-16 23:00:00+00:00,3691.63,3693.55,3690.95,3693.55,17.908,66122.42617
2025-09-16 23:30:00+00:00,3693.55,3693.75,3693.2,3693.74,10.46,38634.81672
2025-09-17 00:00:00+00:00,3693.74,3694.29,3693.25,3693.26,21.944,81057.47809
2025-09-17 00:30:00+00:00,3693.26,3693.26,3691.99,3691.99,7.115,26271.59327
2025-09-17 01:00:00+00:00,3691.99,3691.99,3685.42,3686.31,130.743,482274.51936
2025-09-17 01:30:00+00:00,3686.31,3686.31,3679.65,3681.05,429.215,1580149.96344
2025-09-17 02:00:00+00:00,3681.05,3682.23,3679.47,3679.61,106.047,390313.48571
2025-09-17 02:30:00+00:00,3679.61,3684.7,3676.18,3683.65,324.45,1193973.93269
2025-09-17 03:00:00+00:00,3683.65,3685.95,3681.7,3681.7,101.527,373993.47546
2025-09-17 03:30:00+00:00,3681.7,3682.9,3681.7,3682.63,31.44,115776.52013
2025-09-17 04:00:00+00:00,3682.63,3682.8,3682.0,3682.44,40.853,150437.9197
2025-09-17 04:30:00+00:00,3682.44,3682.44,3681.3,3681.42,10.373,38189.78576
2025-09-17 05:00:00+00:00,3681.42,3686.62,3681.41,3681.5,40.934,150794.03985
2025-09-17 05:30:00+00:00,3681.5,3682.49,3677.33,3679.1,177.176,651978.40177
2025-09-17 06:00:00+00:00,3679.1,3679.67,3675.75,3677.38,42.691,156998.2813
2025-09-17 06:30:00+00:00,3677.38,3677.43,3672.05,3675.25,159.426,585833.19746
2025-09-17 07:00:00+00:00,3675.25,3677.7,3670.0,3670.0,105.935,389119.11435
2025-09-17 07:30:00+00:00,3670.0,3670.96,3667.76,3668.66,241.37,885662.85716
2025-09-17 08:00:00+00:00,3668.66,3668.66,3663.0,3667.45,123.356,452115.38376
2025-09-17 08:30:00+00:00,3667.45,3668.7,3665.15,3666.99,150.714,552632.0106
2025-09-17 09:00:00+00:00,3666.99,3672.77,3666.32,3671.85,85.254,312882.81035
2025-09-17 09:30:00+00:00,3671.85,3672.45,3670.26,3670.51,43.409,159359.81822
2025-09-17 10:00:00+00:00,3670.51,3672.29,3664.1,3668.92,116.301,426601.06539
2025-09-17 10:30:00+00:00,3668.92,3669.52,3663.3,3664.13,79.081,289982.37697
2025-09-17 11:00:00+00:00,3664.13,3670.4,3663.1,3669.15,61.494,225463.24499
2025-09-17 11:30:00+00:00,3669.15,3671.4,3667.85,3668.76,37.704,138360.9244
2025-09-17 12:00:00+00:00,3668.76,3674.64,3668.75,3673.6,76.781,282034.29086
2025-09-17 12:30:00+00:00,3673.6,3681.2,3673.41,3680.96,133.004,489040.74162
2025-09-17 13:00:00+00:00,3680.96,3680.96,3674.5,3678.59,136.731,502892.63715
2025-09-17 13:30:00+00:00,3678.59,3684.1,3678.42,3681.24,131.063,482484.76263
2025-09-17 14:00:00+00:00,3681.24,3685.75,3679.91,3684.4,83.759,308576.09962
2025-09-17 14:30:00+00:00,3684.4,3687.88,3684.4,3686.9,70.514,259944.85538
2025-09-17 15:00:00+00:00,3686.9,3689.6,3686.85,3687.07,48.134,177512.40525
2025-09-17 15:30:00+00:00,3687.07,3688.56,3684.5,3684.91,31.727,116943.10007
2025-09-17 16:00:00+00:00,3684.91,3688.75,3684.91,3688.75,79.511,293218.34566
2025-09-17 16:30:00+00:00,3688.75,3688.8,3687.4,3687.49,64.889,239322.75796
2025-09-17 17:00:00+00:00,3687.49,3687.5,3679.2,3682.4,170.399,627722.01122
2025-09-17 17:30:00+00:00,3682.4,3687.86,3682.39,3687.4,103.042,379834.59173
2025-09-17 18:00:00+00:00,3687.4,3705.55,3656.3,3681.89,1883.464,6940249.24119
2025-09-17 18:30:00+00:00,3681.89,3683.55,3649.05,3654.29,949.644,3477646.10995
2025-09-17 19:00:00+00:00,3654.29,3666.0,3650.33,3663.84,582.406,2130766.31537
2025-09-17 19:30:00+00:00,3663.84,3664.05,3655.33,3660.0,131.096,479802.22912
2025-09-17 20:00:00+00:00,3660.0,3660.64,3655.92,3658.85,125.412,458832.38861
2025-09-17 20:30:00+00:00,3658.85,3659.0,3656.91,3658.7,24.262,88750.28644
2025-09-17 21:00:00+00:00,3658.7,3664.0,3657.5,3661.35,35.95,131636.20109
2025-09-17 21:30:00+00:00,3661.35,3662.33,3659.14,3659.15,33.866,123986.80053
2025-09-17 22:00:00+00:00,3659.15,3664.74,3656.67,3664.52,130.826,478927.05925
2025-09-17 22:30:00+00:00,3664.52,3664.52,3660.66,3661.96,109.381,400601.8368
2025-09-17 23:00:00+00:00,3661.96,3671.16,3660.68,3671.12,134.432,492981.61265
2025-09-17 23:30:00+00:00,3671.12,3671.12,3667.6,3668.85,145.089,532423.81612
2025-09-18 00:00:00+00:00,3668.85,3668.85,3661.11,3661.12,165.458,606154.24943
2025-09-18 00:30:00+00:00,3661.12,3665.01,3658.97,3665.01,102.975,377012.09288
2025-09-18 01:00:00+00:00,3665.01,3668.0,3655.25,3656.56,107.045,391678.27424
2025-09-18 01:30:00+00:00,3656.56,3657.91,3652.92,3656.55,155.395,567989.14002
2025-09-18 02:00:00+00:00,3656.55,3660.98,3655.7,3660.51,84.866,310593.08162
2025-09-18 02:30:00+00:00,3660.51,3663.98,3658.3,3663.98,44.1,161470.50155
2025-09-18 03:00:00+00:00,3663.98,3664.67,3660.3,3661.39,82.473,302001.4242
2025-09-18 03:30:00+00:00,3661.39,3661.68,3658.1,3658.54,52.402,191797.43564
2025-09-18 04:00:00+00:00,3658.54,3659.19,3657.22,3658.4,87.84,321347.08201
2025-09-18 04:30:00+00:00,3658.4,3658.43,3654.16,3654.16,71.758,262406.73528
2025-09-18 05:00:00+00:00,3654.16,3656.7,3651.51,3656.69,78.808,287957.99129
2025-09-18 05:30:00+00:00,3656.69,3657.21,3650.25,3650.95,186.579,681562.43553
2025-09-18 06:00:00+00:00,3650.95,3651.81,3634.0,3639.82,661.189,2408074.48445
2025-09-18 06:30:00+00:00,3639.82,3641.02,3637.66,3639.55,255.609,930296.92226
2025-09-18 07:00:00+00:00,3639.55,3648.9,3637.16,3648.9,133.675,486929.11637
2025-09-18 07:30:00+00:00,3648.9,3657.5,3647.8,3657.5,159.078,581238.27243
2025-09-18 08:00:00+00:00,3657.5,3657.93,3652.8,3654.54,63.653,232664.33926
2025-09-18 08:30:00+00:00,3654.54,3663.5,3653.6,3663.49,89.515,327575.02365
2025-09-18 09:00:00+00:00,3663.49,3669.3,3663.49,3669.0,114.669,420384.14767
2025-09-18 09:30:00+00:00,3669.0,3669.85,3666.8,3669.18,171.857,630457.50355
2025-09-18 10:00:00+00:00,3669.18,3669.64,3663.16,3666.95,128.216,470021.5412
2025-09-18 10:30:00+00:00,3666.95,3668.79,3665.72,3666.55,190.393,698205.57539
2025-09-18 11:00:00+00:00,3666.55,3669.6,3665.47,3665.96,90.621,332372.16603
2025-09-18 11:30:00+00:00,3665.96,3668.09,3662.16,3666.51,123.944,454311.73096
2025-09-18 12:00:00+00:00,3666.51,3669.9,3665.99,3669.88,124.24,455636.63749
2025-09-18 12:30:00+00:00,3669.88,3669.88,3662.5,3662.51,171.935,630364.28212
2025-09-18 13:00:00+00:00,3662.51,3662.91,3652.56,3653.78,431.394,1577800.32327
2025-09-18 13:30:00+00:00,3653.78,3653.95,3628.38,3643.58,973.459,3542547.16619
2025-09-18 14:00:00+00:00,3643.58,3647.53,3637.5,3637.95,247.74,902238.41717
2025-09-18 14:30:00+00:00,3637.95,3648.22,3637.56,3641.42,110.069,401101.31237
2025-09-18 15:00:00+00:00,3641.42,3643.76,3639.02,3640.27,50.105,182464.03187
2025-09-18 15:30:00+00:00,3640.27,3643.6,3640.26,3642.81,41.603,151529.50082
2025-09-18 16:00:00+00:00,3642.81,3647.72,3642.81,3646.31,64.537,235286.8738
2025-09-18 16:30:00+00:00,3646.31,3648.9,3645.4,3647.69,67.964,247877.87235
2025-09-18 17:00:00+00:00,3647.69,3648.33,3645.02,3646.54,92.724,338130.20893
2025-09-18 17:30:00+00:00,3646.54,3646.55,3644.0,3644.0,137.811,502254.02868
2025-09-18 18:00:00+00:00,3644.0,3644.01,3641.84,3642.23,28.514,103866.9719
2025-09-18 18:30:00+00:00,3642.23,3642.4,3642.23,3642.35,41.536,151290.5532
2025-09-18 19:00:00+00:00,3642.35,3642.4,3642.2,3642.39,36.419,132647.45952
2025-09-18 19:30:00+00:00,3642.39,3645.98,3642.39,3645.98,37.958,138302.00621
2025-09-18 20:00:00+00:00,3645.98,3647.0,3645.98,3647.0,38.698,141102.63005
2025-09-18 20:30:00+00:00,3647.0,3647.0,3645.31,3645.32,36.274,132253.69807
2025-09-18 21:00:00+00:00,3645.32,3645.32,3643.99,3645.12,15.375,56042.28832
2025-09-18 21:30:00+00:00,3645.12,3647.09,3644.32,3646.94,21.088,76885.78314
2025-09-18 22:00:00+00:00,3646.94,3646.94,3642.97,3642.97,38.225,139332.54358
2025-09-18 22:30:00+00:00,3642.97,3642.97,3638.65,3639.15,50.749,184750.22645
2025-09-18 23:00:00+00:00,3639.15,3641.58,3638.7,3638.71,63.081,229624.99898
2025-09-18 23:30:00+00:00,3638.71,3639.7,3637.82,3639.7,27.764,101020.47813
2025-09-19 00:00:00+00:00,3639.7,3641.95,3638.04,3638.04,15.584,56737.8937
2025-09-19 00:30:00+00:00,3638.04,3640.8,3637.5,3640.79,20.327,73969.82579
2025-09-19 01:00:00+00:00,3640.79,3650.4,3640.79,3646.34,77.354,282149.51397
2025-09-19 01:30:00+00:00,3646.34,3646.61,3634.0,3640.24,105.978,385636.0148
2025-09-19 02:00:00+00:00,3640.24,3645.66,3639.79,3644.4,52.96,192874.87499
2025-09-19 02:30:00+00:00,3644.4,3648.25,3643.64,3645.48,57.092,208117.93399
2025-09-19 03:00:00+00:00,3645.48,3652.5,3645.48,3652.5,51.556,188073.8363
2025-09-19 03:30:00+00:00,3652.5,3654.9,3652.5,3653.26,83.3,304355.08424
2025-09-19 04:00:00+00:00,3653.26,3659.84,3653.25,3659.15,111.42,407565.6598
2025-09-19 04:30:00+00:00,3659.15,3659.16,3654.94,3657.39,83.838,306598.20218
2025-09-19 05:00:00+00:00,3657.39,3661.52,3657.2,3657.53,171.503,627594.29941
2025-09-19 05:30:00+00:00,3657.53,3657.55,3650.4,3651.63,116.32,424973.37533
2025-09-19 06:00:00+00:00,3651.63,3653.7,3646.0,3649.99,71.393,260505.68769
2025-09-19 06:30:00+00:00,3649.99,3650.14,3643.75,3646.0,67.442,245920.60586
2025-09-19 07:00:00+00:00,3646.0,3650.76,3642.1,3650.36,221.988,809104.47023
2025-09-19 07:30:00+00:00,3650.36,3654.8,3648.4,3651.86,66.886,244239.8856
2025-09-19 08:00:00+00:00,3651.86,3652.99,3649.41,3651.11,32.685,119337.52026
2025-09-19 08:30:00+00:00,3651.11,3654.75,3651.11,3653.66,37.783,138020.62309
2025-09-19 09:00:00+00:00,3653.66,3657.39,3653.66,3656.05,30.325,110871.60952
2025-09-19 09:30:00+00:00,3656.05,3656.62,3654.02,3656.46,20.582,75248.5834
2025-09-19 10:00:00+00:00,3656.46,3657.98,3656.2,3656.34,50.846,185956.0397
2025-09-19 10:30:00+00:00,3656.34,3656.34,3652.04,3652.65,114.22,417281.32631
2025-09-19 11:00:00+00:00,3652.65,3653.33,3649.0,3649.18,44.846,163723.22761
2025-09-19 11:30:00+00:00,3649.18,3649.18,3644.65,3645.5,74.644,272229.35383
2025-09-19 12:00:00+00:00,3645.5,3650.0,3645.5,3647.58,25.153,91761.52254
2025-09-19 12:30:00+00:00,3647.58,3648.98,3645.3,3647.74,96.812,353100.4314
2025-09-19 13:00:00+00:00,3647.74,3652.83,3642.65,3652.55,38.657,140977.39686
2025-09-19 13:30:00+00:00,3652.55,3660.96,3652.2,3660.45,172.95,632265.07444
2025-09-19 14:00:00+00:00,3660.45,3661.56,3654.16,3661.35,149.769,547966.19782
2025-09-19 14:30:00+00:00,3661.35,3666.72,3658.92,3663.71,243.039,890175.10005
2025-09-19 15:00:00+00:00,3663.71,3672.99,3663.2,3669.61,273.814,1004467.46294
2025-09-19 15:30:00+00:00,3669.61,3669.61,3664.85,3668.35,162.7,596657.50594
2025-09-19 16:00:00+00:00,3668.35,3670.8,3664.04,3665.15,123.46,452805.77008
2025-09-19 16:30:00+00:00,3665.15,3667.4,3664.34,3665.02,48.817,178922.84173
2025-09-19 17:00:00+00:00,3665.02,3668.9,3665.01,3668.9,36.532,133975.08907
2025-09-19 17:30:00+00:00,3668.9,3675.57,3668.89,3675.1,123.828,454878.82756
2025-09-19 18:00:00+00:00,3675.1,3678.8,3674.96,3678.4,112.246,412744.987
2025-09-19 18:30:00+00:00,3678.4,3680.2,3677.61,3680.2,75.924,279311.70995
2025-09-19 19:00:00+00:00,3680.2,3680.21,3678.87,3680.1,38.007,139849.6478
2025-09-19 19:30:00+00:00,3680.1,3681.11,3677.08,3681.1,66.069,243058.25614
2025-09-19 20:00:00+00:00,3681.1,3681.14,3677.04,3679.8,33.317,122591.18639
2025-09-19 20:30:00+00:00,3679.8,3682.5,3679.79,3682.0,30.06,110664.69615
2025-09-19 21:00:00+00:00,3682.0,3682.16,3679.45,3682.16,31.103,114500.26462
2025-09-19 21:30:00+00:00,3682.16,3683.0,3682.02,3683.0,33.168,122139.32644
2025-09-19 22:00:00+00:00,3683.0,3683.25,3681.21,3683.23,14.344,52822.70187
2025-09-19 22:30:00+00:00,3683.23,3684.41,3682.03,3684.41,36.174,133235.30715
2025-09-19 23:00:00+00:00,3684.41,3684.77,3684.41,3684.77,32.878,121144.35949
2025-09-19 23:30:00+00:00,3684.77,3684.77,3679.5,3683.55,25.131,92500.5667
2025-09-20 00:00:00+00:00,3683.55,3684.38,3683.54,3683.86,21.578,79492.79963
2025-09-20 00:30:00+00:00,3683.86,3683.86,3683.04,3683.42,10.113,37249.87069
2025-09-20 01:00:00+00:00,3683.42,3683.43,3683.41,3683.42,9.204,33902.1733
2025-09-20 01:30:00+00:00,3683.42,3683.45,3679.7,3679.71,26.743,98460.63775
2025-09-20 02:00:00+00:00,3679.71,3679.71,3678.01,3678.02,57.699,212271.14277
2025-09-20 02:30:00+00:00,3678.02,3678.02,3677.7,3677.71,12.496,45958.88051
2025-09-20 03:00:00+00:00,3677.71,3683.1,3677.7,3683.1,70.915,260934.03707
2025-09-20 03:30:00+00:00,3683.1,3683.15,3682.29,3682.99,7.526,27715.8881
2025-09-20 04:00:00+00:00,3682.99,3684.29,3682.99,3683.14,7.555,27833.15698
2025-09-20 04:30:00+00:00,3683.14,3683.14,3680.26,3680.99,17.595,64766.67641
2025-09-20 05:00:00+00:00,3680.99,3682.12,3680.28,3682.01,7.655,28181.09792
2025-09-20 05:30:00+00:00,3682.01,3682.01,3679.41,3680.19,26.653,98086.46055
2025-09-20 06:00:00+00:00,3680.19,3683.7,3680.19,3683.7,18.716,68909.00297
2025-09-20 06:30:00+00:00,3683.7,3684.0,3683.7,3684.0,3.393,12499.78755
2025-09-20 07:00:00+00:00,3684.0,3684.0,3681.7,3682.55,37.833,139316.65318
2025-09-20 07:30:00+00:00,3682.55,3682.55,3678.53,3680.76,43.343,159520.3572
2025-09-20 08:00:00+00:00,3680.76,3680.77,3678.17,3679.34,27.172,99982.62336
2025-09-20 08:30:00+00:00,3679.34,3680.16,3678.13,3680.15,10.976,40377.58306
2025-09-20 09:00:00+00:00,3680.15,3682.25,3680.15,3682.24,7.939,29225.29247
2025-09-20 09:30:00+00:00,3682.24,3682.25,3680.07,3680.62,10.492,38620.51114
2025-09-20 10:00:00+00:00,3680.62,3682.0,3680.61,3682.0,18.726,68945.36751
2025-09-20 10:30:00+00:00,3682.0,3682.0,3678.75,3678.76,45.165,166200.40257
2025-09-20 11:00:00+00:00,3678.76,3685.99,3678.75,3684.59,55.967,206158.97562
2025-09-20 11:30:00+00:00,3684.59,3685.48,3683.7,3685.47,19.838,73097.1296
2025-09-20 12:00:00+00:00,3685.47,3685.47,3684.25,3684.25,31.59,116407.88263
2025-09-20 12:30:00+00:00,3684.25,3684.26,3683.82,3684.08,28.249,104070.83287
2025-09-20 13:00:00+00:00,3684.08,3685.3,3684.07,3685.26,32.387,119334.94447
2025-09-20 13:30:00+00:00,3685.26,3685.64,3685.25,3685.61,13.913,51276.37085
2025-09-20 14:00:00+00:00,3685.61,3685.9,3684.65,3684.83,27.732,102191.57093
2025-09-20 14:30:00+00:00,3684.83,3684.84,3682.6,3683.08,18.574,68420.41106
2025-09-20 15:00:00+00:00,3683.08,3685.0,3681.3,3681.3,32.409,119357.02602
2025-09-20 15:30:00+00:00,3681.3,3681.35,3677.51,3677.57,83.255,306313.41675
2025-09-20 16:00:00+00:00,3677.57,3679.65,3677.56,3679.65,10.107,37182.59333
2025-09-20 16:30:00+00:00,3679.65,3679.65,3678.7,3678.7,7.356,27063.2286
2025-09-20 17:00:00+00:00,3678.7,3681.86,3678.7,3681.85,16.841,61973.99879
2025-09-20 17:30:00+00:00,3681.85,3682.85,3681.81,3682.05,7.034,25900.58322
2025-09-20 18:00:00+00:00,3682.05,3682.06,3679.85,3681.19,9.876,36356.48732
2025-09-20 18:30:00+00:00,3681.19,3682.16,3680.01,3680.44,26.775,98554.70005
2025-09-20 19:00:00+00:00,3680.44,3682.13,3680.44,3681.61,10.157,37390.18832
2025-09-20 19:30:00+00:00,3681.61,3682.7,3681.61,3682.69,1.25,4602.91155
2025-09-20 20:00:00+00:00,3682.69,3682.7,3680.04,3680.39,24.814,91332.40876
2025-09-20 20:30:00+00:00,3680.39,3683.24,3680.39,3683.24,46.249,170273.75339
2025-09-20 21:00:00+00:00,3683.24,3683.33,3682.35,3682.35,7.703,28371.65494
2025-09-20 21:30:00+00:00,3682.35,3683.71,3681.95,3682.45,12.512,46077.92763
2025-09-20 22:00:00+00:00,3682.45,3683.65,3682.45,3683.64,10.795,39762.04106
2025-09-20 22:30:00+00:00,3683.64,3684.66,3683.64,3684.65,7.574,27903.38568
2025-09-20 23:00:00+00:00,3684.65,3684.68,3684.65,3684.68,7.114,26212.6473
2025-09-20 23:30:00+00:00,3684.68,3684.68,3681.65,3681.66,4.613,16991.17515
2025-09-21 00:00:00+00:00,3681.66,3681.7,3681.65,3681.7,6.965,25642.89606
2025-09-21 00:30:00+00:00,3681.7,3682.81,3681.69,3682.81,1.426,5250.63387
2025-09-21 01:00:00+00:00,3682.81,3684.39,3681.58,3681.74,6.494,23918.80256
2025-09-21 01:30:00+00:00,3681.74,3681.86,3681.73,3681.86,0.54,1988.16545
2025-09-21 02:00:00+00:00,3681.86,3681.95,3681.6,3681.6,3.779,13913.14185
2025-09-21 02:30:00+00:00,3681.6,3681.61,3681.36,3681.36,2.599,9568.34826
2025-09-21 03:00:00+00:00,3681.36,3681.37,3681.36,3681.36,0.65,2392.88508
2025-09-21 03:30:00+00:00,3681.36,3683.29,3681.36,3683.29,9.146,33681.33172
2025-09-21 04:00:00+00:00,3683.29,3683.35,3683.28,3683.34,5.358,19735.22291
2025-09-21 04:30:00+00:00,3683.34,3683.34,3681.44,3681.45,2.359,8685.70706
2025-09-21 05:00:00+00:00,3681.45,3683.35,3681.44,3683.0,10.226,37658.50789
2025-09-21 05:30:00+00:00,3683.0,3683.0,3682.54,3682.54,1.96,7218.53714
2025-09-21 06:00:00+00:00,3682.54,3682.54,3681.5,3682.2,7.604,27999.24125
2025-09-21 06:30:00+00:00,3682.2,3682.2,3682.19,3682.19,7.245,26677.4832
2025-09-21 07:00:00+00:00,3682.19,3682.2,3681.41,3681.41,5.75,21168.67689
2025-09-21 07:30:00+00:00,3681.41,3682.74,3681.41,3682.74,10.263,37791.23387
2025-09-21 08:00:00+00:00,3682.74,3682.74,3681.37,3681.37,22.979,84608.94723
2025-09-21 08:30:00+00:00,3681.37,3681.37,3681.21,3681.21,4.159,15310.40354
2025-09-21 09:00:00+00:00,3681.21,3681.22,3679.04,3679.04,22.692,83520.05186
2025-09-21 09:30:00+00:00,3679.04,3679.05,3677.25,3677.59,24.295,89360.44579
2025-09-21 10:00:00+00:00,3677.59,3677.92,3677.59,3677.92,6.559,24121.76916
2025-09-21 10:30:00+00:00,3677.92,3678.7,3677.91,3678.7,7.628,28057.60184
2025-09-21 11:00:00+00:00,3678.7,3680.5,3678.69,3680.5,9.211,33892.91503
2025-09-21 11:30:00+00:00,3680.5,3681.7,3678.08,3678.08,33.742,124177.15298
2025-09-21 12:00:00+00:00,3678.08,3681.87,3677.34,3681.69,65.825,242165.39146
2025-09-21 12:30:00+00:00,3681.69,3682.91,3681.69,3682.9,12.902,47507.93645
2025-09-21 13:00:00+00:00,3682.9,3682.91,3682.05,3682.5,15.574,57351.81027
2025-09-21 13:30:00+00:00,3682.5,3683.18,3682.49,3683.18,32.407,119352.70321
2025-09-21 14:00:00+00:00,3683.18,3683.43,3681.27,3681.96,33.746,124255.24994
2025-09-21 14:30:00+00:00,3681.96,3684.18,3681.95,3683.8,26.373,97137.87278
2025-09-21 15:00:00+00:00,3683.8,3683.8,3683.3,3683.8,13.683,50401.20209
2025-09-21 15:30:00+00:00,3683.8,3683.85,3683.25,3683.25,7.523,27710.54901
2025-09-21 16:00:00+00:00,3683.25,3683.26,3683.25,3683.25,6.476,23852.78445
2025-09-21 16:30:00+00:00,3683.25,3683.45,3683.25,3683.44,13.189,48578.97894
2025-09-21 17:00:00+00:00,3683.44,3683.45,3683.38,3683.4,12.462,45902.65672
2025-09-21 17:30:00+00:00,3683.4,3683.44,3683.39,3683.43,5.707,21021.27993
2025-09-21 18:00:00+00:00,3683.43,3683.5,3683.43,3683.5,13.372,49255.06147
2025-09-21 18:30:00+00:00,3683.5,3683.5,3683.48,3683.49,8.357,30782.93715
2025-09-21 19:00:00+00:00,3683.49,3683.54,3683.48,3683.54,25.145,92622.14101
2025-09-21 19:30:00+00:00,3683.54,3683.54,3683.35,3683.36,15.035,55379.4295
2025-09-21 20:00:00+00:00,3683.36,3684.17,3683.35,3684.17,9.904,36482.67316
2025-09-21 20:30:00+00:00,3684.17,3684.87,3684.17,3684.87,2.536,9343.60869
2025-09-21 21:00:00+00:00,3684.87,3684.87,3684.85,3684.85,3.595,13247.08188
2025-09-21 21:30:00+00:00,3684.85,3685.0,3684.85,3684.99,17.437,64253.03567
2025-09-21 22:00:00+00:00,3684.99,3687.23,3679.36,3687.23,221.637,816460.26993
2025-09-21 22:30:00+00:00,3687.23,3687.3,3685.84,3686.31,17.716,65317.7317
2025-09-21 23:00:00+00:00,3686.31,3686.31,3683.43,3686.3,11.971,44106.37118
2025-09-21 23:30:00+00:00,3686.3,3686.3,3683.6,3683.6,7.467,27513.94615
2025-09-22 00:00:00+00:00,3683.6,3687.12,3683.6,3687.11,37.144,136908.48309
2025-09-22 00:30:00+00:00,3687.11,3687.12,3683.61,3685.97,90.364,333070.69456
2025-09-22 01:00:00+00:00,3685.97,3693.22,3684.1,3688.17,150.225,554337.24611
2025-09-22 01:30:00+00:00,3688.17,3690.08,3685.86,3687.59,43.513,160466.98361
2025-09-22 02:00:00+00:00,3687.59,3689.04,3686.09,3689.04,22.356,82432.60551
2025-09-22 02:30:00+00:00,3689.04,3690.45,3683.01,3684.34,36.394,134120.28795
2025-09-22 03:00:00+00:00,3684.34,3689.0,3683.8,3688.99,24.954,92005.27665
2025-09-22 03:30:00+00:00,3688.99,3693.31,3688.91,3691.9,92.609,341923.26119
2025-09-22 04:00:00+00:00,3691.9,3692.15,3689.69,3689.69,32.707,120708.91968
2025-09-22 04:30:00+00:00,3689.69,3690.1,3688.85,3690.1,31.665,116824.40178
2025-09-22 05:00:00+00:00,3690.1,3696.67,3690.09,3694.31,163.947,605685.30376
2025-09-22 05:30:00+00:00,3694.31,3699.12,3694.31,3696.36,386.267,1428219.06966
2025-09-22 06:00:00+00:00,3696.36,3702.31,3693.19,3702.31,471.238,1742076.38952
2025-09-22 06:30:00+00:00,3702.31,3713.69,3701.51,3709.3,1178.395,4368395.61423
2025-09-22 07:00:00+00:00,3709.3,3709.9,3703.91,3709.2,298.413,1106459.86429
2025-09-22 07:30:00+00:00,3709.2,3711.7,3708.83,3710.4,190.738,707651.74659
2025-09-22 08:00:00+00:00,3710.4,3717.94,3709.4,3716.0,358.15,1330613.97644
2025-09-22 08:30:00+00:00,3716.0,3720.0,3715.69,3718.37,69.422,258124.21635
2025-09-22 09:00:00+00:00,3718.37,3724.23,3718.25,3723.91,181.341,674644.17645
2025-09-22 09:30:00+00:00,3723.91,3723.91,3718.14,3722.11,159.142,592098.0302
2025-09-22 10:00:00+00:00,3722.11,3724.7,3720.68,3724.09,127.275,473780.20901
2025-09-22 10:30:00+00:00,3724.09,3726.44,3721.55,3726.24,101.938,379694.92043
2025-09-22 11:00:00+00:00,3726.24,3727.61,3725.0,3725.65,111.778,416524.93767
2025-09-22 11:30:00+00:00,3725.65,3725.83,3720.69,3724.51,246.482,917788.73799
2025-09-22 12:00:00+00:00,3724.51,3725.35,3713.74,3717.18,462.668,1720698.62069
2025-09-22 12:30:00+00:00,3717.18,3724.74,3714.6,3721.96,398.915,1484148.4708
2025-09-22 13:00:00+00:00,3721.96,3726.64,3721.27,3722.34,242.07,901450.79945
2025-09-22 13:30:00+00:00,3722.34,3724.95,3715.09,3721.46,150.599,560243.06478
2025-09-22 14:00:00+00:00,3721.46,3724.38,3718.3,3721.89,106.93,397901.50508
2025-09-22 14:30:00+00:00,3721.89,3726.05,3717.99,3725.4,86.222,320954.3301
2025-09-22 15:00:00+00:00,3725.4,3732.5,3724.13,3732.49,300.802,1121461.00308
2025-09-22 15:30:00+00:00,3732.49,3738.37,3731.28,3738.36,317.534,1186013.44605
2025-09-22 16:00:00+00:00,3738.36,3739.61,3733.7,3736.35,273.926,1023772.28238
2025-09-22 16:30:00+00:00,3736.35,3738.68,3735.5,3735.5,201.398,752701.65915
2025-09-22 17:00:00+00:00,3735.5,3742.18,3735.5,3741.43,360.108,1346524.93336
2025-09-22 17:30:00+00:00,3741.43,3747.32,3741.43,3746.53,302.659,1133503.7128
2025-09-22 18:00:00+00:00,3746.53,3747.0,3745.0,3745.7,100.294,375708.14709
2025-09-22 18:30:00+00:00,3745.7,3748.19,3745.0,3748.19,106.456,398869.34398
2025-09-22 19:00:00+00:00,3748.19,3750.2,3745.79,3745.79,441.488,1654779.80561
2025-09-22 19:30:00+00:00,3745.79,3749.08,3745.79,3749.0,206.057,772021.47186
2025-09-22 20:00:00+00:00,3749.0,3749.01,3746.9,3748.54,42.136,157920.5986
2025-09-22 20:30:00+00:00,3748.54,3750.56,3748.54,3750.35,146.95,551005.64475
2025-09-22 21:00:00+00:00,3750.35,3751.69,3750.2,3751.55,55.84,209422.8243
2025-09-22 21:30:00+00:00,3751.55,3755.27,3751.44,3753.06,87.234,327420.39048
2025-09-22 22:00:00+00:00,3753.06,3753.1,3745.33,3745.52,220.365,825896.1492
2025-09-22 22:30:00+00:00,3745.52,3748.8,3740.48,3741.49,220.882,826956.00565
2025-09-22 23:00:00+00:00,3741.49,3751.58,3741.26,3748.9,186.105,696927.83484
2025-09-22 23:30:00+00:00,3748.9,3750.94,3748.4,3750.4,170.755,640285.20522
2025-09-23 00:00:00+00:00,3750.4,3751.98,3748.7,3751.98,81.036,303902.50005
2025-09-23 00:30:00+00:00,3751.98,3754.2,3749.81,3750.66,86.084,322986.1548
2025-09-23 01:00:00+00:00,3750.66,3762.27,3750.0,3754.43,262.131,984769.4255
2025-09-23 01:30:00+00:00,3754.43,3760.27,3752.95,3755.0,242.511,910703.81326
2025-09-23 02:00:00+00:00,3755.0,3755.3,3741.35,3742.1,223.753,838094.08722
2025-09-23 02:30:00+00:00,3742.1,3744.14,3739.2,3742.0,303.899,1137006.72485
2025-09-23 03:00:00+00:00,3742.0,3743.69,3738.96,3742.51,109.848,411012.27285
2025-09-23 03:30:00+00:00,3742.51,3747.46,3742.26,3745.84,108.725,407098.39497
2025-09-23 04:00:00+00:00,3745.84,3746.6,3742.81,3744.88,84.646,316921.4132
2025-09-23 04:30:00+00:00,3744.88,3746.1,3743.57,3743.91,53.695,201087.73721
2025-09-23 05:00:00+00:00,3743.91,3748.9,3743.9,3748.89,59.138,221593.4738
2025-09-23 05:30:00+00:00,3748.89,3760.0,3748.89,3754.94,340.222,1278189.98685
2025-09-23 06:00:00+00:00,3754.94,3757.5,3752.5,3757.4,83.964,315300.18396
2025-09-23 06:30:00+00:00,3757.4,3757.4,3752.15,3752.69,86.691,325420.48756
2025-09-23 07:00:00+00:00,3752.69,3752.88,3748.0,3752.7,137.533,515756.31493
2025-09-23 07:30:00+00:00,3752.7,3754.75,3751.0,3751.69,113.607,426389.09444
2025-09-23 08:00:00+00:00,3751.69,3756.0,3751.2,3756.0,97.425,365717.41992
2025-09-23 08:30:00+00:00,3756.0,3774.89,3755.99,3774.01,930.558,3506638.47897
2025-09-23 09:00:00+00:00,3774.01,3791.66,3774.0,3787.79,984.739,3726319.43951
2025-09-23 09:30:00+00:00,3787.79,3788.0,3778.72,3786.66,680.405,2574635.88356
2025-09-23 10:00:00+00:00,3786.66,3789.82,3783.27,3783.28,183.011,692946.00569
2025-09-23 10:30:00+00:00,3783.28,3786.54,3781.53,3783.75,107.606,407195.80792
2025-09-23 11:00:00+00:00,3783.75,3788.15,3780.85,3788.15,81.06,306741.76219
2025-09-23 11:30:00+00:00,3788.15,3788.15,3781.05,3783.6,183.61,694676.92658
2025-09-23 12:00:00+00:00,3783.6,3784.77,3778.17,3781.59,268.817,1016594.75963
2025-09-23 12:30:00+00:00,3781.59,3784.0,3779.71,3783.75,160.137,605749.11114
2025-09-23 13:00:00+00:00,3783.75,3786.1,3781.06,3783.28,250.805,949030.14683
2025-09-23 13:30:00+00:00,3783.28,3787.62,3773.73,3782.29,163.652,618616.0786
2025-09-23 14:00:00+00:00,3782.29,3782.79,3765.21,3769.27,487.903,1839983.70053
2025-09-23 14:30:00+00:00,3769.27,3774.05,3769.27,3773.1,174.73,659178.46553
2025-09-23 15:00:00+00:00,3773.1,3780.04,3771.82,3778.49,202.106,763281.20421
2025-09-23 15:30:00+00:00,3778.49,3782.2,3771.38,3777.9,418.226,1579288.26225
2025-09-23 16:00:00+00:00,3777.9,3779.3,3772.64,3774.47,446.718,1686848.029
2025-09-23 16:30:00+00:00,3774.47,3781.18,3765.0,3778.62,184.392,695531.53578
2025-09-23 17:00:00+00:00,3778.62,3785.35,3778.62,3781.97,119.858,453281.43756
2025-09-23 17:30:00+00:00,3781.97,3782.1,3775.23,3775.61,90.031,340117.92081
2025-09-23 18:00:00+00:00,3775.61,3781.34,3775.61,3779.21,69.658,263222.11453
2025-09-23 18:30:00+00:00,3779.21,3781.28,3758.98,3758.99,211.366,796821.93871
2025-09-23 19:00:00+00:00,3758.99,3766.19,3755.0,3760.39,342.724,1288565.324
2025-09-23 19:30:00+00:00,3760.39,3769.97,3760.39,3767.0,80.327,302400.07944
2025-09-23 20:00:00+00:00,3767.0,3768.45,3765.71,3766.89,57.22,215554.15132
2025-09-23 20:30:00+00:00,3766.89,3768.25,3765.0,3766.2,19.142,72100.86593
2025-09-23 21:00:00+00:00,3766.2,3767.12,3763.52,3765.64,87.251,328545.41787
2025-09-23 21:30:00+00:00,3765.64,3767.31,3763.23,3767.31,26.018,97960.03582
2025-09-23 22:00:00+00:00,3767.31,3767.31,3762.7,3762.71,23.817,89676.61089
2025-09-23 22:30:00+00:00,3762.71,3766.76,3762.71,3766.36,44.176,166317.50705
2025-09-23 23:00:00+00:00,3766.36,3770.82,3766.2,3770.59,51.912,195673.10088
2025-09-23 23:30:00+00:00,3770.59,3770.6,3763.64,3765.3,53.066,199842.45071
2025-09-24 00:00:00+00:00,3765.3,3766.2,3760.05,3764.71,141.205,531222.21099
2025-09-24 00:30:00+00:00,3764.71,3766.0,3763.27,3766.0,29.087,109490.46988
2025-09-24 01:00:00+00:00,3766.0,3771.89,3759.64,3759.64,125.248,471517.13382
2025-09-24 01:30:00+00:00,3759.64,3761.3,3757.5,3758.27,106.602,400763.17844
2025-09-24 02:00:00+00:00,3758.27,3758.27,3754.33,3754.34,113.001,424388.84138
2025-09-24 02:30:00+00:00,3754.34,3759.24,3751.24,3757.71,123.861,465061.18297
2025-09-24 03:00:00+00:00,3757.71,3762.8,3754.3,3762.65,68.679,258228.88787
2025-09-24 03:30:00+00:00,3762.65,3768.37,3762.02,3767.99,103.893,391255.52868
2025-09-24 04:00:00+00:00,3767.99,3769.55,3764.47,3766.09,150.714,567912.67161
2025-09-24 04:30:00+00:00,3766.09,3770.38,3766.09,3770.16,92.006,346799.45197
2025-09-24 05:00:00+00:00,3770.16,3776.69,3770.15,3775.95,186.181,702580.28291
2025-09-24 05:30:00+00:00,3775.95,3780.11,3775.44,3776.45,148.635,561434.94731
2025-09-24 06:00:00+00:00,3776.45,3778.35,3772.11,3773.14,135.379,511231.17119
2025-09-24 06:30:00+00:00,3773.14,3776.14,3772.91,3773.4,35.123,132554.51118
2025-09-24 07:00:00+00:00,3773.4,3778.63,3771.94,3776.59,164.416,620780.67829
2025-09-24 07:30:00+00:00,3776.59,3780.65,3776.48,3779.31,57.434,217051.55632
2025-09-24 08:00:00+00:00,3779.31,3779.41,3773.73,3773.74,110.551,417425.73207
2025-09-24 08:30:00+00:00,3773.74,3773.74,3770.37,3772.75,42.732,161169.28046
2025-09-24 09:00:00+00:00,3772.75,3773.45,3769.79,3770.2,41.678,157211.06936
2025-09-24 09:30:00+00:00,3770.2,3771.3,3766.0,3768.94,162.328,611808.79034
2025-09-24 10:00:00+00:00,3768.94,3768.95,3762.18,3764.55,70.964,267221.70758
2025-09-24 10:30:00+00:00,3764.55,3766.4,3762.24,3763.74,25.297,95222.0216
2025-09-24 11:00:00+00:00,3763.74,3767.32,3762.02,3766.77,58.543,220365.04982
2025-09-24 11:30:00+00:00,3766.77,3771.29,3766.77,3770.6,33.416,125980.44562
2025-09-24 12:00:00+00:00,3770.6,3773.45,3768.28,3770.35,120.549,454526.36166
2025-09-24 12:30:00+00:00,3770.35,3772.1,3767.43,3770.85,69.959,263721.03034
2025-09-24 13:00:00+00:00,3770.85,3774.3,3769.6,3770.15,30.185,113867.46502
2025-09-24 13:30:00+00:00,3770.15,3770.15,3762.15,3763.55,134.967,508240.45135
2025-09-24 14:00:00+00:00,3763.55,3766.49,3756.79,3761.02,325.941,1225783.3746
2025-09-24 14:30:00+00:00,3761.02,3762.44,3752.4,3753.6,249.367,936450.38462
2025-09-24 15:00:00+00:00,3753.6,3758.61,3753.54,3753.54,153.129,575259.13562
2025-09-24 15:30:00+00:00,3753.54,3753.54,3741.66,3742.92,563.831,2112544.70986
2025-09-24 16:00:00+00:00,3742.92,3745.63,3736.66,3741.39,545.094,2038754.88842
2025-09-24 16:30:00+00:00,3741.39,3743.11,3732.5,3734.85,284.015,1061260.40532
2025-09-24 17:00:00+00:00,3734.85,3738.28,3733.0,3733.09,137.606,514018.07063
2025-09-24 17:30:00+00:00,3733.09,3733.5,3732.02,3732.08,87.575,326921.89971
2025-09-24 18:00:00+00:00,3732.08,3732.94,3726.46,3727.1,200.195,746398.35394
2025-09-24 18:30:00+00:00,3727.1,3730.0,3723.25,3723.65,49.601,184832.05849
2025-09-24 19:00:00+00:00,3723.65,3723.65,3717.24,3717.39,109.046,405665.06689
2025-09-24 19:30:00+00:00,3717.39,3732.17,3717.39,3730.91,198.532,740342.18224
2025-09-24 20:00:00+00:00,3730.91,3733.34,3730.9,3733.1,249.735,932220.51539
2025-09-24 20:30:00+00:00,3733.1,3738.25,3732.39,3737.6,115.5,431560.86027
2025-09-24 21:00:00+00:00,3737.6,3738.46,3736.45,3738.46,65.373,244358.31679
2025-09-24 21:30:00+00:00,3738.46,3738.59,3736.38,3736.8,79.16,295893.42331
2025-09-24 22:00:00+00:00,3736.8,3746.0,3736.3,3745.9,225.767,844850.98485
2025-09-24 22:30:00+00:00,3745.9,3746.0,3740.67,3742.0,52.244,195598.76195
2025-09-24 23:00:00+00:00,3742.0,3743.0,3740.45,3742.05,47.084,176189.94715
2025-09-24 23:30:00+00:00,3742.05,3747.27,3741.06,3744.91,65.811,246478.52152
2025-09-25 00:00:00+00:00,3744.91,3752.87,3743.87,3751.72,161.15,604345.77577
2025-09-25 00:30:00+00:00,3751.72,3752.1,3748.16,3749.88,50.735,190238.01417
2025-09-25 01:00:00+00:00,3749.88,3751.67,3738.85,3743.77,183.652,687366.25711
2025-09-25 01:30:00+00:00,3743.77,3744.26,3734.43,3736.3,153.382,573496.28114
2025-09-25 02:00:00+00:00,3736.3,3736.3,3729.86,3735.68,117.973,440284.23824
2025-09-25 02:30:00+00:00,3735.68,3741.91,3735.68,3739.68,62.245,232771.84096
2025-09-25 03:00:00+00:00,3739.68,3739.68,3734.94,3734.94,20.051,74913.69865
2025-09-25 03:30:00+00:00,3734.94,3739.07,3734.94,3737.51,36.364,135886.97362
2025-09-25 04:00:00+00:00,3737.51,3737.51,3732.18,3734.85,58.023,216670.046
2025-09-25 04:30:00+00:00,3734.85,3740.43,3734.52,3739.7,65.632,245352.91897
2025-09-25 05:00:00+00:00,3739.7,3739.7,3735.79,3737.75,41.084,153566.62971
2025-09-25 05:30:00+00:00,3737.75,3741.81,3737.74,3740.66,69.905,261395.88206
2025-09-25 06:00:00+00:00,3740.66,3748.2,3739.79,3746.0,79.75,298648.73483
2025-09-25 06:30:00+00:00,3746.0,3748.3,3741.69,3742.82,87.085,326189.67789
2025-09-25 07:00:00+00:00,3742.82,3747.35,3741.73,3746.97,65.973,247035.34025
2025-09-25 07:30:00+00:00,3746.97,3755.0,3745.27,3753.82,169.304,635350.75395
2025-09-25 08:00:00+00:00,3753.82,3762.48,3753.26,3758.08,203.682,765695.12571
2025-09-25 08:30:00+00:00,3758.08,3758.28,3752.06,3757.69,120.785,453566.78112
2025-09-25 09:00:00+00:00,3757.69,3758.3,3752.76,3752.76,46.759,175667.19178
2025-09-25 09:30:00+00:00,3752.76,3761.54,3752.49,3757.23,50.188,188552.09641
2025-09-25 10:00:00+00:00,3757.23,3758.49,3756.55,3757.24,31.004,116496.12038
2025-09-25 10:30:00+00:00,3757.24,3759.61,3756.6,3757.3,189.227,711118.80233
2025-09-25 11:00:00+00:00,3757.3,3757.3,3742.88,3750.36,247.407,927182.46791
2025-09-25 11:30:00+00:00,3750.36,3753.99,3749.51,3753.99,80.476,301875.94348
2025-09-25 12:00:00+00:00,3753.99,3756.69,3750.22,3753.5,169.489,636211.69141
2025-09-25 12:30:00+00:00,3753.5,3753.89,3730.26,3739.61,1096.105,4098490.30642
2025-09-25 13:00:00+00:00,3739.61,3744.79,3734.03,3742.19,125.269,468414.06271
2025-09-25 13:30:00+00:00,3742.19,3743.7,3723.0,3733.63,434.464,1620222.14979
2025-09-25 14:00:00+00:00,3733.63,3737.64,3726.21,3733.48,295.931,1104651.92454
2025-09-25 14:30:00+00:00,3733.48,3733.48,3724.82,3731.42,114.331,426362.55997
2025-09-25 15:00:00+00:00,3731.42,3737.7,3728.76,3731.32,110.994,414423.26038
2025-09-25 15:30:00+00:00,3731.32,3736.12,3730.01,3735.0,27.808,103819.75162
2025-09-25 16:00:00+00:00,3735.0,3741.4,3734.63,3737.7,137.668,514531.93258
2025-09-25 16:30:00+00:00,3737.7,3737.88,3733.15,3734.28,89.457,334076.43159
2025-09-25 17:00:00+00:00,3734.28,3742.28,3732.82,3740.53,202.019,755174.29483
2025-09-25 17:30:00+00:00,3740.53,3743.81,3739.17,3742.5,141.091,527867.66234
2025-09-25 18:00:00+00:00,3742.5,3750.0,3739.0,3750.0,438.683,1642798.93666
2025-09-25 18:30:00+00:00,3750.0,3759.36,3749.99,3756.27,332.513,1248389.90589
2025-09-25 19:00:00+00:00,3756.27,3757.05,3751.94,3751.94,83.001,311642.16779
2025-09-25 19:30:00+00:00,3751.94,3751.95,3746.83,3747.99,147.466,552991.08453
2025-09-25 20:00:00+00:00,3747.99,3752.09,3747.5,3750.53,35.171,131912.44503
2025-09-25 20:30:00+00:00,3750.53,3752.77,3749.57,3749.57,42.195,158280.19666
2025-09-25 21:00:00+00:00,3749.57,3752.15,3748.22,3752.15,28.618,107312.37177
2025-09-25 21:30:00+00:00,3752.15,3752.25,3748.7,3750.5,30.699,115119.94298
2025-09-25 22:00:00+00:00,3750.5,3751.02,3746.6,3747.95,42.652,159854.13256
2025-09-25 22:30:00+00:00,3747.95,3749.67,3747.95,3748.84,13.102,49119.42583
2025-09-25 23:00:00+00:00,3748.84,3748.84,3739.6,3743.5,114.81,429696.09436
2025-09-25 23:30:00+00:00,3743.5,3744.74,3739.81,3743.95,55.428,207398.51384
2025-09-26 00:00:00+00:00,3743.95,3748.14,3740.88,3741.05,68.347,256001.92828
2025-09-26 00:30:00+00:00,3741.05,3748.21,3740.93,3748.21,70.699,264809.08201
2025-09-26 01:00:00+00:00,3748.21,3752.1,3739.51,3741.14,68.977,258342.10959
2025-09-26 01:30:00+00:00,3741.14,3743.76,3737.51,3738.1,49.765,186113.2961
2025-09-26 02:00:00+00:00,3738.1,3739.75,3737.51,3739.48,37.435,139944.0997
2025-09-26 02:30:00+00:00,3739.48,3741.8,3737.83,3738.12,70.837,264897.3247
2025-09-26 03:00:00+00:00,3738.12,3741.66,3733.9,3741.66,86.528,323315.37656
2025-09-26 03:30:00+00:00,3741.66,3745.8,3741.66,3745.8,45.016,168535.88387
2025-09-26 04:00:00+00:00,3745.8,3747.75,3745.61,3745.61,49.554,185645.81564
2025-09-26 04:30:00+00:00,3745.61,3747.99,3745.0,3747.95,18.323,68635.45125
2025-09-26 05:00:00+00:00,3747.95,3747.96,3745.75,3746.5,34.157,127982.5654
2025-09-26 05:30:00+00:00,3746.5,3749.27,3742.02,3742.05,99.549,372996.37877
2025-09-26 06:00:00+00:00,3742.05,3753.85,3742.05,3751.9,84.837,317963.62673
2025-09-26 06:30:00+00:00,3751.9,3753.75,3742.8,3743.13,49.21,184483.3424
2025-09-26 07:00:00+00:00,3743.13,3746.58,3740.44,3746.5,55.383,207305.97234
2025-09-26 07:30:00+00:00,3746.5,3749.96,3746.05,3748.21,60.794,227864.07594
2025-09-26 08:00:00+00:00,3748.21,3751.8,3747.18,3750.75,45.478,170526.37381
2025-09-26 08:30:00+00:00,3750.75,3754.0,3750.72,3752.36,62.209,233424.31873
2025-09-26 09:00:00+00:00,3752.36,3753.3,3747.0,3747.6,53.374,200115.76375
2025-09-26 09:30:00+00:00,3747.6,3750.42,3746.33,3750.42,73.762,276442.36916
2025-09-26 10:00:00+00:00,3750.42,3753.48,3748.5,3748.51,40.401,151586.24221
2025-09-26 10:30:00+00:00,3748.51,3748.51,3742.65,3745.14,33.209,124368.58407
2025-09-26 11:00:00+00:00,3745.14,3751.39,3744.26,3751.39,45.375,170003.89335
2025-09-26 11:30:00+00:00,3751.39,3752.2,3748.77,3748.77,65.937,247352.1787
2025-09-26 12:00:00+00:00,3748.77,3752.65,3748.47,3749.5,58.41,219091.72327
2025-09-26 12:30:00+00:00,3749.5,3756.02,3747.38,3751.4,226.467,849949.14382
2025-09-26 13:00:00+00:00,3751.4,3765.87,3750.8,3758.56,173.665,653133.30067
2025-09-26 13:30:00+00:00,3758.56,3762.18,3753.65,3761.83,175.628,659731.68657
2025-09-26 14:00:00+00:00,3761.83,3782.45,3761.64,3777.26,450.102,1699127.60332
2025-09-26 14:30:00+00:00,3777.26,3780.91,3772.6,3778.61,221.172,835244.41519
2025-09-26 15:00:00+00:00,3778.61,3779.18,3773.47,3778.1,71.373,269498.03607
2025-09-26 15:30:00+00:00,3778.1,3779.58,3774.63,3779.57,47.521,179515.81313
2025-09-26 16:00:00+00:00,3779.57,3780.0,3769.55,3772.27,153.356,578674.30541
2025-09-26 16:30:00+00:00,3772.27,3775.22,3771.69,3772.25,57.727,217852.85616
2025-09-26 17:00:00+00:00,3772.25,3778.47,3772.25,3777.9,39.648,149726.17591
2025-09-26 17:30:00+00:00,3777.9,3782.01,3777.39,3780.98,88.449,334323.95852
2025-09-26 18:00:00+00:00,3780.98,3781.9,3774.1,3777.03,118.475,447446.66624
2025-09-26 18:30:00+00:00,3777.03,3779.18,3776.84,3776.84,22.932,86638.00488
2025-09-26 19:00:00+00:00,3776.84,3776.84,3771.7,3771.98,37.292,140733.45319
2025-09-26 19:30:00+00:00,3771.98,3771.98,3765.09,3766.15,55.517,209142.93425
2025-09-26 20:00:00+00:00,3766.15,3768.94,3765.0,3765.81,28.064,105720.23896
2025-09-26 20:30:00+00:00,3765.81,3766.56,3760.66,3760.66,61.259,230522.32008
2025-09-26 21:00:00+00:00,3760.66,3764.2,3760.65,3763.15,44.561,167679.27425
2025-09-26 21:30:00+00:00,3763.15,3765.99,3763.0,3765.4,26.666,100381.27465
2025-09-26 22:00:00+00:00,3765.4,3765.4,3764.72,3764.72,13.846,52129.42214
2025-09-26 22:30:00+00:00,3764.72,3765.3,3764.7,3765.3,28.311,106584.33863
2025-09-26 23:00:00+00:00,3765.3,3765.4,3762.0,3762.01,32.23,121329.60056
2025-09-26 23:30:00+00:00,3762.01,3764.47,3754.67,3760.81,225.111,846200.11315
2025-09-27 00:00:00+00:00,3760.81,3761.99,3757.99,3760.99,43.473,163420.77194
2025-09-27 00:30:00+00:00,3760.99,3763.22,3759.0,3763.22,14.223,53497.58796
2025-09-27 01:00:00+00:00,3763.22,3763.98,3761.55,3762.92,8.319,31306.14891
2025-09-27 01:30:00+00:00,3762.92,3764.89,3762.3,3764.05,12.54,47206.47325
2025-09-27 02:00:00+00:00,3764.05,3765.99,3763.69,3763.92,67.154,252857.9321
2025-09-27 02:30:00+00:00,3763.92,3764.89,3763.92,3764.85,2.966,11165.40276
2025-09-27 03:00:00+00:00,3764.85,3765.56,3763.3,3763.3,23.633,88985.24061
2025-09-27 03:30:00+00:00,3763.3,3764.9,3763.22,3764.89,12.426,46772.26437
2025-09-27 04:00:00+00:00,3764.89,3764.89,3763.31,3763.31,12.446,46850.35095
2025-09-27 04:30:00+00:00,3763.31,3764.01,3761.25,3763.9,33.903,127571.50238
2025-09-27 05:00:00+00:00,3763.9,3763.9,3762.33,3762.53,6.114,23003.29251
2025-09-27 05:30:00+00:00,3762.53,3764.14,3762.53,3763.1,14.563,54801.18436
2025-09-27 06:00:00+00:00,3763.1,3763.65,3762.9,3763.2,8.159,30705.14578
2025-09-27 06:30:00+00:00,3763.2,3764.8,3763.19,3764.8,21.972,82711.92402
2025-09-27 07:00:00+00:00,3764.8,3764.94,3764.79,3764.94,3.952,14878.74578
2025-09-27 07:30:00+00:00,3764.94,3764.95,3763.5,3764.55,7.133,26850.62246
2025-09-27 08:00:00+00:00,3764.55,3765.66,3763.79,3765.0,49.344,185780.97143
2025-09-27 08:30:00+00:00,3765.0,3766.0,3764.67,3764.67,29.045,109374.88896
2025-09-27 09:00:00+00:00,3764.67,3765.5,3763.2,3763.21,20.711,77966.40508
2025-09-27 09:30:00+00:00,3763.21,3763.52,3761.5,3761.5,16.023,60288.63684
2025-09-27 10:00:00+00:00,3761.5,3763.87,3761.5,3763.87,6.001,22575.79139
2025-09-27 10:30:00+00:00,3763.87,3765.05,3761.76,3765.01,28.718,108083.18828
2025-09-27 11:00:00+00:00,3765.01,3765.8,3763.39,3763.39,10.049,37835.81733
2025-09-27 11:30:00+00:00,3763.39,3763.4,3763.12,3763.35,3.384,12734.83948
2025-09-27 12:00:00+00:00,3763.35,3763.57,3763.12,3763.13,10.801,40647.11042
2025-09-27 12:30:00+00:00,3763.13,3777.6,3761.5,3777.46,358.872,1353753.64149
2025-09-27 13:00:00+00:00,3777.46,3777.95,3771.13,3774.84,56.24,212380.64841
2025-09-27 13:30:00+00:00,3774.84,3778.2,3774.75,3778.15,113.031,426940.90618
2025-09-27 14:00:00+00:00,3778.15,3778.58,3773.37,3773.37,70.948,267991.75716
2025-09-27 14:30:00+00:00,3773.37,3777.37,3773.36,3775.63,47.538,179480.46232
2025-09-27 15:00:00+00:00,3775.63,3775.64,3772.24,3773.25,29.984,113144.19991
2025-09-27 15:30:00+00:00,3773.25,3775.91,3773.25,3773.33,22.982,86739.52906
2025-09-27 16:00:00+00:00,3773.33,3774.13,3773.05,3773.06,12.351,46608.81544
2025-09-27 16:30:00+00:00,3773.06,3775.0,3773.05,3775.0,26.643,100553.56041
2025-09-27 17:00:00+00:00,3775.0,3775.0,3773.5,3773.75,22.585,85240.92495
2025-09-27 17:30:00+00:00,3773.75,3773.75,3772.69,3773.07,13.235,49934.20804
2025-09-27 18:00:00+00:00,3773.07,3773.75,3772.93,3773.75,8.881,33508.70951
2025-09-27 18:30:00+00:00,3773.75,3774.49,3773.42,3773.7,5.771,21778.58371
2025-09-27 19:00:00+00:00,3773.7,3774.97,3773.7,3774.69,4.504,17001.11556
2025-09-27 19:30:00+00:00,3774.69,3776.45,3758.31,3762.01,741.383,2792314.06407
2025-09-27 20:00:00+00:00,3762.01,3763.73,3760.15,3761.96,114.601,431064.37912
2025-09-27 20:30:00+00:00,3761.96,3762.46,3761.01,3761.84,8.71,32764.87514
2025-09-27 21:00:00+00:00,3761.84,3764.4,3761.6,3762.16,45.994,173070.08924
2025-09-27 21:30:00+00:00,3762.16,3762.94,3761.26,3761.99,16.638,62593.63618
2025-09-27 22:00:00+00:00,3761.99,3762.42,3761.05,3761.05,9.198,34601.63767
2025-09-27 22:30:00+00:00,3761.05,3763.33,3761.05,3761.45,8.586,32301.56442
2025-09-27 23:00:00+00:00,3761.45,3762.45,3761.03,3761.15,14.716,55354.65804
2025-09-27 23:30:00+00:00,3761.15,3761.58,3761.14,3761.57,8.616,32406.47993
2025-09-28 00:00:00+00:00,3761.57,3763.44,3761.16,3763.43,23.077,86820.20963
2025-09-28 00:30:00+00:00,3763.43,3763.5,3763.22,3763.26,9.244,34788.94222
2025-09-28 01:00:00+00:00,3763.26,3763.26,3762.32,3762.66,38.438,144633.94227
2025-09-28 01:30:00+00:00,3762.66,3763.7,3762.66,3763.7,27.57,103762.15534
2025-09-28 02:00:00+00:00,3763.7,3763.7,3761.17,3763.26,34.326,129160.22953
2025-09-28 02:30:00+00:00,3763.26,3764.38,3762.86,3762.86,16.842,63391.90401
2025-09-28 03:00:00+00:00,3762.86,3763.9,3761.05,3763.9,4.804,18071.32135
2025-09-28 03:30:00+00:00,3763.9,3764.24,3761.2,3762.86,7.396,27832.60261
2025-09-28 04:00:00+00:00,3762.86,3764.09,3762.75,3762.75,7.004,26356.56222
2025-09-28 04:30:00+00:00,3762.75,3762.75,3762.56,3762.56,1.348,5072.00501
2025-09-28 05:00:00+00:00,3762.56,3762.56,3762.55,3762.56,3.916,14734.15996
2025-09-28 05:30:00+00:00,3762.56,3764.67,3762.0,3762.75,10.014,37690.6335
2025-09-28 06:00:00+00:00,3762.75,3765.03,3762.0,3764.89,9.032,33998.5473
2025-09-28 06:30:00+00:00,3764.89,3765.04,3764.01,3764.63,9.109,34292.03485
2025-09-28 07:00:00+00:00,3764.63,3765.05,3763.52,3764.64,33.207,125010.9942
2025-09-28 07:30:00+00:00,3764.64,3766.19,3764.64,3764.86,56.375,212283.35611
2025-09-28 08:00:00+00:00,3764.86,3765.45,3761.77,3762.69,75.8,285339.61214
2025-09-28 08:30:00+00:00,3762.69,3764.63,3762.5,3764.38,12.923,48631.14182
2025-09-28 09:00:00+00:00,3764.38,3765.1,3763.7,3764.76,18.132,68256.92856
2025-09-28 09:30:00+00:00,3764.76,3766.17,3764.76,3765.12,33.408,125804.00166
2025-09-28 10:00:00+00:00,3765.12,3765.23,3764.52,3764.54,15.54,58506.01181
2025-09-28 10:30:00+00:00,3764.54,3764.54,3764.08,3764.08,4.585,17258.67073
2025-09-28 11:00:00+00:00,3764.08,3764.36,3762.55,3762.55,18.281,68805.26361
2025-09-28 11:30:00+00:00,3762.55,3762.56,3762.21,3762.22,19.443,73152.34735
2025-09-28 12:00:00+00:00,3762.22,3762.22,3757.99,3758.2,93.954,353209.23309
2025-09-28 12:30:00+00:00,3758.2,3764.16,3758.19,3763.7,36.759,138244.56399
2025-09-28 13:00:00+00:00,3763.7,3764.35,3762.36,3763.01,36.176,136160.34032
2025-09-28 13:30:00+00:00,3763.01,3763.01,3758.91,3758.95,23.071,86754.73191
2025-09-28 14:00:00+00:00,3758.95,3762.0,3758.95,3761.55,18.883,71016.45304
2025-09-28 14:30:00+00:00,3761.55,3761.59,3758.54,3759.72,48.855,183680.77425
2025-09-28 15:00:00+00:00,3759.72,3759.9,3758.02,3759.65,31.138,117045.99151
2025-09-28 15:30:00+00:00,3759.65,3761.24,3759.65,3759.87,42.086,158255.2771
2025-09-28 16:00:00+00:00,3759.87,3759.87,3757.99,3758.0,28.921,108696.3921
2025-09-28 16:30:00+00:00,3758.0,3758.0,3757.99,3757.99,8.765,32938.79141
2025-09-28 17:00:00+00:00,3757.99,3758.63,3757.58,3757.75,40.654,152786.43839
2025-09-28 17:30:00+00:00,3757.75,3757.88,3757.04,3757.05,44.457,167052.88723
2025-09-28 18:00:00+00:00,3757.05,3758.3,3756.92,3758.29,14.474,54384.22467
2025-09-28 18:30:00+00:00,3758.29,3759.45,3758.29,3758.51,11.307,42499.30454
2025-09-28 19:00:00+00:00,3758.51,3759.44,3758.02,3758.02,9.738,36602.67913
2025-09-28 19:30:00+00:00,3758.02,3759.83,3758.02,3759.83,10.074,37861.81312
2025-09-28 20:00:00+00:00,3759.83,3759.85,3757.75,3758.95,16.362,61494.52966
2025-09-28 20:30:00+00:00,3758.95,3758.95,3756.3,3756.86,31.051,116660.7631
2025-09-28 21:00:00+00:00,3756.86,3756.86,3756.6,3756.65,10.683,40133.3419
2025-09-28 21:30:00+00:00,3756.65,3759.14,3756.16,3758.87,27.544,103486.17158
2025-09-28 22:00:00+00:00,3758.87,3770.0,3758.74,3768.25,367.19,1383164.2991
2025-09-28 22:30:00+00:00,3768.25,3769.39,3765.92,3769.14,122.079,459922.91198
2025-09-28 23:00:00+00:00,3769.14,3769.75,3766.36,3768.12,48.77,183760.11476
2025-09-28 23:30:00+00:00,3768.12,3770.45,3766.26,3766.26,38.805,146265.50237
2025-09-29 00:00:00+00:00,3766.26,3776.49,3764.39,3776.49,75.89,286155.06436
2025-09-29 00:30:00+00:00,3776.49,3785.0,3776.46,3784.99,177.777,672063.07421
2025-09-29 01:00:00+00:00,3784.99,3785.8,3767.11,3771.61,302.914,1143145.6319
2025-09-29 01:30:00+00:00,3771.61,3776.89,3768.52,3776.89,90.295,340673.44675
2025-09-29 02:00:00+00:00,3776.89,3794.0,3775.34,3790.99,402.231,1523938.13922
2025-09-29 02:30:00+00:00,3790.99,3793.98,3786.6,3791.26,116.001,439796.59948
2025-09-29 03:00:00+00:00,3791.26,3794.0,3790.63,3790.95,296.975,1126620.0425
2025-09-29 03:30:00+00:00,3790.95,3795.0,3790.95,3792.96,190.267,721817.22833
2025-09-29 04:00:00+00:00,3792.96,3795.61,3791.05,3795.61,82.001,311041.93692
2025-09-29 04:30:00+00:00,3795.61,3805.59,3795.61,3803.06,285.695,1086073.10094
2025-09-29 05:00:00+00:00,3803.06,3808.46,3800.3,3802.91,125.739,478330.10572
2025-09-29 05:30:00+00:00,3802.91,3813.13,3800.0,3812.28,189.055,719664.05078
2025-09-29 06:00:00+00:00,3812.28,3815.9,3810.01,3812.0,201.282,767479.57166
2025-09-29 06:30:00+00:00,3812.0,3817.5,3810.41,3814.63,183.648,700437.21521
2025-09-29 07:00:00+00:00,3814.63,3816.97,3810.22,3812.04,168.957,644492.60929
2025-09-29 07:30:00+00:00,3812.04,3812.05,3802.66,3803.18,119.976,456689.87226
2025-09-29 08:00:00+00:00,3803.18,3813.2,3803.17,3810.13,221.945,845450.64388
2025-09-29 08:30:00+00:00,3810.13,3818.3,3809.47,3817.94,215.085,820664.77461
2025-09-29 09:00:00+00:00,3817.94,3818.02,3814.8,3814.99,90.574,345666.42945
2025-09-29 09:30:00+00:00,3814.99,3816.29,3807.34,3807.65,186.638,711020.70185
2025-09-29 10:00:00+00:00,3807.65,3815.0,3806.74,3813.97,159.856,609146.58381
2025-09-29 10:30:00+00:00,3813.97,3816.52,3813.56,3815.83,124.955,476691.26168
2025-09-29 11:00:00+00:00,3815.83,3824.85,3814.4,3824.06,332.324,1269658.03649
2025-09-29 11:30:00+00:00,3824.06,3833.48,3823.32,3831.08,815.91,3122589.07458
2025-09-29 12:00:00+00:00,3831.08,3832.07,3819.51,3819.74,186.009,711594.28672
2025-09-29 12:30:00+00:00,3819.74,3820.68,3815.0,3815.64,239.521,914213.63246
2025-09-29 13:00:00+00:00,3815.64,3823.89,3812.61,3823.38,266.51,1017399.22167
2025-09-29 13:30:00+00:00,3823.38,3828.64,3820.22,3822.32,186.148,712004.74276
2025-09-29 14:00:00+00:00,3822.32,3829.52,3816.56,3828.65,410.54,1570532.65988
2025-09-29 14:30:00+00:00,3828.65,3829.24,3823.79,3828.74,129.255,494645.25449
2025-09-29 15:00:00+00:00,3828.74,3832.66,3823.32,3827.89,183.607,702862.14621
2025-09-29 15:30:00+00:00,3827.89,3830.0,3821.63,3828.54,380.082,1455222.39215
2025-09-29 16:00:00+00:00,3828.54,3830.89,3826.96,3829.96,60.582,231978.61395
2025-09-29 16:30:00+00:00,3829.96,3830.45,3826.76,3827.78,60.9,233163.08112
2025-09-29 17:00:00+00:00,3827.78,3831.14,3824.12,3826.19,154.865,592872.71213
2025-09-29 17:30:00+00:00,3826.19,3829.93,3825.31,3828.44,54.472,208447.27552
2025-09-29 18:00:00+00:00,3828.44,3830.0,3824.28,3829.25,88.802,339914.40652
2025-09-29 18:30:00+00:00,3829.25,3829.26,3824.01,3824.23,47.59,182048.90566
2025-09-29 19:00:00+00:00,3824.23,3827.74,3821.01,3823.3,176.358,674222.84894
2025-09-29 19:30:00+00:00,3823.3,3827.08,3823.16,3825.25,73.35,280561.97647
2025-09-29 20:00:00+00:00,3825.25,3827.3,3825.19,3825.51,103.755,396994.23908
2025-09-29 20:30:00+00:00,3825.51,3831.25,3825.45,3830.39,55.809,213694.86811
2025-09-29 21:00:00+00:00,3830.39,3840.0,3830.07,3836.7,292.497,1122135.09205
2025-09-29 21:30:00+00:00,3836.7,3837.3,3831.9,3831.91,42.467,162770.08912
2025-09-29 22:00:00+00:00,3831.91,3831.91,3823.32,3826.01,156.885,600322.07548
2025-09-29 22:30:00+00:00,3826.01,3830.16,3826.0,3829.64,57.477,220036.60522
2025-09-29 23:00:00+00:00,3829.64,3829.88,3827.51,3828.3,81.355,311516.70586
2025-09-29 23:30:00+00:00,3828.3,3832.55,3826.59,3832.55,80.403,307865.22449
2025-09-30 00:00:00+00:00,3832.55,3839.9,3830.51,3838.65,204.441,784177.94525
2025-09-30 00:30:00+00:00,3838.65,3839.6,3835.45,3838.31,134.865,517620.18138
2025-09-30 01:00:00+00:00,3838.31,3848.0,3838.25,3845.19,309.572,1189768.65372
2025-09-30 01:30:00+00:00,3845.19,3850.0,3843.85,3847.4,166.192,639497.53719
2025-09-30 02:00:00+00:00,3847.4,3850.89,3842.05,3844.92,183.948,707314.7282
2025-09-30 02:30:00+00:00,3844.92,3849.61,3841.63,3847.91,196.206,754568.79167
2025-09-30 03:00:00+00:00,3847.91,3860.79,3846.64,3858.75,286.473,1104339.02721
2025-09-30 03:30:00+00:00,3858.75,3868.32,3858.61,3866.24,203.867,787846.46547
2025-09-30 04:00:00+00:00,3866.24,3867.38,3863.11,3865.61,181.644,702203.29514
2025-09-30 04:30:00+00:00,3865.61,3868.11,3864.39,3868.11,89.325,345349.20661
2025-09-30 05:00:00+00:00,3868.11,3870.45,3865.0,3869.65,137.448,531724.91499
2025-09-30 05:30:00+00:00,3869.65,3870.8,3866.74,3870.75,118.303,457722.35741
2025-09-30 06:00:00+00:00,3870.75,3872.91,3863.52,3866.19,214.069,827971.87863
2025-09-30 06:30:00+00:00,3866.19,3871.25,3856.8,3858.07,265.298,1024786.30492
2025-09-30 07:00:00+00:00,3858.07,3859.94,3850.24,3854.09,368.784,1421614.00811
2025-09-30 07:30:00+00:00,3854.09,3855.23,3840.68,3844.39,305.569,1175771.68432
2025-09-30 08:00:00+00:00,3844.39,3848.2,3824.5,3826.74,676.782,2595425.49823
2025-09-30 08:30:00+00:00,3826.74,3826.74,3809.53,3818.75,974.15,3718297.50422
2025-09-30 09:00:00+00:00,3818.75,3824.31,3800.3,3803.25,491.306,1871545.43784
2025-09-30 09:30:00+00:00,3803.25,3809.05,3795.69,3802.2,287.528,1093194.50037
2025-09-30 10:00:00+00:00,3802.2,3814.82,3801.71,3807.19,388.18,1478550.17707
2025-09-30 10:30:00+00:00,3807.19,3818.26,3807.0,3815.3,152.388,581086.40129
2025-09-30 11:00:00+00:00,3815.3,3817.34,3808.75,3812.74,110.654,421809.24858
2025-09-30 11:30:00+00:00,3812.74,3819.57,3811.25,3816.35,189.514,723377.47111
2025-09-30 12:00:00+00:00,3816.35,3817.25,3812.5,3815.02,227.896,869502.47039
2025-09-30 12:30:00+00:00,3815.02,3821.17,3809.91,3818.32,116.612,444957.55298
2025-09-30 13:00:00+00:00,3818.32,3819.6,3811.97,3815.44,120.964,461597.00886
2025-09-30 13:30:00+00:00,3815.44,3830.36,3812.92,3826.29,579.36,2215979.21762
2025-09-30 14:00:00+00:00,3826.29,3852.5,3823.95,3844.15,1134.218,4357840.73855
2025-09-30 14:30:00+00:00,3844.15,3854.39,3842.85,3854.09,333.623,1283748.12765
2025-09-30 15:00:00+00:00,3854.09,3854.1,3830.0,3834.99,526.209,2019588.23159
2025-09-30 15:30:00+00:00,3834.99,3841.59,3834.99,3839.13,182.713,701272.57507
2025-09-30 16:00:00+00:00,3839.13,3845.51,3838.71,3844.99,185.275,712226.92157
2025-09-30 16:30:00+00:00,3844.99,3850.69,3844.99,3848.45,315.606,1214337.98452
2025-09-30 17:00:00+00:00,3848.45,3850.79,3846.92,3849.12,66.5,255951.34563
2025-09-30 17:30:00+00:00,3849.12,3851.8,3845.44,3845.45,151.908,584681.10768
2025-09-30 18:00:00+00:00,3845.45,3847.24,3840.78,3846.59,194.748,748428.73465
2025-09-30 18:30:00+00:00,3846.59,3849.79,3843.31,3848.9,278.576,1071222.30887
2025-09-30 19:00:00+00:00,3848.9,3854.0,3848.26,3853.15,79.069,304491.72025
2025-09-30 19:30:00+00:00,3853.15,3859.96,3853.12,3859.59,121.454,468456.58947
2025-09-30 20:00:00+00:00,3859.59,3859.59,3851.42,3855.93,141.168,544079.03597
2025-09-30 20:30:00+00:00,3855.93,3861.0,3855.92,3859.22,85.645,330500.77221
2025-09-30 21:00:00+00:00,3859.22,3859.22,3854.99,3855.6,95.677,368988.16797
2025-09-30 21:30:00+00:00,3855.6,3860.11,3855.14,3860.1,88.763,342346.15652
2025-09-30 22:00:00+00:00,3860.1,3861.3,3855.97,3855.98,83.99,324215.93143
2025-09-30 22:30:00+00:00,3855.98,3861.12,3855.31,3860.01,41.081,158513.27991
2025-09-30 23:00:00+00:00,3860.01,3862.84,3860.01,3862.39,64.173,247822.58916
2025-09-30 23:30:00+00:00,3862.39,3864.31,3862.0,3864.31,104.313,402993.89147
2025-10-01 00:00:00+00:00,3864.31,3865.3,3861.28,3861.9,171.717,663354.10705
2025-10-01 00:30:00+00:00,3861.9,3864.12,3858.87,3860.98,101.817,393124.68199
2025-10-01 01:00:00+00:00,3860.98,3864.02,3859.33,3864.02,65.228,251879.51635
2025-10-01 01:30:00+00:00,3864.02,3869.26,3863.37,3869.25,67.117,259531.57503
2025-10-01 02:00:00+00:00,3869.25,3875.9,3865.33,3866.65,201.851,781316.71191
2025-10-01 02:30:00+00:00,3866.65,3868.1,3857.81,3863.67,181.987,702929.1822
2025-10-01 03:00:00+00:00,3863.67,3865.96,3860.02,3864.44,56.274,217349.33925
2025-10-01 03:30:00+00:00,3864.44,3864.44,3856.84,3861.82,125.338,483939.12365
2025-10-01 04:00:00+00:00,3861.82,3863.91,3859.0,3860.87,100.392,387595.27508
2025-10-01 04:30:00+00:00,3860.87,3864.8,3857.01,3864.8,53.219,205415.93155
2025-10-01 05:00:00+00:00,3864.8,3869.17,3863.61,3866.81,116.605,450842.76996
2025-10-01 05:30:00+00:00,3866.81,3867.23,3862.88,3863.25,82.391,318453.52329
2025-10-01 06:00:00+00:00,3863.25,3864.16,3853.26,3860.15,147.727,569895.45711
2025-10-01 06:30:00+00:00,3860.15,3863.95,3858.35,3860.15,43.816,169198.23705
2025-10-01 07:00:00+00:00,3860.15,3870.15,3859.61,3869.94,90.093,348375.43747
2025-10-01 07:30:00+00:00,3869.94,3878.99,3868.4,3878.26,365.912,1417596.45503
2025-10-01 08:00:00+00:00,3878.26,3894.56,3878.26,3890.82,408.163,1587032.41467
2025-10-01 08:30:00+00:00,3890.82,3894.89,3887.69,3893.71,471.928,1836796.74495
2025-10-01 09:00:00+00:00,3893.71,3895.35,3884.27,3886.35,283.887,1103933.19474
2025-10-01 09:30:00+00:00,3886.35,3891.35,3884.18,3888.24,175.59,682658.30985
2025-10-01 10:00:00+00:00,3888.24,3889.67,3885.66,3886.66,115.716,449889.16648
2025-10-01 10:30:00+00:00,3886.66,3889.6,3885.43,3887.09,123.903,481694.14008
2025-10-01 11:00:00+00:00,3887.09,3888.28,3880.88,3881.5,129.493,502865.16354
2025-10-01 11:30:00+00:00,3881.5,3884.63,3878.1,3883.8,222.402,863297.71191
2025-10-01 12:00:00+00:00,3883.8,3890.29,3876.15,3877.44,346.104,1343830.75876
2025-10-01 12:30:00+00:00,3877.44,3880.64,3866.43,3871.0,460.987,1785521.85213
2025-10-01 13:00:00+00:00,3871.0,3874.74,3865.87,3871.24,151.033,584532.7867
2025-10-01 13:30:00+00:00,3871.24,3877.99,3870.14,3874.89,306.637,1188207.01663
2025-10-01 14:00:00+00:00,3874.89,3878.5,3870.6,3877.61,204.36,791840.11064
2025-10-01 14:30:00+00:00,3877.61,3880.88,3859.18,3874.43,449.372,1739488.1092
2025-10-01 15:00:00+00:00,3874.43,3877.49,3861.39,3862.04,263.936,1021566.57951
2025-10-01 15:30:00+00:00,3862.04,3871.25,3860.41,3871.2,240.416,929545.39925
2025-10-01 16:00:00+00:00,3871.2,3871.25,3863.4,3870.8,103.344,399895.04065
2025-10-01 16:30:00+00:00,3870.8,3871.44,3870.27,3871.44,37.007,143252.80993
2025-10-01 17:00:00+00:00,3871.44,3871.59,3868.69,3870.99,93.098,360270.59804
2025-10-01 17:30:00+00:00,3870.99,3871.6,3861.16,3861.5,161.277,623365.73184
2025-10-01 18:00:00+00:00,3861.5,3866.31,3857.1,3864.46,169.683,655312.12837
2025-10-01 18:30:00+00:00,3864.46,3867.34,3860.47,3861.29,159.064,614399.22348
2025-10-01 19:00:00+00:00,3861.29,3865.17,3860.98,3864.69,45.913,177392.17608
2025-10-01 19:30:00+00:00,3864.69,3870.0,3864.44,3867.75,59.56,230377.22019
2025-10-01 20:00:00+00:00,3867.75,3867.8,3860.62,3863.61,122.809,474524.54512
2025-10-01 20:30:00+00:00,3863.61,3867.0,3863.6,3866.9,100.514,388486.77614
2025-10-01 21:00:00+00:00,3866.9,3869.05,3865.51,3866.25,160.563,620844.92984
2025-10-01 21:30:00+00:00,3866.25,3868.76,3865.91,3868.5,26.527,102594.17969
2025-10-01 22:00:00+00:00,3868.5,3870.13,3859.48,3860.24,137.329,530584.767
2025-10-01 22:30:00+00:00,3860.24,3863.55,3860.24,3861.6,39.947,154267.74202
2025-10-01 23:00:00+00:00,3861.6,3865.99,3861.6,3865.65,63.595,245742.33955
2025-10-01 23:30:00+00:00,3865.65,3865.65,3859.16,3863.05,44.392,171466.31548
2025-10-02 00:00:00+00:00,3863.05,3863.91,3857.15,3857.15,110.03,424647.66162
2025-10-02 00:30:00+00:00,3857.15,3859.6,3855.06,3855.95,326.651,1259877.12607
2025-10-02 01:00:00+00:00,3855.95,3864.03,3853.08,3863.2,157.041,605773.92505
2025-10-02 01:30:00+00:00,3863.2,3866.06,3863.11,3864.64,177.461,685878.70668
2025-10-02 02:00:00+00:00,3864.64,3870.94,3861.72,3863.9,176.053,680771.07774
2025-10-02 02:30:00+00:00,3863.9,3868.03,3863.51,3867.04,48.511,187558.31034
2025-10-02 03:00:00+00:00,3867.04,3869.8,3865.23,3866.2,213.724,826573.46617
2025-10-02 03:30:00+00:00,3866.2,3867.4,3863.7,3865.68,70.642,273049.1543
2025-10-02 04:00:00+00:00,3865.68,3866.47,3863.72,3864.1,43.133,166689.90678
2025-10-02 04:30:00+00:00,3864.1,3864.18,3860.97,3862.81,124.975,482766.13816
2025-10-02 05:00:00+00:00,3862.81,3870.59,3862.8,3869.7,98.702,381704.68786
2025-10-02 05:30:00+00:00,3869.7,3870.24,3866.85,3868.91,39.983,154694.06483
2025-10-02 06:00:00+00:00,3868.91,3874.42,3867.82,3872.27,126.913,491398.58162
2025-10-02 06:30:00+00:00,3872.27,3874.29,3863.2,3864.89,103.615,400977.02986
2025-10-02 07:00:00+00:00,3864.89,3874.0,3864.8,3866.19,87.504,338588.62463
2025-10-02 07:30:00+00:00,3866.19,3868.7,3862.69,3868.7,69.862,270072.6501
2025-10-02 08:00:00+00:00,3868.7,3870.22,3866.1,3869.61,120.167,464758.60961
2025-10-02 08:30:00+00:00,3869.61,3876.9,3869.6,3873.9,123.339,477841.91981
2025-10-02 09:00:00+00:00,3873.9,3876.76,3872.7,3874.84,44.059,170701.57917
2025-10-02 09:30:00+00:00,3874.84,3877.5,3874.83,3877.5,41.655,161471.22805
2025-10-02 10:00:00+00:00,3877.5,3882.15,3875.12,3880.69,195.06,756740.00262
2025-10-02 10:30:00+00:00,3880.69,3881.65,3877.4,3880.39,53.628,208068.04049
2025-10-02 11:00:00+00:00,3880.39,3884.0,3878.65,3883.15,59.974,232871.95696
2025-10-02 11:30:00+00:00,3883.15,3884.37,3881.2,3884.37,69.157,268547.07743
2025-10-02 12:00:00+00:00,3884.37,3889.6,3878.37,3880.92,232.254,902040.94613
2025-10-02 12:30:00+00:00,3880.92,3886.67,3879.82,3883.49,148.796,577774.63224
2025-10-02 13:00:00+00:00,3883.49,3891.99,3883.49,3891.99,122.802,477560.13555
2025-10-02 13:30:00+00:00,3891.99,3894.26,3873.6,3875.51,519.078,2014444.38231
2025-10-02 14:00:00+00:00,3875.51,3876.5,3860.42,3865.63,506.159,1958193.93867
2025-10-02 14:30:00+00:00,3865.63,3867.7,3828.15,3843.08,1377.665,5293241.40917
2025-10-02 15:00:00+00:00,3843.08,3847.9,3833.16,3839.48,278.878,1070767.67831
2025-10-02 15:30:00+00:00,3839.48,3839.48,3823.24,3831.36,323.884,1240766.13119
2025-10-02 16:00:00+00:00,3831.36,3849.15,3830.57,3842.36,261.155,1003768.66624
2025-10-02 16:30:00+00:00,3842.36,3849.98,3840.02,3849.57,139.16,535036.57202
2025-10-02 17:00:00+00:00,3849.57,3851.43,3846.75,3848.55,157.666,606885.58888
2025-10-02 17:30:00+00:00,3848.55,3849.99,3843.98,3849.01,109.719,422101.71713
2025-10-02 18:00:00+00:00,3849.01,3852.24,3848.01,3852.18,78.262,301341.67811
2025-10-02 18:30:00+00:00,3852.18,3853.98,3851.1,3853.06,96.554,371940.81903
2025-10-02 19:00:00+00:00,3853.06,3861.03,3853.06,3859.9,182.433,703947.7078
2025-10-02 19:30:00+00:00,3859.9,3860.87,3856.12,3858.25,58.866,227124.83236
2025-10-02 20:00:00+00:00,3858.25,3861.22,3856.98,3857.73,48.029,185317.83245
2025-10-02 20:30:00+00:00,3857.73,3858.52,3856.39,3857.3,27.11,104579.39015
2025-10-02 21:00:00+00:00,3857.3,3857.3,3849.97,3849.98,154.257,594359.56975
2025-10-02 21:30:00+00:00,3849.98,3849.99,3846.88,3846.89,68.036,261845.47211
2025-10-02 22:00:00+00:00,3846.89,3858.98,3846.89,3855.65,341.768,1317363.18596
2025-10-02 22:30:00+00:00,3855.65,3859.0,3855.07,3857.95,41.976,161889.79982
2025-10-02 23:00:00+00:00,3857.95,3859.72,3857.23,3859.68,60.412,233126.10026
2025-10-02 23:30:00+00:00,3859.68,3864.99,3859.65,3863.85,123.825,478249.73006
2025-10-03 00:00:00+00:00,3863.85,3863.85,3858.75,3859.81,62.902,242848.686
2025-10-03 00:30:00+00:00,3859.81,3859.91,3857.4,3857.41,21.001,81041.35219
2025-10-03 01:00:00+00:00,3857.41,3863.44,3852.5,3852.5,47.277,182380.09733
2025-10-03 01:30:00+00:00,3852.5,3860.0,3850.01,3859.0,42.921,165464.25734
2025-10-03 02:00:00+00:00,3859.0,3859.77,3855.8,3856.05,35.594,137336.22656
2025-10-03 02:30:00+00:00,3856.05,3856.06,3850.4,3850.4,31.527,121466.16272
2025-10-03 03:00:00+00:00,3850.4,3852.39,3842.05,3842.05,94.595,363770.15081
2025-10-03 03:30:00+00:00,3842.05,3845.36,3840.68,3845.01,163.422,627955.7694
2025-10-03 04:00:00+00:00,3845.01,3850.31,3844.42,3847.32,101.705,391270.26134
2025-10-03 04:30:00+00:00,3847.32,3848.3,3845.89,3846.2,37.286,143443.51917
2025-10-03 05:00:00+00:00,3846.2,3856.66,3846.2,3855.78,88.911,342416.75656
2025-10-03 05:30:00+00:00,3855.78,3860.55,3855.49,3857.2,81.809,315628.3251
2025-10-03 06:00:00+00:00,3857.2,3861.63,3853.32,3861.4,60.624,233897.30839
2025-10-03 06:30:00+00:00,3861.4,3861.88,3858.2,3860.89,100.248,387032.52683
2025-10-03 07:00:00+00:00,3860.89,3863.58,3860.0,3863.58,136.528,527194.7922
2025-10-03 07:30:00+00:00,3863.58,3865.65,3863.4,3865.1,118.633,458457.42456
2025-10-03 08:00:00+00:00,3865.1,3866.9,3860.56,3863.65,124.787,482146.60156
2025-10-03 08:30:00+00:00,3863.65,3865.65,3861.03,3865.64,56.151,216882.0689
2025-10-03 09:00:00+00:00,3865.64,3865.65,3857.11,3858.99,111.725,431245.77219
2025-10-03 09:30:00+00:00,3858.99,3864.9,3858.5,3864.89,76.649,295914.39283
2025-10-03 10:00:00+00:00,3864.89,3866.34,3862.55,3863.29,75.734,292692.32796
2025-10-03 10:30:00+00:00,3863.29,3867.34,3862.01,3865.7,141.265,545998.51159
2025-10-03 11:00:00+00:00,3865.7,3866.99,3858.75,3860.16,80.372,310371.10312
2025-10-03 11:30:00+00:00,3860.16,3865.0,3856.47,3862.89,56.033,216358.49297
2025-10-03 12:00:00+00:00,3862.89,3865.0,3861.71,3864.24,42.78,165284.9266
2025-10-03 12:30:00+00:00,3864.24,3874.2,3863.42,3874.2,114.022,441245.6769
2025-10-03 13:00:00+00:00,3874.2,3883.0,3870.15,3880.05,229.147,888512.69065
2025-10-03 13:30:00+00:00,3880.05,3887.71,3872.23,3881.37,293.176,1138156.00838
2025-10-03 14:00:00+00:00,3881.37,3883.41,3865.0,3878.03,423.68,1641566.44381
2025-10-03 14:30:00+00:00,3878.03,3879.26,3872.63,3877.6,70.674,273952.11998
2025-10-03 15:00:00+00:00,3877.6,3886.38,3872.71,3885.3,120.283,466643.94778
2025-10-03 15:30:00+00:00,3885.3,3887.53,3881.46,3886.4,321.03,1247013.11145
2025-10-03 16:00:00+00:00,3886.4,3886.4,3877.5,3878.76,233.604,906690.70016
2025-10-03 16:30:00+00:00,3878.76,3882.8,3878.51,3882.79,285.916,1109441.47345
2025-10-03 17:00:00+00:00,3882.79,3885.54,3879.36,3883.2,152.315,591420.6992
2025-10-03 17:30:00+00:00,3883.2,3884.64,3876.0,3880.09,102.769,398783.59917
2025-10-03 18:00:00+00:00,3880.09,3882.58,3878.48,3881.99,43.744,169763.68808
2025-10-03 18:30:00+00:00,3881.99,3885.89,3881.75,3882.45,77.156,299711.04058
2025-10-03 19:00:00+00:00,3882.45,3884.39,3880.83,3882.6,90.536,351506.03164
2025-10-03 19:30:00+00:00,3882.6,3884.81,3880.9,3881.84,92.65,359766.38013
2025-10-03 20:00:00+00:00,3881.84,3883.3,3879.75,3879.75,71.027,275665.04601
2025-10-03 20:30:00+00:00,3879.75,3882.98,3879.41,3882.98,40.756,158155.34207
2025-10-03 21:00:00+00:00,3882.98,3882.99,3880.51,3882.68,43.504,168871.46329
2025-10-03 21:30:00+00:00,3882.68,3882.69,3880.1,3880.1,12.557,48741.03898
2025-10-03 22:00:00+00:00,3880.1,3882.52,3880.0,3882.3,24.362,94551.6771
2025-10-03 22:30:00+00:00,3882.3,3882.57,3878.27,3878.27,47.96,186123.55917
2025-10-03 23:00:00+00:00,3878.27,3880.37,3878.18,3878.18,50.732,196785.87214
2025-10-03 23:30:00+00:00,3878.18,3886.88,3878.18,3884.83,75.436,293027.39903
2025-10-04 00:00:00+00:00,3884.83,3889.4,3884.83,3889.28,127.409,495379.48988
2025-10-04 00:30:00+00:00,3889.28,3889.29,3889.2,3889.24,27.387,106515.12104
2025-10-04 01:00:00+00:00,3889.24,3889.3,3887.15,3889.14,50.766,197422.68626
2025-10-04 01:30:00+00:00,3889.14,3889.14,3883.0,3883.01,59.769,232217.81853
2025-10-04 02:00:00+00:00,3883.01,3888.91,3883.0,3888.91,43.669,169740.87944
2025-10-04 02:30:00+00:00,3888.91,3889.3,3888.91,3888.99,22.557,87728.22209
2025-10-04 03:00:00+00:00,3888.99,3889.15,3888.01,3889.04,9.337,36310.4472
2025-10-04 03:30:00+00:00,3889.04,3889.04,3884.38,3888.0,26.354,102410.28626
2025-10-04 04:00:00+00:00,3888.0,3889.05,3888.0,3888.71,13.945,54225.49838
2025-10-04 04:30:00+00:00,3888.71,3888.71,3884.5,3884.5,36.798,143001.92304
2025-10-04 05:00:00+00:00,3884.5,3887.8,3883.02,3883.02,40.622,157814.99091
2025-10-04 05:30:00+00:00,3883.02,3887.5,3883.0,3887.26,22.474,87301.72691
2025-10-04 06:00:00+00:00,3887.26,3888.87,3885.1,3885.11,37.216,144655.76333
2025-10-04 06:30:00+00:00,3885.11,3888.88,3883.11,3884.85,121.619,472524.0443
2025-10-04 07:00:00+00:00,3884.85,3885.75,3879.78,3884.24,196.18,761407.2588
2025-10-04 07:30:00+00:00,3884.24,3884.37,3880.64,3880.7,34.786,135079.44363
2025-10-04 08:00:00+00:00,3880.7,3883.98,3880.64,3880.96,21.741,84391.67583
2025-10-04 08:30:00+00:00,3880.96,3884.27,3880.59,3883.88,57.216,222109.94925
2025-10-04 09:00:00+00:00,3883.88,3884.27,3881.44,3884.27,26.139,101484.00568
2025-10-04 09:30:00+00:00,3884.27,3884.27,3884.26,3884.27,15.306,59452.6141
2025-10-04 10:00:00+00:00,3884.27,3886.57,3884.27,3884.52,62.537,242985.26648
2025-10-04 10:30:00+00:00,3884.52,3886.5,3884.52,3886.5,20.578,79950.21677
2025-10-04 11:00:00+00:00,3886.5,3886.75,3885.41,3885.56,19.604,76190.6429
2025-10-04 11:30:00+00:00,3885.56,3887.66,3885.55,3887.54,10.968,42633.27046
2025-10-04 12:00:00+00:00,3887.54,3887.81,3885.87,3886.26,49.587,192753.10543
2025-10-04 12:30:00+00:00,3886.26,3891.89,3886.25,3889.04,292.834,1138968.93076
2025-10-04 13:00:00+00:00,3889.04,3890.35,3888.12,3888.12,13.277,51637.56591
2025-10-04 13:30:00+00:00,3888.12,3888.27,3884.0,3886.74,25.742,100023.06537
2025-10-04 14:00:00+00:00,3886.74,3887.43,3886.0,3886.25,16.893,65658.43915
2025-10-04 14:30:00+00:00,3886.25,3886.26,3883.32,3884.79,37.507,145696.85893
2025-10-04 15:00:00+00:00,3884.79,3888.38,3883.32,3888.37,79.55,309108.58635
2025-10-04 15:30:00+00:00,3888.37,3891.39,3884.39,3889.89,79.161,307845.87007
2025-10-04 16:00:00+00:00,3889.89,3891.7,3888.76,3891.15,63.705,247849.82425
2025-10-04 16:30:00+00:00,3891.15,3892.3,3890.7,3891.6,122.045,474916.90099
2025-10-04 17:00:00+00:00,3891.6,3892.75,3891.49,3892.21,57.506,223823.71255
2025-10-04 17:30:00+00:00,3892.21,3892.25,3891.03,3891.55,27.601,107411.47172
2025-10-04 18:00:00+00:00,3891.55,3891.99,3891.3,3891.3,4.953,19274.8976
2025-10-04 18:30:00+00:00,3891.3,3891.59,3890.71,3890.88,40.519,157665.49863
2025-10-04 19:00:00+00:00,3890.88,3891.47,3890.87,3891.21,12.949,50388.26641
2025-10-04 19:30:00+00:00,3891.21,3892.25,3891.2,3892.0,13.506,52560.0926
2025-10-04 20:00:00+00:00,3892.0,3892.01,3891.32,3891.32,19.848,77245.17876
2025-10-04 20:30:00+00:00,3891.32,3891.32,3888.5,3888.5,22.915,89148.98666
2025-10-04 21:00:00+00:00,3888.5,3891.12,3888.47,3890.55,15.666,60942.09459
2025-10-04 21:30:00+00:00,3890.55,3891.45,3887.37,3891.44,16.953,65938.15274
2025-10-04 22:00:00+00:00,3891.44,3891.55,3887.82,3888.3,9.743,37897.69611
2025-10-04 22:30:00+00:00,3888.3,3890.56,3887.2,3887.2,23.308,90649.13882
2025-10-04 23:00:00+00:00,3887.2,3891.43,3887.11,3891.43,18.258,71000.80251
2025-10-04 23:30:00+00:00,3891.43,3892.4,3891.17,3891.6,26.122,101664.10962
2025-10-05 00:00:00+00:00,3891.6,3891.75,3888.58,3891.71,8.82,34306.44048
2025-10-05 00:30:00+00:00,3891.71,3891.71,3888.34,3888.35,3.968,15433.96097
2025-10-05 01:00:00+00:00,3888.35,3891.85,3888.34,3891.01,10.414,40513.83259
2025-10-05 01:30:00+00:00,3891.01,3891.78,3891.0,3891.54,9.416,36641.82851
2025-10-05 02:00:00+00:00,3891.54,3891.56,3891.4,3891.4,11.003,42818.2222
2025-10-05 02:30:00+00:00,3891.4,3894.26,3890.42,3892.59,235.205,915481.99759
2025-10-05 03:00:00+00:00,3892.59,3894.67,3892.59,3894.35,72.567,282559.35534
2025-10-05 03:30:00+00:00,3894.35,3894.36,3889.03,3889.95,125.894,489804.71468
2025-10-05 04:00:00+00:00,3889.95,3891.16,3889.46,3891.15,34.828,135475.21357
2025-10-05 04:30:00+00:00,3891.15,3894.05,3888.5,3888.51,250.693,975731.41562
2025-10-05 05:00:00+00:00,3888.51,3889.41,3887.58,3888.76,44.277,172168.65171
2025-10-05 05:30:00+00:00,3888.76,3888.76,3888.19,3888.27,14.149,55016.32322
2025-10-05 06:00:00+00:00,3888.27,3890.47,3888.0,3890.47,44.001,171107.47056
2025-10-05 06:30:00+00:00,3890.47,3891.39,3890.46,3890.69,25.726,100098.85043
2025-10-05 07:00:00+00:00,3890.69,3890.7,3887.85,3888.48,58.904,229111.73092
2025-10-05 07:30:00+00:00,3888.48,3890.35,3888.48,3889.9,21.156,82290.78708
2025-10-05 08:00:00+00:00,3889.9,3889.9,3885.82,3889.09,125.008,485907.29035
2025-10-05 08:30:00+00:00,3889.09,3889.1,3887.49,3887.49,17.846,69392.1932
2025-10-05 09:00:00+00:00,3887.49,3890.15,3887.19,3890.15,27.394,106516.04791
2025-10-05 09:30:00+00:00,3890.15,3894.15,3888.68,3893.89,66.16,257494.17616
2025-10-05 10:00:00+00:00,3893.89,3893.9,3893.58,3893.85,16.65,64831.10888
2025-10-05 10:30:00+00:00,3893.85,3893.86,3892.61,3893.55,18.051,70284.93706
2025-10-05 11:00:00+00:00,3893.55,3893.55,3892.8,3893.3,21.372,83205.19248
2025-10-05 11:30:00+00:00,3893.3,3893.55,3893.3,3893.46,36.756,143107.62977
2025-10-05 12:00:00+00:00,3893.46,3894.0,3893.41,3893.99,39.81,155005.68861
2025-10-05 12:30:00+00:00,3893.99,3894.37,3892.24,3893.3,94.182,366696.98038
2025-10-05 13:00:00+00:00,3893.3,3893.3,3892.74,3892.74,42.128,164007.31444
2025-10-05 13:30:00+00:00,3892.74,3892.74,3892.28,3892.35,31.847,123960.60924
2025-10-05 14:00:00+00:00,3892.35,3893.2,3892.35,3893.15,11.957,46545.58799
2025-10-05 14:30:00+00:00,3893.15,3893.15,3893.0,3893.05,16.663,64869.95541
2025-10-05 15:00:00+00:00,3893.05,3893.05,3885.0,3887.25,287.327,1117103.43474
2025-10-05 15:30:00+00:00,3887.25,3888.9,3885.95,3888.9,45.198,175692.52795
2025-10-05 16:00:00+00:00,3888.9,3891.8,3888.73,3889.47,24.393,94898.43407
2025-10-05 16:30:00+00:00,3889.47,3889.47,3887.5,3888.3,15.241,59255.39197
2025-10-05 17:00:00+00:00,3888.3,3889.07,3886.77,3887.56,30.853,119957.58646
2025-10-05 17:30:00+00:00,3887.56,3890.07,3887.55,3890.07,22.892,89005.60053
2025-10-05 18:00:00+00:00,3890.07,3890.07,3886.75,3887.75,13.422,52186.25828
2025-10-05 18:30:00+00:00,3887.75,3888.3,3887.74,3888.3,3.44,13375.01322
2025-10-05 19:00:00+00:00,3888.3,3888.3,3887.99,3888.0,5.033,19569.32724
2025-10-05 19:30:00+00:00,3888.0,3888.23,3887.76,3887.85,21.774,84654.56389
2025-10-05 20:00:00+00:00,3887.85,3889.47,3887.84,3889.13,12.093,47023.74175
2025-10-05 20:30:00+00:00,3889.13,3892.0,3889.13,3892.0,16.066,62523.25322
2025-10-05 21:00:00+00:00,3892.0,3893.82,3891.99,3893.4,56.481,219869.58374
2025-10-05 21:30:00+00:00,3893.4,3893.4,3888.01,3890.48,26.86,104520.56973
2025-10-05 22:00:00+00:00,3890.48,3893.37,3886.0,3893.16,447.79,1741246.4866
2025-10-05 22:30:00+00:00,3893.16,3900.77,3890.57,3900.4,170.062,662442.29273
2025-10-05 23:00:00+00:00,3900.4,3919.25,3898.78,3911.36,484.673,1894792.69525
2025-10-05 23:30:00+00:00,3911.36,3911.94,3908.78,3910.1,35.895,140377.49089
2025-10-06 00:00:00+00:00,3910.1,3910.11,3900.91,3902.4,191.684,748348.68636
2025-10-06 00:30:00+00:00,3902.4,3907.34,3902.07,3902.07,117.47,458582.79614
2025-10-06 01:00:00+00:00,3902.07,3908.85,3901.99,3904.34,73.491,287042.88483
2025-10-06 01:30:00+00:00,3904.34,3917.65,3904.1,3916.8,108.893,426132.04593
2025-10-06 02:00:00+00:00,3916.8,3923.9,3916.8,3921.21,185.757,728507.35131
2025-10-06 02:30:00+00:00,3921.21,3923.4,3918.9,3920.01,145.218,569454.21243
2025-10-06 03:00:00+00:00,3920.01,3924.99,3920.0,3922.06,100.245,393306.63779
2025-10-06 03:30:00+00:00,3922.06,3932.65,3922.06,3931.36,206.009,809402.31496
2025-10-06 04:00:00+00:00,3931.36,3935.09,3930.46,3933.54,156.805,616707.16195
2025-10-06 04:30:00+00:00,3933.54,3941.21,3932.75,3939.52,151.765,597648.9117
2025-10-06 05:00:00+00:00,3939.52,3944.99,3932.29,3936.75,311.467,1227163.71343
2025-10-06 05:30:00+00:00,3936.75,3936.75,3927.74,3932.57,125.149,491953.53687
2025-10-06 06:00:00+00:00,3932.57,3932.9,3923.78,3928.63,131.995,518327.29903
2025-10-06 06:30:00+00:00,3928.63,3935.2,3926.34,3934.48,56.773,223218.80088
2025-10-06 07:00:00+00:00,3934.48,3935.99,3930.51,3933.3,43.693,171891.60265
2025-10-06 07:30:00+00:00,3933.3,3943.63,3932.4,3941.66,118.023,464935.30901
2025-10-06 08:00:00+00:00,3941.66,3949.99,3941.66,3945.38,228.617,902267.24304
2025-10-06 08:30:00+00:00,3945.38,3947.27,3936.8,3943.0,110.89,437118.74053
2025-10-06 09:00:00+00:00,3943.0,3945.01,3941.29,3944.82,127.453,502670.53672
2025-10-06 09:30:00+00:00,3944.82,3944.98,3939.24,3942.99,109.874,433038.04679
2025-10-06 10:00:00+00:00,3942.99,3944.35,3935.31,3940.17,75.61,297889.28258
2025-10-06 10:30:00+00:00,3940.17,3946.8,3940.17,3942.9,49.169,193931.4536
2025-10-06 11:00:00+00:00,3942.9,3943.15,3935.7,3940.2,68.032,267946.72781
2025-10-06 11:30:00+00:00,3940.2,3941.2,3933.56,3940.0,109.84,432452.26603
2025-10-06 12:00:00+00:00,3940.0,3941.28,3930.55,3932.35,218.538,860121.64379
2025-10-06 12:30:00+00:00,3932.35,3940.0,3929.45,3935.95,99.652,391959.11043
2025-10-06 13:00:00+00:00,3935.95,3939.87,3933.36,3934.75,77.211,304029.33799
2025-10-06 13:30:00+00:00,3934.75,3946.9,3929.99,3945.89,219.353,864753.0124
2025-10-06 14:00:00+00:00,3945.89,3949.05,3941.35,3947.7,174.106,687216.88534
2025-10-06 14:30:00+00:00,3947.7,3959.32,3946.59,3955.28,313.692,1240569.90354
2025-10-06 15:00:00+00:00,3955.28,3957.81,3948.74,3949.0,119.556,472544.88675
2025-10-06 15:30:00+00:00,3949.0,3969.91,3948.64,3964.04,649.525,2574053.51291
2025-10-06 16:00:00+00:00,3964.04,3970.54,3946.8,3952.32,523.191,2070410.59755
2025-10-06 16:30:00+00:00,3952.32,3956.01,3951.21,3954.05,52.854,208979.92516
2025-10-06 17:00:00+00:00,3954.05,3959.2,3954.04,3954.04,92.583,366383.29483
2025-10-06 17:30:00+00:00,3954.04,3958.9,3952.2,3958.9,124.552,492803.93654
2025-10-06 18:00:00+00:00,3958.9,3960.97,3958.1,3960.21,38.697,153246.75566
2025-10-06 18:30:00+00:00,3960.21,3961.22,3958.12,3958.8,55.054,217996.01712
2025-10-06 19:00:00+00:00,3958.8,3965.65,3958.8,3965.4,95.56,378827.68035
2025-10-06 19:30:00+00:00,3965.4,3965.4,3959.3,3959.3,29.584,117251.67644
2025-10-06 20:00:00+00:00,3959.3,3961.74,3959.27,3960.29,45.335,179557.35986
2025-10-06 20:30:00+00:00,3960.29,3961.78,3959.01,3961.66,31.499,124738.37375
2025-10-06 21:00:00+00:00,3961.66,3964.99,3961.47,3964.98,28.359,112391.55738
2025-10-06 21:30:00+00:00,3964.98,3968.0,3964.98,3967.99,74.257,294551.92226
2025-10-06 22:00:00+00:00,3967.99,3977.74,3963.2,3976.04,389.872,1548122.95045
2025-10-06 22:30:00+00:00,3976.04,3976.04,3960.61,3965.76,206.044,817230.51837
2025-10-06 23:00:00+00:00,3965.76,3970.77,3964.2,3970.77,48.442,192218.56596
2025-10-06 23:30:00+00:00,3970.77,3974.32,3970.77,3971.32,68.213,270989.96277
2025-10-07 00:00:00+00:00,3971.32,3978.63,3969.87,3976.74,71.117,282711.47375
2025-10-07 00:30:00+00:00,3976.74,3978.1,3965.15,3966.6,100.607,399279.47394
2025-10-07 01:00:00+00:00,3966.6,3966.6,3960.0,3962.34,93.128,369069.73924
2025-10-07 01:30:00+00:00,3962.34,3964.53,3958.94,3958.94,66.614,263857.14792
2025-10-07 02:00:00+00:00,3958.94,3965.29,3957.7,3965.29,93.738,371288.86729
2025-10-07 02:30:00+00:00,3965.29,3967.77,3965.29,3966.76,29.443,116790.97611
2025-10-07 03:00:00+00:00,3966.76,3970.5,3963.2,3964.19,48.803,193622.57981
2025-10-07 03:30:00+00:00,3964.19,3975.32,3964.18,3974.96,125.336,497849.48997
2025-10-07 04:00:00+00:00,3974.96,3976.2,3972.99,3974.91,132.467,526633.84498
2025-10-07 04:30:00+00:00,3974.91,3977.77,3974.51,3977.51,136.099,541149.00782
2025-10-07 05:00:00+00:00,3977.51,3977.83,3963.53,3966.8,137.442,545410.86711
2025-10-07 05:30:00+00:00,3966.8,3968.3,3962.81,3967.88,159.915,634139.35495
2025-10-07 06:00:00+00:00,3967.88,3968.21,3963.21,3965.98,74.594,295857.20291
2025-10-07 06:30:00+00:00,3965.98,3965.98,3957.32,3957.88,223.368,884841.79492
2025-10-07 07:00:00+00:00,3957.88,3959.04,3944.39,3952.45,330.544,1305420.91757
2025-10-07 07:30:00+00:00,3952.45,3957.84,3945.43,3947.1,234.066,925220.32105
2025-10-07 08:00:00+00:00,3947.1,3954.0,3942.45,3952.29,157.185,620552.85884
2025-10-07 08:30:00+00:00,3952.29,3955.74,3951.9,3953.56,84.091,332498.65461
2025-10-07 09:00:00+00:00,3953.56,3964.2,3953.3,3959.35,125.249,495962.07954
2025-10-07 09:30:00+00:00,3959.35,3964.9,3956.4,3958.01,76.748,304020.98659
2025-10-07 10:00:00+00:00,3958.01,3961.17,3956.97,3959.61,53.14,210383.05626
2025-10-07 10:30:00+00:00,3959.61,3963.75,3957.37,3961.75,137.223,543387.0563
2025-10-07 11:00:00+00:00,3961.75,3963.79,3958.7,3959.15,69.633,275811.72377
2025-10-07 11:30:00+00:00,3959.15,3969.44,3959.0,3967.86,83.054,329411.08106
2025-10-07 12:00:00+00:00,3967.86,3973.39,3965.34,3965.74,338.647,1344615.68012
2025-10-07 12:30:00+00:00,3965.74,3981.87,3965.01,3980.71,448.052,1781213.72769
2025-10-07 13:00:00+00:00,3980.71,3985.25,3977.65,3982.85,241.294,960926.71512
2025-10-07 13:30:00+00:00,3982.85,3982.85,3971.34,3980.36,175.2,696688.1809
2025-10-07 14:00:00+00:00,3980.36,3981.09,3970.68,3977.75,341.924,1359072.40193
2025-10-07 14:30:00+00:00,3977.75,3986.66,3977.75,3986.38,223.779,891494.46103
2025-10-07 15:00:00+00:00,3986.38,3991.33,3980.71,3984.61,343.851,1370687.78114
2025-10-07 15:30:00+00:00,3984.61,3987.06,3964.33,3968.39,452.744,1798835.59764
2025-10-07 16:00:00+00:00,3968.39,3977.52,3965.0,3970.5,160.994,639309.56547
2025-10-07 16:30:00+00:00,3970.5,3981.06,3970.01,3978.13,71.611,284780.58314
2025-10-07 17:00:00+00:00,3978.13,3985.55,3978.12,3981.47,110.96,441909.39598
2025-10-07 17:30:00+00:00,3981.47,3987.09,3981.47,3981.62,154.921,617222.34317
2025-10-07 18:00:00+00:00,3981.62,3983.19,3975.2,3979.74,178.961,711911.05938
2025-10-07 18:30:00+00:00,3979.74,3982.55,3976.93,3979.81,312.867,1244769.36219
2025-10-07 19:00:00+00:00,3979.81,3982.8,3978.86,3979.88,55.865,222371.07969
2025-10-07 19:30:00+00:00,3979.88,3981.4,3979.0,3979.3,24.038,95668.90857
2025-10-07 20:00:00+00:00,3979.3,3982.5,3979.0,3981.53,65.215,259590.60705
2025-10-07 20:30:00+00:00,3981.53,3985.7,3980.69,3984.06,99.672,397051.17133
2025-10-07 21:00:00+00:00,3984.06,3987.24,3984.05,3985.61,36.895,147048.00363
2025-10-07 21:30:00+00:00,3985.61,3987.49,3985.0,3985.0,38.782,154606.71794
2025-10-07 22:00:00+00:00,3985.0,3988.67,3984.55,3988.66,46.552,185598.26375
2025-10-07 22:30:00+00:00,3988.66,3988.75,3986.36,3988.3,64.036,255371.63831
2025-10-07 23:00:00+00:00,3988.3,3992.82,3988.3,3988.74,124.119,495375.14936
2025-10-07 23:30:00+00:00,3988.74,3994.85,3988.74,3993.14,74.225,296379.25737
2025-10-08 00:00:00+00:00,3993.14,3999.2,3993.14,3999.2,209.607,837761.74815
2025-10-08 00:30:00+00:00,3999.2,3999.2,3991.5,3994.0,210.032,839177.11247
2025-10-08 01:00:00+00:00,3994.0,3996.34,3986.2,3995.3,111.342,444243.60482
2025-10-08 01:30:00+00:00,3995.3,3999.99,3993.14,3999.76,64.316,257075.95957
2025-10-08 02:00:00+00:00,3999.76,4006.7,3995.75,4004.65,359.404,1438342.31009
2025-10-08 02:30:00+00:00,4004.65,4011.74,4004.5,4011.6,248.342,995113.19326
2025-10-08 03:00:00+00:00,4011.6,4015.0,4010.0,4012.3,258.489,1037208.54545
2025-10-08 03:30:00+00:00,4012.3,4016.79,4010.16,4015.97,166.343,667605.35615
2025-10-08 04:00:00+00:00,4015.97,4022.2,4015.96,4019.96,307.656,1236817.58752
2025-10-08 04:30:00+00:00,4019.96,4029.01,4017.98,4029.0,290.605,1169183.74221
2025-10-08 05:00:00+00:00,4029.0,4036.1,4027.0,4036.1,582.043,2346426.49467
2025-10-08 05:30:00+00:00,4036.1,4039.85,4030.71,4031.13,404.734,1633285.67073
2025-10-08 06:00:00+00:00,4031.13,4035.1,4024.77,4029.46,335.811,1352976.56214
2025-10-08 06:30:00+00:00,4029.46,4035.95,4029.3,4034.8,183.803,741351.12917
2025-10-08 07:00:00+00:00,4034.8,4042.1,4033.6,4039.84,263.584,1064548.65389
2025-10-08 07:30:00+00:00,4039.84,4042.09,4035.66,4037.62,252.254,1019104.55232
2025-10-08 08:00:00+00:00,4037.62,4044.62,4037.61,4042.91,269.143,1087876.09756
2025-10-08 08:30:00+00:00,4042.91,4044.93,4040.49,4040.49,168.819,682459.24738
2025-10-08 09:00:00+00:00,4040.49,4043.34,4038.4,4038.79,257.556,1040488.53576
2025-10-08 09:30:00+00:00,4038.79,4053.91,4036.0,4053.91,439.895,1780665.62999
2025-10-08 10:00:00+00:00,4053.91,4054.35,4042.63,4044.55,333.395,1350007.82153
2025-10-08 10:30:00+00:00,4044.55,4045.77,4038.01,4040.88,259.149,1047216.81755
2025-10-08 11:00:00+00:00,4040.88,4041.65,4038.0,4040.28,310.851,1255645.40531
2025-10-08 11:30:00+00:00,4040.28,4042.8,4038.0,4042.04,172.844,698365.15844
2025-10-08 12:00:00+00:00,4042.04,4050.2,4040.02,4042.9,391.926,1585257.69948
2025-10-08 12:30:00+00:00,4042.9,4045.5,4035.61,4044.78,182.994,739197.53221
2025-10-08 13:00:00+00:00,4044.78,4051.84,4043.4,4043.79,254.803,1031765.75757
2025-10-08 13:30:00+00:00,4043.79,4044.4,4031.83,4043.0,709.475,2863920.20282
2025-10-08 14:00:00+00:00,4043.0,4055.59,4042.6,4047.92,755.228,3057266.69301
2025-10-08 14:30:00+00:00,4047.92,4057.32,4044.91,4055.6,257.831,1044253.52013
2025-10-08 15:00:00+00:00,4055.6,4058.0,4046.66,4052.75,304.801,1235405.1717
2025-10-08 15:30:00+00:00,4052.75,4053.58,4048.36,4048.75,360.052,1458409.1929
2025-10-08 16:00:00+00:00,4048.75,4059.36,4048.36,4059.19,363.004,1472264.01387
2025-10-08 16:30:00+00:00,4059.19,4064.4,4057.02,4059.5,294.647,1196727.82714
2025-10-08 17:00:00+00:00,4059.5,4061.94,4052.18,4052.7,223.037,905064.95458
2025-10-08 17:30:00+00:00,4052.7,4056.8,4047.82,4054.7,263.303,1067163.95268
2025-10-08 18:00:00+00:00,4054.7,4056.5,4042.53,4051.1,468.479,1896900.76303
2025-10-08 18:30:00+00:00,4051.1,4053.05,4048.7,4052.4,136.9,554685.44333
2025-10-08 19:00:00+00:00,4052.4,4056.04,4037.41,4048.39,320.248,1296275.48008
2025-10-08 19:30:00+00:00,4048.39,4048.75,4038.75,4047.49,130.932,529405.28222
2025-10-08 20:00:00+00:00,4047.49,4048.75,4042.35,4045.91,105.259,425785.69097
2025-10-08 20:30:00+00:00,4045.91,4048.75,4042.34,4045.94,52.851,213789.0362
2025-10-08 21:00:00+00:00,4045.94,4049.17,4045.93,4048.4,106.953,432871.46982
2025-10-08 21:30:00+00:00,4048.4,4050.39,4044.82,4047.04,80.707,326702.31328
2025-10-08 22:00:00+00:00,4047.04,4047.59,4025.44,4030.38,709.38,2859722.47919
2025-10-08 22:30:00+00:00,4030.38,4032.88,4024.09,4026.5,249.376,1004313.25145
2025-10-08 23:00:00+00:00,4026.5,4027.99,4016.89,4019.6,455.733,1832897.38759
2025-10-08 23:30:00+00:00,4019.6,4025.0,4008.17,4019.63,466.233,1871767.74899
2025-10-09 00:00:00+00:00,4019.63,4036.98,4016.61,4034.21,355.757,1432803.28604
2025-10-09 00:30:00+00:00,4034.21,4037.22,4028.35,4031.9,134.392,541973.20713
2025-10-09 01:00:00+00:00,4031.9,4041.1,4018.01,4039.25,427.442,1723050.14151
2025-10-09 01:30:00+00:00,4039.25,4043.71,4026.63,4029.9,474.109,1913862.55576
2025-10-09 02:00:00+00:00,4029.9,4029.94,4012.45,4020.45,347.286,1396042.26883
2025-10-09 02:30:00+00:00,4020.45,4028.1,4015.02,4026.06,231.746,932299.08369
2025-10-09 03:00:00+00:00,4026.06,4033.34,4025.2,4033.34,150.657,607338.40574
2025-10-09 03:30:00+00:00,4033.34,4038.78,4032.81,4035.3,143.978,581129.66369
2025-10-09 04:00:00+00:00,4035.3,4046.95,4035.3,4046.42,188.698,762604.4719
2025-10-09 04:30:00+00:00,4046.42,4050.0,4045.88,4049.6,165.481,669831.42346
2025-10-09 05:00:00+00:00,4049.6,4053.51,4035.01,4047.2,926.404,3747613.00229
2025-10-09 05:30:00+00:00,4047.2,4050.7,4044.38,4049.05,132.613,536678.80863
2025-10-09 06:00:00+00:00,4049.05,4050.3,4042.96,4042.96,173.169,700581.96956
2025-10-09 06:30:00+00:00,4042.96,4045.91,4034.89,4035.74,177.44,716670.20176
2025-10-09 07:00:00+00:00,4035.74,4042.3,4033.95,4035.42,251.103,1013610.34859
2025-10-09 07:30:00+00:00,4035.42,4039.99,4033.39,4038.95,158.953,641553.73151
2025-10-09 08:00:00+00:00,4038.95,4048.0,4037.72,4044.91,277.367,1121565.98175
2025-10-09 08:30:00+00:00,4044.91,4048.0,4041.8,4045.76,148.944,602527.35576
2025-10-09 09:00:00+00:00,4045.76,4048.0,4042.9,4043.56,157.957,638889.6807
2025-10-09 09:30:00+00:00,4043.56,4044.85,4040.2,4042.12,60.037,242661.56229
2025-10-09 10:00:00+00:00,4042.12,4044.08,4041.55,4043.7,85.901,347281.71537
2025-10-09 10:30:00+00:00,4043.7,4049.33,4042.91,4049.33,129.735,524999.70866
2025-10-09 11:00:00+00:00,4049.33,4052.49,4040.07,4043.53,230.185,931249.54659
2025-10-09 11:30:00+00:00,4043.53,4052.29,4043.52,4049.13,200.809,813117.12954
2025-10-09 12:00:00+00:00,4049.13,4049.13,4042.48,4045.05,195.802,792111.82586
2025-10-09 12:30:00+00:00,4045.05,4057.0,4044.02,4056.93,254.506,1031394.19049
2025-10-09 13:00:00+00:00,4056.93,4061.85,4053.75,4059.82,372.26,1510915.31866
2025-10-09 13:30:00+00:00,4059.82,4060.19,4021.52,4024.15,1073.773,4334774.61448
2025-10-09 14:00:00+00:00,4024.15,4036.35,4017.52,4025.77,1159.904,4670803.19338
2025-10-09 14:30:00+00:00,4025.77,4042.49,4023.36,4035.2,703.48,2836101.10198
2025-10-09 15:00:00+00:00,4035.2,4039.4,4025.62,4025.62,454.132,1831480.80116
2025-10-09 15:30:00+00:00,4025.62,4031.34,4020.0,4028.41,333.758,1342956.28144
2025-10-09 16:00:00+00:00,4028.41,4031.95,4015.19,4017.89,639.193,2572738.46211
2025-10-09 16:30:00+00:00,4017.89,4017.89,3970.0,3972.7,1625.76,6487343.57672
2025-10-09 17:00:00+00:00,3972.7,3980.03,3949.26,3963.28,1027.239,4071456.72958
2025-10-09 17:30:00+00:00,3963.28,3966.37,3950.68,3954.34,463.129,1833220.49148
2025-10-09 18:00:00+00:00,3954.34,3972.85,3952.35,3967.01,326.084,1292020.13946
2025-10-09 18:30:00+00:00,3967.01,3969.8,3960.75,3961.19,175.263,695058.04312
2025-10-09 19:00:00+00:00,3961.19,3983.17,3960.2,3982.7,362.419,1440510.3022
2025-10-09 19:30:00+00:00,3982.7,3986.96,3978.59,3979.94,328.439,1308515.13548
2025-10-09 20:00:00+00:00,3979.94,3984.1,3979.4,3982.0,152.031,605323.07332
2025-10-09 20:30:00+00:00,3982.0,3982.59,3977.19,3981.14,189.88,755445.71039
2025-10-09 21:00:00+00:00,3981.14,3982.83,3978.32,3981.54,82.776,329423.24682
2025-10-09 21:30:00+00:00,3981.54,3985.4,3979.43,3983.54,90.636,361012.7454
2025-10-09 22:00:00+00:00,3983.54,3984.2,3963.89,3975.94,394.231,1567376.95619
2025-10-09 22:30:00+00:00,3975.94,3979.9,3974.22,3977.49,162.68,646948.54413
2025-10-09 23:00:00+00:00,3977.49,3988.0,3976.93,3984.45,246.953,982970.88438
2025-10-09 23:30:00+00:00,3984.45,3992.07,3982.36,3991.8,271.031,1080823.56419
2025-10-10 00:00:00+00:00,3991.8,3996.42,3988.45,3995.92,143.68,573725.88923
2025-10-10 00:30:00+00:00,3995.92,3997.32,3993.15,3994.54,139.028,555463.46555
2025-10-10 01:00:00+00:00,3994.54,3995.88,3980.0,3985.71,302.39,1205153.73068
2025-10-10 01:30:00+00:00,3985.71,3985.71,3973.33,3976.0,242.261,963970.88017
2025-10-10 02:00:00+00:00,3976.0,3987.74,3975.36,3985.86,94.38,375838.42357
2025-10-10 02:30:00+00:00,3985.86,3988.67,3979.48,3980.2,72.021,286868.65361
2025-10-10 03:00:00+00:00,3980.2,3980.74,3963.41,3971.07,287.827,1143079.81499
2025-10-10 03:30:00+00:00,3971.07,3975.9,3963.63,3963.63,162.601,645462.4996
2025-10-10 04:00:00+00:00,3963.63,3965.75,3946.13,3960.9,378.766,1498121.61054
2025-10-10 04:30:00+00:00,3960.9,3969.67,3960.45,3969.13,370.338,1468068.36209
2025-10-10 05:00:00+00:00,3969.13,3979.99,3969.13,3975.35,91.825,365049.64342
2025-10-10 05:30:00+00:00,3975.35,3978.23,3968.01,3975.85,158.166,628529.74379
2025-10-10 06:00:00+00:00,3975.85,3976.56,3970.42,3973.7,85.959,341503.12554
2025-10-10 06:30:00+00:00,3973.7,3977.54,3967.04,3971.4,121.955,484431.20067
2025-10-10 07:00:00+00:00,3971.4,3971.4,3956.7,3966.91,251.575,997470.14061
2025-10-10 07:30:00+00:00,3966.91,3977.28,3965.59,3973.89,81.603,324086.64986
2025-10-10 08:00:00+00:00,3973.89,3992.5,3972.34,3990.2,260.035,1036503.16052
2025-10-10 08:30:00+00:00,3990.2,3999.94,3988.12,3996.38,362.084,1446657.83681
2025-10-10 09:00:00+00:00,3996.38,4005.54,3994.8,3999.78,379.662,1518368.24247
2025-10-10 09:30:00+00:00,3999.78,4009.6,3998.5,3999.98,186.122,745098.15121
2025-10-10 10:00:00+00:00,3999.98,4001.49,3994.8,4001.49,196.091,783993.26974
2025-10-10 10:30:00+00:00,4001.49,4003.88,3997.2,3997.2,69.824,279405.87291
2025-10-10 11:00:00+00:00,3997.2,4002.7,3997.12,4001.58,77.34,309432.98778
2025-10-10 11:30:00+00:00,4001.58,4002.03,3987.02,3988.44,334.103,1334114.64109
2025-10-10 12:00:00+00:00,3988.44,3997.34,3988.16,3995.76,104.508,417295.87468
2025-10-10 12:30:00+00:00,3995.76,3995.76,3983.42,3988.3,154.921,617888.08173
2025-10-10 13:00:00+00:00,3988.3,3998.4,3984.01,3997.12,360.703,1440303.50406
2025-10-10 13:30:00+00:00,3997.12,4000.68,3980.0,3984.4,265.689,1060124.4747
2025-10-10 14:00:00+00:00,3984.4,3991.04,3973.66,3987.56,402.433,1602327.23463
2025-10-10 14:30:00+00:00,3987.56,3996.9,3985.26,3993.97,178.876,713768.74465
2025-10-10 15:00:00+00:00,3993.97,4021.5,3993.52,4019.31,857.235,3438980.60304
2025-10-10 15:30:00+00:00,4019.31,4024.8,3999.89,4002.22,983.374,3946370.59059
2025-10-10 16:00:00+00:00,4002.22,4002.84,3980.0,3992.91,458.352,1829218.72416
2025-10-10 16:30:00+00:00,3992.91,3999.78,3985.73,3988.29,170.128,679327.08075
2025-10-10 17:00:00+00:00,3988.29,3991.84,3980.01,3990.75,214.559,855209.06765
2025-10-10 17:30:00+00:00,3990.75,3994.9,3983.9,3994.49,240.247,958825.27227
2025-10-10 18:00:00+00:00,3994.49,4010.91,3988.99,4005.2,383.008,1534000.598
2025-10-10 18:30:00+00:00,4005.2,4007.05,3996.1,4002.95,153.046,612665.25994
2025-10-10 19:00:00+00:00,4002.95,4012.28,4000.01,4008.64,227.82,913290.6279
2025-10-10 19:30:00+00:00,4008.64,4025.0,4008.3,4016.15,309.335,1242571.98237
2025-10-10 20:00:00+00:00,4016.15,4020.0,4008.61,4017.21,220.786,886072.5658
2025-10-10 20:30:00+00:00,4017.21,4024.7,4011.64,4014.71,409.168,1643953.26799
2025-10-10 21:00:00+00:00,4014.71,4031.57,3917.5,3995.14,5630.332,22462121.81673
2025-10-10 21:30:00+00:00,3995.14,3996.37,3952.6,3978.52,1531.139,6088603.97355
2025-10-10 22:00:00+00:00,3978.52,3990.91,3967.5,3980.91,934.215,3717125.65259
2025-10-10 22:30:00+00:00,3980.91,4010.0,3980.0,4003.5,793.449,3170985.49858
2025-10-10 23:00:00+00:00,4003.5,4005.22,3994.63,3997.35,417.777,1671426.58962
2025-10-10 23:30:00+00:00,3997.35,4007.64,3993.16,3999.15,428.262,1713731.51009
2025-10-11 00:00:00+00:00,3999.15,4005.61,3993.12,3993.35,314.602,1257983.41978
2025-10-11 00:30:00+00:00,3993.35,4003.26,3992.5,3995.26,174.526,697655.52011
2025-10-11 01:00:00+00:00,3995.26,4000.84,3992.87,3995.36,274.999,1099024.14472
2025-10-11 01:30:00+00:00,3995.36,3998.02,3990.91,3991.34,204.03,815054.94793
2025-10-11 02:00:00+00:00,3991.34,3991.34,3982.58,3984.96,275.475,1098396.56655
2025-10-11 02:30:00+00:00,3984.96,4004.0,3984.95,4002.79,320.116,1279405.05669
2025-10-11 03:00:00+00:00,4002.79,4003.04,3988.36,3990.93,248.846,994066.28911
2025-10-11 03:30:00+00:00,3990.93,4001.68,3989.59,3993.08,207.204,827851.38929
2025-10-11 04:00:00+00:00,3993.08,4000.78,3990.03,4000.16,218.432,872497.76516
2025-10-11 04:30:00+00:00,4000.16,4000.34,3991.64,3994.35,269.878,1077778.05206
2025-10-11 05:00:00+00:00,3994.35,3995.67,3990.53,3993.59,108.822,434467.90749
2025-10-11 05:30:00+00:00,3993.59,3996.01,3991.3,3992.2,97.235,388203.00326
2025-10-11 06:00:00+00:00,3992.2,3999.18,3991.45,3999.16,101.899,407092.6226
2025-10-11 06:30:00+00:00,3999.16,4002.23,3996.53,3996.53,97.753,391030.18025
2025-10-11 07:00:00+00:00,3996.53,4001.99,3995.0,3996.39,168.727,674441.92132
2025-10-11 07:30:00+00:00,3996.39,4001.28,3992.77,4000.0,259.303,1036572.83994
2025-10-11 08:00:00+00:00,4000.0,4003.98,3998.15,4002.91,306.503,1226568.77779
2025-10-11 08:30:00+00:00,4002.91,4009.1,4002.91,4007.02,152.816,612140.68395
2025-10-11 09:00:00+00:00,4007.02,4012.78,4000.0,4009.34,425.593,1705419.76859
2025-10-11 09:30:00+00:00,4009.34,4009.7,4007.05,4008.18,68.326,273881.79524
2025-10-11 10:00:00+00:00,4008.18,4012.79,4008.0,4012.01,105.26,422122.63771
2025-10-11 10:30:00+00:00,4012.01,4012.01,4010.67,4010.86,46.758,187565.84938
2025-10-11 11:00:00+00:00,4010.86,4011.45,4008.4,4009.6,77.132,309254.45649
2025-10-11 11:30:00+00:00,4009.6,4011.97,4009.59,4011.25,35.74,143351.86448
2025-10-11 12:00:00+00:00,4011.25,4011.56,4011.14,4011.56,37.163,149072.03404
2025-10-11 12:30:00+00:00,4011.56,4012.65,4011.05,4011.51,59.737,239655.80177
2025-10-11 13:00:00+00:00,4011.51,4012.15,4010.44,4012.14,35.687,143142.47449
2025-10-11 13:30:00+00:00,4012.14,4012.14,4000.1,4004.11,581.713,2330263.55591
2025-10-11 14:00:00+00:00,4004.11,4008.77,4004.06,4006.55,111.274,445810.64786
2025-10-11 14:30:00+00:00,4006.55,4012.79,4006.01,4012.4,129.574,519744.03127
2025-10-11 15:00:00+00:00,4012.4,4014.2,4003.75,4003.78,284.174,1139771.73163
2025-10-11 15:30:00+00:00,4003.78,4005.85,4001.27,4003.06,155.365,621935.11832
2025-10-11 16:00:00+00:00,4003.06,4006.13,4001.27,4003.54,44.1,176576.72668
2025-10-11 16:30:00+00:00,4003.54,4009.84,4000.6,4006.51,228.331,914022.70362
2025-10-11 17:00:00+00:00,4006.51,4006.51,4002.43,4003.92,24.086,96438.70361
2025-10-11 17:30:00+00:00,4003.92,4003.92,4002.23,4002.24,15.222,60931.54988
2025-10-11 18:00:00+00:00,4002.24,4003.57,4000.29,4000.35,23.076,92337.04748
2025-10-11 18:30:00+00:00,4000.35,4005.09,4000.15,4003.85,18.45,73839.83679
2025-10-11 19:00:00+00:00,4003.85,4006.66,4000.74,4003.72,137.18,549303.83201
2025-10-11 19:30:00+00:00,4003.72,4003.72,4000.16,4001.1,51.483,206005.21494
2025-10-11 20:00:00+00:00,4001.1,4001.98,4000.29,4001.98,44.973,179936.96499
2025-10-11 20:30:00+00:00,4001.98,4001.98,4000.08,4000.09,140.08,560387.29519
2025-10-11 21:00:00+00:00,4000.09,4004.55,3995.0,4003.6,418.165,1671985.13063
2025-10-11 21:30:00+00:00,4003.6,4007.58,4003.4,4007.51,56.144,224878.66303
2025-10-11 22:00:00+00:00,4007.51,4008.53,3999.91,3999.93,179.649,719122.45385
2025-10-11 22:30:00+00:00,3999.93,4004.14,3998.92,4004.11,198.639,794503.70495
2025-10-11 23:00:00+00:00,4004.11,4007.65,4004.1,4006.36,186.403,746793.5379
2025-10-11 23:30:00+00:00,4006.36,4007.1,4005.1,4007.09,390.32,1563600.23564
2025-10-12 00:00:00+00:00,4007.09,4011.02,4007.09,4010.98,70.03,280760.82898
2025-10-12 00:30:00+00:00,4010.98,4011.86,4010.19,4010.55,49.058,196793.21722
2025-10-12 01:00:00+00:00,4010.55,4011.89,4010.13,4011.48,59.978,240563.22009
2025-10-12 01:30:00+00:00,4011.48,4013.9,4011.41,4012.39,109.91,440965.51863
2025-10-12 02:00:00+00:00,4012.39,4013.79,4012.11,4013.25,186.355,747811.25914
2025-10-12 02:30:00+00:00,4013.25,4013.65,4012.48,4013.5,153.046,614215.5241
2025-10-12 03:00:00+00:00,4013.5,4016.13,4013.46,4014.57,246.255,988649.45457
2025-10-12 03:30:00+00:00,4014.57,4014.82,4013.63,4014.82,31.702,127262.30125
2025-10-12 04:00:00+00:00,4014.82,4015.88,4013.73,4013.82,40.463,162455.35481
2025-10-12 04:30:00+00:00,4013.82,4015.51,4013.64,4015.5,37.295,149711.52767
2025-10-12 05:00:00+00:00,4015.5,4015.5,4014.49,4015.05,43.967,176539.58273
2025-10-12 05:30:00+00:00,4015.05,4016.13,4014.55,4014.64,15.885,63776.48551
2025-10-12 06:00:00+00:00,4014.64,4014.67,4011.02,4011.02,38.24,153451.65852
2025-10-12 06:30:00+00:00,4011.02,4013.52,4010.95,4012.89,28.238,113290.06847
2025-10-12 07:00:00+00:00,4012.89,4012.89,4011.4,4011.44,18.59,74580.2706
2025-10-12 07:30:00+00:00,4011.44,4017.5,4011.44,4017.16,54.797,220047.33731
2025-10-12 08:00:00+00:00,4017.16,4017.17,4016.08,4017.01,26.446,106227.83549
2025-10-12 08:30:00+00:00,4017.01,4017.01,4015.93,4016.54,18.836,75654.70359
2025-10-12 09:00:00+00:00,4016.54,4016.85,4014.01,4015.25,54.388,218426.2852
2025-10-12 09:30:00+00:00,4015.25,4016.14,4015.24,4016.13,15.35,61644.25146
2025-10-12 10:00:00+00:00,4016.13,4019.51,4016.1,4019.31,128.3,515523.9791
2025-10-12 10:30:00+00:00,4019.31,4020.0,4016.34,4019.91,180.083,723801.38915
2025-10-12 11:00:00+00:00,4019.91,4019.91,4016.06,4017.53,107.529,432062.90851
2025-10-12 11:30:00+00:00,4017.53,4017.53,4016.45,4016.61,31.687,127284.67752
2025-10-12 12:00:00+00:00,4016.61,4017.26,4016.0,4016.71,55.16,221543.14372
2025-10-12 12:30:00+00:00,4016.71,4018.47,4015.32,4015.32,49.184,197554.8057
2025-10-12 13:00:00+00:00,4015.32,4019.06,4015.28,4019.06,32.48,130478.60573
2025-10-12 13:30:00+00:00,4019.06,4019.91,4018.27,4019.7,90.665,364382.49943
2025-10-12 14:00:00+00:00,4019.7,4020.0,4019.15,4019.98,65.932,265018.62932
2025-10-12 14:30:00+00:00,4019.98,4020.49,4015.98,4015.98,93.66,376472.82638
2025-10-12 15:00:00+00:00,4015.98,4017.55,4006.35,4013.45,382.617,1534885.45588
2025-10-12 15:30:00+00:00,4013.45,4013.46,4007.55,4008.98,201.442,807667.77063
2025-10-12 16:00:00+00:00,4008.98,4013.16,4008.29,4012.33,121.854,488734.5915
2025-10-12 16:30:00+00:00,4012.33,4013.47,4010.44,4010.44,137.199,550373.46794
2025-10-12 17:00:00+00:00,4010.44,4013.51,4010.44,4010.9,118.376,474935.32853
2025-10-12 17:30:00+00:00,4010.9,4011.95,4007.44,4007.7,90.296,362046.46879
2025-10-12 18:00:00+00:00,4007.7,4011.79,4007.6,4011.39,83.418,334480.50495
2025-10-12 18:30:00+00:00,4011.39,4014.37,4011.39,4014.37,32.414,130076.25184
2025-10-12 19:00:00+00:00,4014.37,4015.55,4014.36,4014.72,24.53,98488.0946
2025-10-12 19:30:00+00:00,4014.72,4014.76,4014.25,4014.71,30.802,123658.59428
2025-10-12 20:00:00+00:00,4014.71,4015.6,4012.96,4014.99,79.604,319560.77464
2025-10-12 20:30:00+00:00,4014.99,4015.6,4012.04,4015.51,57.555,231032.14286
2025-10-12 21:00:00+00:00,4015.51,4016.76,4015.51,4016.76,40.473,162539.89109
2025-10-12 21:30:00+00:00,4016.76,4016.8,4016.6,4016.61,48.539,194962.97316
2025-10-12 22:00:00+00:00,4016.61,4044.26,4013.69,4041.49,1812.699,7293252.17419
2025-10-12 22:30:00+00:00,4041.49,4043.07,4033.46,4043.07,460.726,1860573.00792
2025-10-12 23:00:00+00:00,4043.07,4060.45,4042.77,4051.01,661.815,2681791.89407
2025-10-12 23:30:00+00:00,4051.01,4051.18,4036.0,4037.06,313.781,1268615.53176
2025-10-13 00:00:00+00:00,4037.06,4042.9,4027.93,4042.29,303.64,1224683.83589
2025-10-13 00:30:00+00:00,4042.29,4058.46,4040.6,4044.6,182.715,739959.52186
2025-10-13 01:00:00+00:00,4044.6,4053.3,4039.01,4044.94,137.875,557663.95567
2025-10-13 01:30:00+00:00,4044.94,4054.96,4044.01,4054.55,116.072,470268.87779
2025-10-13 02:00:00+00:00,4054.55,4056.0,4046.67,4049.6,107.863,437053.80382
2025-10-13 02:30:00+00:00,4049.6,4052.55,4045.93,4051.06,88.172,356967.29143
2025-10-13 03:00:00+00:00,4051.06,4053.55,4048.55,4053.54,64.609,261755.1558
2025-10-13 03:30:00+00:00,4053.54,4058.23,4049.64,4054.79,143.566,581980.49277
2025-10-13 04:00:00+00:00,4054.79,4058.87,4053.46,4058.75,108.045,438348.82467
2025-10-13 04:30:00+00:00,4058.75,4061.85,4057.41,4059.05,198.616,806395.61486
2025-10-13 05:00:00+00:00,4059.05,4078.82,4059.0,4076.9,508.19,2069345.13999
2025-10-13 05:30:00+00:00,4076.9,4082.98,4068.05,4068.05,384.283,1566697.91281
2025-10-13 06:00:00+00:00,4068.05,4076.23,4065.53,4073.21,228.218,929082.60743
2025-10-13 06:30:00+00:00,4073.21,4077.56,4070.87,4073.09,150.207,611912.76229
2025-10-13 07:00:00+00:00,4073.09,4079.52,4070.86,4079.52,239.353,975518.08043
2025-10-13 07:30:00+00:00,4079.52,4081.62,4073.6,4075.14,229.981,937918.30208
2025-10-13 08:00:00+00:00,4075.14,4082.61,4073.39,4077.66,381.568,1556417.1344
2025-10-13 08:30:00+00:00,4077.66,4082.52,4075.0,4081.45,319.478,1303087.42512
2025-10-13 09:00:00+00:00,4081.45,4084.2,4075.94,4075.94,171.36,699108.20379
2025-10-13 09:30:00+00:00,4075.94,4084.95,4070.9,4082.09,354.807,1446896.228
2025-10-13 10:00:00+00:00,4082.09,4082.1,4076.73,4079.49,270.457,1103347.70074
2025-10-13 10:30:00+00:00,4079.49,4089.3,4078.9,4086.5,321.392,1313128.62504
2025-10-13 11:00:00+00:00,4086.5,4087.95,4081.39,4083.72,399.272,1630964.59653
2025-10-13 11:30:00+00:00,4083.72,4084.14,4077.56,4077.56,306.274,1249844.53172
2025-10-13 12:00:00+00:00,4077.56,4087.6,4075.95,4087.6,456.026,1861167.32841
2025-10-13 12:30:00+00:00,4087.6,4088.79,4078.85,4082.65,118.849,485308.92272
2025-10-13 13:00:00+00:00,4082.65,4095.0,4081.31,4094.3,289.06,1182154.58593
2025-10-13 13:30:00+00:00,4094.3,4099.7,4085.72,4099.2,498.144,2039107.48424
2025-10-13 14:00:00+00:00,4099.2,4103.6,4096.05,4098.23,614.98,2521152.51897
2025-10-13 14:30:00+00:00,4098.23,4106.65,4098.22,4102.14,306.056,1255626.41421
2025-10-13 15:00:00+00:00,4102.14,4104.65,4096.11,4096.89,362.749,1487446.44325
2025-10-13 15:30:00+00:00,4096.89,4107.5,4096.47,4105.8,812.426,3332351.99857
2025-10-13 16:00:00+00:00,4105.8,4116.33,4104.76,4109.86,488.181,2007076.3703
2025-10-13 16:30:00+00:00,4109.86,4112.5,4104.27,4106.63,427.217,1755106.77777
2025-10-13 17:00:00+00:00,4106.63,4116.84,4102.2,4114.99,364.478,1497866.34771
2025-10-13 17:30:00+00:00,4114.99,4115.66,4103.0,4106.8,285.993,1174732.49953
2025-10-13 18:00:00+00:00,4106.8,4108.27,4101.09,4105.71,335.15,1375596.37471
2025-10-13 18:30:00+00:00,4105.71,4107.23,4101.03,4101.69,140.623,577161.15793
2025-10-13 19:00:00+00:00,4101.69,4107.44,4092.14,4106.46,379.977,1557706.37588
2025-10-13 19:30:00+00:00,4106.46,4112.26,4103.06,4109.97,282.429,1159625.9913
2025-10-13 20:00:00+00:00,4109.97,4112.25,4108.17,4111.37,143.706,590650.75612
2025-10-13 20:30:00+00:00,4111.37,4113.51,4107.04,4110.34,184.55,758484.51994
2025-10-13 21:00:00+00:00,4110.34,4111.6,4109.35,4111.6,79.286,325892.69712
2025-10-13 21:30:00+00:00,4111.6,4113.49,4110.93,4113.04,50.265,206705.22381
2025-10-13 22:00:00+00:00,4113.04,4113.47,4108.35,4108.35,210.586,865891.61251
2025-10-13 22:30:00+00:00,4108.35,4114.3,4105.69,4114.29,101.573,417305.39939
2025-10-13 23:00:00+00:00,4114.29,4115.65,4112.48,4115.56,75.567,310917.2718
2025-10-13 23:30:00+00:00,4115.56,4133.5,4115.09,4130.0,599.619,2474746.13487
2025-10-14 00:00:00+00:00,4130.0,4132.45,4120.48,4129.36,478.481,1974460.47844
2025-10-14 00:30:00+00:00,4129.36,4134.23,4128.1,4129.07,215.133,888733.19874
2025-10-14 01:00:00+00:00,4129.07,4153.63,4127.01,4151.19,589.077,2440709.59409
2025-10-14 01:30:00+00:00,4151.19,4153.18,4137.25,4141.76,549.635,2277642.24164
2025-10-14 02:00:00+00:00,4141.76,4148.12,4141.76,4147.74,175.771,728711.87145
2025-10-14 02:30:00+00:00,4147.74,4156.06,4147.65,4150.3,408.18,1695079.77507
2025-10-14 03:00:00+00:00,4150.3,4165.0,4150.3,4163.1,570.311,2372255.91807
2025-10-14 03:30:00+00:00,4163.1,4175.85,4163.1,4170.61,544.557,2270534.83054
2025-10-14 04:00:00+00:00,4170.61,4176.83,4164.36,4172.15,762.732,3179839.30747
2025-10-14 04:30:00+00:00,4172.15,4176.79,4164.2,4176.5,536.29,2236605.81163
2025-10-14 05:00:00+00:00,4176.5,4188.84,4174.05,4187.0,602.481,2520713.19055
2025-10-14 05:30:00+00:00,4187.0,4188.18,4115.58,4127.44,2805.594,11633866.06084
2025-10-14 06:00:00+00:00,4127.44,4141.34,4096.92,4120.99,1459.731,6011459.08238
2025-10-14 06:30:00+00:00,4120.99,4121.6,4097.62,4121.07,1254.085,5156982.9105
2025-10-14 07:00:00+00:00,4121.07,4138.74,4111.01,4134.02,1022.026,4219322.41496
2025-10-14 07:30:00+00:00,4134.02,4136.6,4128.47,4135.5,498.511,2060242.18517
2025-10-14 08:00:00+00:00,4135.5,4153.34,4135.35,4153.3,610.347,2530054.91793
2025-10-14 08:30:00+00:00,4153.3,4153.3,4137.57,4149.4,493.033,2043747.4359
2025-10-14 09:00:00+00:00,4149.4,4149.41,4140.1,4142.66,628.334,2603542.30186
2025-10-14 09:30:00+00:00,4142.66,4145.94,4122.99,4129.76,627.876,2595781.07653
2025-10-14 10:00:00+00:00,4129.76,4141.2,4127.1,4140.46,329.302,1360899.77173
2025-10-14 10:30:00+00:00,4140.46,4144.86,4130.8,4134.49,331.192,1370851.0606
2025-10-14 11:00:00+00:00,4134.49,4141.21,4129.5,4134.65,228.252,943809.71612
2025-10-14 11:30:00+00:00,4134.65,4134.65,4127.89,4132.3,223.586,923696.98097
2025-10-14 12:00:00+00:00,4132.3,4136.0,4117.65,4119.91,415.829,1715829.05754
2025-10-14 12:30:00+00:00,4119.91,4120.58,4102.97,4106.54,758.157,3117080.22049
2025-10-14 13:00:00+00:00,4106.54,4122.45,4099.1,4112.15,890.884,3661632.52236
2025-10-14 13:30:00+00:00,4112.15,4130.34,4108.35,4125.29,670.349,2762645.94708
2025-10-14 14:00:00+00:00,4125.29,4138.64,4123.28,4133.89,674.096,2785218.85342
2025-10-14 14:30:00+00:00,4133.89,4137.5,4128.2,4130.7,567.78,2346471.66603
2025-10-14 15:00:00+00:00,4130.7,4142.24,4128.5,4139.55,510.381,2111536.18322
2025-10-14 15:30:00+00:00,4139.55,4143.77,4132.57,4138.89,433.834,1795602.60082
2025-10-14 16:00:00+00:00,4138.89,4141.95,4129.7,4134.59,708.213,2928424.6552
2025-10-14 16:30:00+00:00,4134.59,4157.5,4130.91,4141.35,792.574,3286922.83412
2025-10-14 17:00:00+00:00,4141.35,4158.39,4137.05,4150.64,1062.958,4411389.60559
2025-10-14 17:30:00+00:00,4150.64,4158.72,4148.49,4150.25,754.58,3134145.35328
2025-10-14 18:00:00+00:00,4150.25,4157.95,4147.41,4150.39,968.323,4021552.31728
2025-10-14 18:30:00+00:00,4150.39,4152.66,4148.85,4150.75,130.082,540007.92307
2025-10-14 19:00:00+00:00,4150.75,4153.79,4149.91,4152.56,122.731,509589.71282
2025-10-14 19:30:00+00:00,4152.56,4152.9,4136.28,4144.89,712.703,2953708.31048
2025-10-14 20:00:00+00:00,4144.89,4147.94,4142.59,4146.36,154.664,641200.24246
2025-10-14 20:30:00+00:00,4146.36,4147.11,4143.78,4143.78,76.881,318732.10731
2025-10-14 21:00:00+00:00,4143.78,4145.05,4142.35,4143.91,55.868,231479.76216
2025-10-14 21:30:00+00:00,4143.91,4148.62,4143.9,4147.41,41.14,170590.36673
2025-10-14 22:00:00+00:00,4147.41,4166.08,4143.08,4156.9,341.921,1421035.42876
2025-10-14 22:30:00+00:00,4156.9,4165.96,4154.15,4162.19,220.303,916976.70818
2025-10-14 23:00:00+00:00,4162.19,4168.18,4159.64,4168.17,114.582,477161.41191
2025-10-14 23:30:00+00:00,4168.17,4173.15,4166.63,4167.45,364.277,1519192.1343
2025-10-15 00:00:00+00:00,4167.45,4175.25,4160.47,4163.09,230.387,960498.23159
2025-10-15 00:30:00+00:00,4163.09,4173.27,4161.75,4168.2,116.178,484217.77406
2025-10-15 01:00:00+00:00,4168.2,4193.14,4168.2,4191.66,475.482,1990176.88459
2025-10-15 01:30:00+00:00,4191.66,4192.8,4181.53,4187.2,312.653,1308614.42832
2025-10-15 02:00:00+00:00,4187.2,4190.04,4184.09,4186.61,467.17,1956594.79976
2025-10-15 02:30:00+00:00,4186.61,4186.61,4172.28,4183.76,475.898,1987918.486
2025-10-15 03:00:00+00:00,4183.76,4192.0,4183.41,4189.25,288.485,1208417.3987
2025-10-15 03:30:00+00:00,4189.25,4197.04,4187.48,4192.76,303.364,1272158.66165
2025-10-15 04:00:00+00:00,4192.76,4193.45,4178.98,4183.19,614.291,2571876.28789
2025-10-15 04:30:00+00:00,4183.19,4187.81,4181.08,4186.1,369.997,1548631.52828
2025-10-15 05:00:00+00:00,4186.1,4199.2,4184.15,4197.8,680.498,2853630.7578
2025-10-15 05:30:00+00:00,4197.8,4199.5,4192.8,4194.45,359.817,1510086.2702
2025-10-15 06:00:00+00:00,4194.45,4204.55,4193.12,4199.38,537.151,2255495.92961
2025-10-15 06:30:00+00:00,4199.38,4211.0,4197.27,4211.0,580.715,2442429.24259
2025-10-15 07:00:00+00:00,4211.0,4211.75,4205.81,4208.99,263.232,1107969.86652
2025-10-15 07:30:00+00:00,4208.99,4220.03,4208.98,4218.53,593.255,2501137.20883
2025-10-15 08:00:00+00:00,4218.53,4231.99,4218.52,4221.51,1016.426,4293700.23052
2025-10-15 08:30:00+00:00,4221.51,4229.6,4218.28,4218.67,417.6,1763743.17339
2025-10-15 09:00:00+00:00,4218.67,4219.86,4171.24,4195.45,2088.995,8775787.99664
2025-10-15 09:30:00+00:00,4195.45,4203.87,4193.35,4195.81,607.54,2550003.76993
2025-10-15 10:00:00+00:00,4195.81,4209.33,4193.08,4204.7,525.289,2206624.15193
2025-10-15 10:30:00+00:00,4204.7,4207.07,4196.58,4207.07,485.878,2041850.1213
2025-10-15 11:00:00+00:00,4207.07,4207.89,4202.61,4207.02,236.359,994047.07695
2025-10-15 11:30:00+00:00,4207.02,4209.7,4201.36,4205.07,269.443,1133075.07246
2025-10-15 12:00:00+00:00,4205.07,4210.81,4187.38,4187.94,1107.566,4649988.94391
2025-10-15 12:30:00+00:00,4187.94,4197.07,4183.08,4194.95,587.95,2464073.45056
2025-10-15 13:00:00+00:00,4194.95,4200.82,4188.59,4196.5,417.296,1750505.06974
2025-10-15 13:30:00+00:00,4196.5,4199.8,4186.38,4195.35,525.657,2204767.1473
2025-10-15 14:00:00+00:00,4195.35,4214.54,4195.2,4211.0,859.011,3616156.25731
2025-10-15 14:30:00+00:00,4211.0,4212.28,4195.0,4202.2,672.063,2824442.94677
2025-10-15 15:00:00+00:00,4202.2,4206.19,4195.99,4204.21,260.514,1094521.86659
2025-10-15 15:30:00+00:00,4204.21,4206.25,4183.26,4194.01,1363.045,5720444.19883
2025-10-15 16:00:00+00:00,4194.01,4202.77,4189.13,4200.58,491.89,2063389.0893
2025-10-15 16:30:00+00:00,4200.58,4202.42,4193.95,4202.1,219.46,921601.12603
2025-10-15 17:00:00+00:00,4202.1,4202.29,4187.02,4192.28,384.161,1611135.51348
2025-10-15 17:30:00+00:00,4192.28,4200.85,4190.29,4200.85,239.822,1006225.80919
2025-10-15 18:00:00+00:00,4200.85,4206.0,4199.3,4200.36,232.263,976222.86856
2025-10-15 18:30:00+00:00,4200.36,4204.23,4198.61,4203.05,170.581,716655.84082
2025-10-15 19:00:00+00:00,4203.05,4215.84,4202.8,4213.69,428.68,1805079.08975
2025-10-15 19:30:00+00:00,4213.69,4215.05,4208.51,4212.61,288.862,1216743.77407
2025-10-15 20:00:00+00:00,4212.61,4216.88,4209.14,4210.9,344.888,1453348.4109
2025-10-15 20:30:00+00:00,4210.9,4214.55,4208.5,4210.01,214.295,902547.53843
2025-10-15 21:00:00+00:00,4210.01,4213.93,4207.05,4213.93,107.947,454462.32091
2025-10-15 21:30:00+00:00,4213.93,4214.98,4209.24,4212.66,153.074,644723.69492
2025-10-15 22:00:00+00:00,4212.66,4217.05,4202.39,4215.2,559.574,2357380.39509
2025-10-15 22:30:00+00:00,4215.2,4220.63,4213.6,4217.25,379.608,1601135.42401
2025-10-15 23:00:00+00:00,4217.25,4220.06,4212.64,4217.65,214.787,905573.4177
2025-10-15 23:30:00+00:00,4217.65,4217.65,4210.91,4214.49,242.51,1022115.26512
2025-10-16 00:00:00+00:00,4214.49,4233.14,4212.14,4232.4,641.878,2712113.31701
2025-10-16 00:30:00+00:00,4232.4,4238.8,4228.34,4228.69,1035.691,4384834.99076
2025-10-16 01:00:00+00:00,4228.69,4241.95,4226.03,4240.77,361.923,1532611.94388
2025-10-16 01:30:00+00:00,4240.77,4244.9,4237.04,4239.04,438.631,1859861.70065
2025-10-16 02:00:00+00:00,4239.04,4245.96,4239.03,4241.69,460.735,1955014.0581
2025-10-16 02:30:00+00:00,4241.69,4252.73,4237.71,4251.31,663.257,2815898.62129
2025-10-16 03:00:00+00:00,4251.31,4254.07,4245.51,4247.64,372.267,1582171.22952
2025-10-16 03:30:00+00:00,4247.64,4247.91,4240.73,4247.6,251.129,1065946.87481
2025-10-16 04:00:00+00:00,4247.6,4250.39,4243.9,4250.0,149.773,636094.96292
2025-10-16 04:30:00+00:00,4250.0,4250.01,4240.0,4243.72,405.927,1722778.95075
2025-10-16 05:00:00+00:00,4243.72,4245.71,4232.73,4233.18,611.234,2590855.18845
2025-10-16 05:30:00+00:00,4233.18,4233.32,4216.88,4217.6,755.338,3189492.42601
2025-10-16 06:00:00+00:00,4217.6,4237.15,4217.6,4233.65,526.687,2226864.54175
2025-10-16 06:30:00+00:00,4233.65,4236.59,4225.06,4231.15,288.828,1221895.31188
2025-10-16 07:00:00+00:00,4231.15,4244.0,4231.15,4244.0,404.102,1713100.36557
2025-10-16 07:30:00+00:00,4244.0,4244.0,4236.13,4240.5,392.606,1664874.2635
2025-10-16 08:00:00+00:00,4240.5,4246.05,4239.85,4240.0,324.569,1377151.50791
2025-10-16 08:30:00+00:00,4240.0,4240.25,4235.01,4237.64,673.491,2853827.71178
2025-10-16 09:00:00+00:00,4237.64,4239.91,4227.5,4228.07,249.56,1056587.63875
2025-10-16 09:30:00+00:00,4228.07,4245.0,4226.72,4242.1,559.506,2369177.22953
2025-10-16 10:00:00+00:00,4242.1,4247.21,4239.93,4240.35,318.523,1351517.71094
2025-10-16 10:30:00+00:00,4240.35,4249.29,4238.49,4247.71,339.188,1439547.20002
2025-10-16 11:00:00+00:00,4247.71,4249.3,4244.45,4248.2,317.831,1349787.09114
2025-10-16 11:30:00+00:00,4248.2,4250.13,4245.0,4245.69,354.587,1506272.97171
2025-10-16 12:00:00+00:00,4245.69,4248.0,4238.99,4241.11,398.715,1691901.80015
2025-10-16 12:30:00+00:00,4241.11,4253.45,4233.34,4239.11,832.002,3528587.75396
2025-10-16 13:00:00+00:00,4239.11,4258.61,4238.96,4255.66,606.703,2579299.2181
2025-10-16 13:30:00+00:00,4255.66,4262.96,4249.28,4251.2,620.275,2640377.212
2025-10-16 14:00:00+00:00,4251.2,4268.94,4249.8,4265.98,703.547,2999671.98607
2025-10-16 14:30:00+00:00,4265.98,4271.31,4260.33,4267.01,665.656,2839983.61301
2025-10-16 15:00:00+00:00,4267.01,4276.59,4266.0,4274.51,563.983,2409979.71806
2025-10-16 15:30:00+00:00,4274.51,4278.58,4270.61,4275.45,657.661,2810780.4829
2025-10-16 16:00:00+00:00,4275.45,4293.33,4272.24,4292.41,831.963,3563374.21905
2025-10-16 16:30:00+00:00,4292.41,4293.33,4264.0,4285.98,1284.925,5497633.51662
2025-10-16 17:00:00+00:00,4285.98,4297.74,4283.91,4292.55,696.78,2990505.04524
2025-10-16 17:30:00+00:00,4292.55,4301.0,4290.92,4296.75,650.467,2794719.31133
2025-10-16 18:00:00+00:00,4296.75,4296.93,4276.0,4289.22,755.043,3237702.83988
2025-10-16 18:30:00+00:00,4289.22,4296.99,4288.08,4294.15,239.611,1028793.22769
2025-10-16 19:00:00+00:00,4294.15,4301.27,4291.73,4299.26,532.8,2289497.70649
2025-10-16 19:30:00+00:00,4299.26,4317.83,4294.12,4310.71,741.323,3190693.40179
2025-10-16 20:00:00+00:00,4310.71,4327.21,4310.71,4321.2,864.936,3737608.77622
2025-10-16 20:30:00+00:00,4321.2,4335.35,4316.43,4331.95,1113.129,4816651.17446
2025-10-16 21:00:00+00:00,4331.95,4339.84,4327.42,4336.96,524.922,2274993.30265
2025-10-16 21:30:00+00:00,4336.96,4339.09,4323.07,4331.55,461.579,1999078.10818
2025-10-16 22:00:00+00:00,4331.55,4383.59,4331.55,4378.18,4955.877,21612390.15063
2025-10-16 22:30:00+00:00,4378.18,4379.01,4351.03,4353.95,1504.263,6565773.18802
2025-10-16 23:00:00+00:00,4353.95,4376.8,4351.25,4374.81,1066.261,4656452.10019
2025-10-16 23:30:00+00:00,4374.81,4389.72,4361.68,4379.99,1148.253,5027181.60173
2025-10-17 00:00:00+00:00,4379.99,4384.41,4367.18,4369.84,1354.721,5925275.55218
2025-10-17 00:30:00+00:00,4369.84,4382.07,4361.8,4371.0,648.898,2837395.10762
2025-10-17 01:00:00+00:00,4371.0,4372.3,4319.92,4347.45,1727.924,7508366.11139
2025-10-17 01:30:00+00:00,4347.45,4350.82,4294.36,4323.92,1993.874,8607737.20321
2025-10-17 02:00:00+00:00,4323.92,4349.41,4321.69,4344.99,983.515,4266196.56373
2025-10-17 02:30:00+00:00,4344.99,4362.05,4344.99,4357.77,593.389,2583971.95345
2025-10-17 03:00:00+00:00,4357.77,4375.28,4352.86,4367.25,605.939,2645431.42102
2025-10-17 03:30:00+00:00,4367.25,4380.0,4366.59,4379.26,386.337,1689121.68723
2025-10-17 04:00:00+00:00,4379.26,4392.62,4370.56,4374.7,1126.949,4938242.28387
2025-10-17 04:30:00+00:00,4374.7,4390.55,4371.83,4389.95,660.426,2892209.16156
2025-10-17 05:00:00+00:00,4389.95,4395.0,4372.0,4374.45,837.936,3673012.86421
2025-10-17 05:30:00+00:00,4374.45,4388.76,4363.72,4384.75,857.141,3754254.94653
2025-10-17 06:00:00+00:00,4384.75,4389.42,4371.54,4378.44,703.053,3079732.48751
2025-10-17 06:30:00+00:00,4378.44,4379.26,4361.6,4371.2,1461.183,6389101.02043
2025-10-17 07:00:00+00:00,4371.2,4374.0,4342.5,4350.18,1624.389,7082654.9092
2025-10-17 07:30:00+00:00,4350.18,4362.4,4336.81,4348.05,1512.288,6575149.08047
2025-10-17 08:00:00+00:00,4348.05,4359.16,4329.0,4347.05,1342.29,5831131.46687
2025-10-17 08:30:00+00:00,4347.05,4356.0,4337.83,4354.76,1126.327,4897143.17373
2025-10-17 09:00:00+00:00,4354.76,4357.76,4336.96,4339.16,782.372,3400956.32761
2025-10-17 09:30:00+00:00,4339.16,4347.9,4335.04,4344.45,1198.15,5202345.37407
2025-10-17 10:00:00+00:00,4344.45,4348.57,4341.08,4346.86,631.38,2743670.46706
2025-10-17 10:30:00+00:00,4346.86,4349.66,4323.18,4331.52,1328.593,5757238.21353
2025-10-17 11:00:00+00:00,4331.52,4339.11,4323.6,4327.39,1003.134,4345300.43381
2025-10-17 11:30:00+00:00,4327.39,4328.05,4281.65,4283.55,2755.343,11858746.51812
2025-10-17 12:00:00+00:00,4283.55,4318.49,4267.5,4295.45,2520.031,10820051.75365
2025-10-17 12:30:00+00:00,4295.45,4322.82,4292.51,4319.8,867.554,3741978.85538
2025-10-17 13:00:00+00:00,4319.8,4320.67,4305.0,4320.59,474.027,2044653.98078
2025-10-17 13:30:00+00:00,4320.59,4320.59,4257.25,4274.12,2319.935,9927385.68011
2025-10-17 14:00:00+00:00,4274.12,4274.12,4208.5,4233.79,4425.948,18733405.38035
2025-10-17 14:30:00+00:00,4233.79,4262.87,4227.45,4244.45,1563.91,6640595.86904
2025-10-17 15:00:00+00:00,4244.45,4255.0,4228.0,4242.76,789.272,3347512.036
2025-10-17 15:30:00+00:00,4242.76,4254.55,4234.12,4235.45,682.363,2899081.91882
2025-10-17 16:00:00+00:00,4235.45,4242.65,4214.26,4215.55,1204.081,5093537.2205
2025-10-17 16:30:00+00:00,4215.55,4217.98,4192.23,4195.63,1831.185,7699290.34501
2025-10-17 17:00:00+00:00,4195.63,4205.75,4171.51,4191.71,1924.051,8055764.50741
2025-10-17 17:30:00+00:00,4191.71,4221.04,4187.61,4213.41,581.972,2450097.5443
2025-10-17 18:00:00+00:00,4213.41,4240.0,4211.46,4239.35,956.582,4046586.37392
2025-10-17 18:30:00+00:00,4239.35,4240.0,4229.01,4232.0,305.654,1294500.94921
2025-10-17 19:00:00+00:00,4232.0,4234.33,4208.81,4211.11,452.065,1907541.35299
2025-10-17 19:30:00+00:00,4211.11,4224.98,4211.11,4220.36,316.342,1334564.62146
2025-10-17 20:00:00+00:00,4220.36,4239.02,4213.76,4239.02,333.735,1410604.27179
2025-10-17 20:30:00+00:00,4239.02,4249.8,4238.35,4249.8,318.944,1353132.27823
2025-10-17 21:00:00+00:00,4249.8,4258.14,4243.47,4244.01,428.392,1821580.01353
2025-10-17 21:30:00+00:00,4244.01,4255.0,4241.57,4252.86,234.016,994312.63439
2025-10-17 22:00:00+00:00,4252.86,4255.56,4247.35,4248.49,279.037,1186497.61995
2025-10-17 22:30:00+00:00,4248.49,4257.42,4242.5,4250.55,507.92,2160033.42631
2025-10-17 23:00:00+00:00,4250.55,4256.83,4247.53,4248.59,232.253,987297.41881
2025-10-17 23:30:00+00:00,4248.59,4248.79,4230.67,4234.55,860.922,3649166.543
2025-10-18 00:00:00+00:00,4234.55,4248.68,4234.46,4242.25,163.46,693633.1583
2025-10-18 00:30:00+00:00,4242.25,4243.51,4240.01,4240.15,156.712,664621.31524
2025-10-18 01:00:00+00:00,4240.15,4243.33,4240.0,4240.01,120.099,509297.82915
2025-10-18 01:30:00+00:00,4240.01,4245.94,4238.99,4238.99,196.329,832717.99656
2025-10-18 02:00:00+00:00,4238.99,4247.49,4236.43,4247.49,211.401,896349.31954
2025-10-18 02:30:00+00:00,4247.49,4250.76,4241.31,4245.72,154.817,657283.27773
2025-10-18 03:00:00+00:00,4245.72,4247.91,4240.36,4241.02,101.64,431387.25933
2025-10-18 03:30:00+00:00,4241.02,4245.71,4240.21,4245.71,84.763,359498.92268
2025-10-18 04:00:00+00:00,4245.71,4247.8,4240.35,4247.36,180.989,767953.86359
2025-10-18 04:30:00+00:00,4247.36,4252.48,4247.07,4247.08,197.644,840021.06973
2025-10-18 05:00:00+00:00,4247.08,4250.16,4241.32,4248.16,115.633,490965.68544
2025-10-18 05:30:00+00:00,4248.16,4248.16,4241.08,4243.09,51.908,220291.96721
2025-10-18 06:00:00+00:00,4243.09,4244.69,4240.8,4240.88,57.391,243436.86348
2025-10-18 06:30:00+00:00,4240.88,4243.1,4239.0,4239.0,137.589,583311.07548
2025-10-18 07:00:00+00:00,4239.0,4239.01,4225.57,4234.54,540.026,2285733.68544
2025-10-18 07:30:00+00:00,4234.54,4237.68,4232.67,4233.83,119.479,505892.71847
2025-10-18 08:00:00+00:00,4233.83,4241.25,4232.74,4238.11,186.542,790701.51748
2025-10-18 08:30:00+00:00,4238.11,4240.9,4234.52,4234.95,130.661,553718.28877
2025-10-18 09:00:00+00:00,4234.95,4235.93,4230.0,4235.55,250.945,1062191.40641
2025-10-18 09:30:00+00:00,4235.55,4244.1,4235.55,4238.21,224.816,953233.17379
2025-10-18 10:00:00+00:00,4238.21,4238.82,4234.89,4237.5,152.526,646308.25974
2025-10-18 10:30:00+00:00,4237.5,4241.29,4235.2,4235.56,122.873,520746.57376
2025-10-18 11:00:00+00:00,4235.56,4239.17,4235.55,4235.55,70.993,300826.1373
2025-10-18 11:30:00+00:00,4235.55,4235.85,4234.42,4234.43,42.911,181738.79567
2025-10-18 12:00:00+00:00,4234.43,4236.9,4234.02,4236.49,107.686,456134.15111
2025-10-18 12:30:00+00:00,4236.49,4238.45,4234.35,4234.51,110.543,468261.04103
2025-10-18 13:00:00+00:00,4234.51,4236.3,4234.42,4236.29,55.714,235944.65655
2025-10-18 13:30:00+00:00,4236.29,4240.35,4234.48,4239.68,85.413,361913.51599
2025-10-18 14:00:00+00:00,4239.68,4241.79,4236.79,4238.8,170.858,724390.08186
2025-10-18 14:30:00+00:00,4238.8,4242.13,4234.48,4235.04,192.836,817406.32098
2025-10-18 15:00:00+00:00,4235.04,4238.58,4235.03,4236.99,65.433,277239.20641
2025-10-18 15:30:00+00:00,4236.99,4239.46,4234.24,4239.32,121.879,516298.54509
2025-10-18 16:00:00+00:00,4239.32,4241.1,4236.6,4236.61,61.535,260863.77382
2025-10-18 16:30:00+00:00,4236.61,4240.22,4235.67,4240.22,90.393,383009.72174
2025-10-18 17:00:00+00:00,4240.22,4250.0,4237.33,4249.4,391.333,1661251.60581
2025-10-18 17:30:00+00:00,4249.4,4252.26,4247.51,4251.5,161.128,684940.18981
2025-10-18 18:00:00+00:00,4251.5,4252.31,4247.7,4249.03,93.764,398525.34062
2025-10-18 18:30:00+00:00,4249.03,4253.28,4249.03,4252.65,106.386,452365.30226
2025-10-18 19:00:00+00:00,4252.65,4253.56,4249.68,4253.56,105.502,448631.85794
2025-10-18 19:30:00+00:00,4253.56,4255.53,4253.55,4255.29,426.528,1814689.13004
2025-10-18 20:00:00+00:00,4255.29,4256.0,4254.5,4255.55,172.179,732686.15258
2025-10-18 20:30:00+00:00,4255.55,4255.64,4241.75,4241.75,313.84,1333317.62514
2025-10-18 21:00:00+00:00,4241.75,4241.75,4237.08,4240.6,253.297,1073816.44931
2025-10-18 21:30:00+00:00,4240.6,4240.6,4235.25,4238.99,216.701,918203.31575
2025-10-18 22:00:00+00:00,4238.99,4240.54,4236.09,4237.7,157.323,666758.71168
2025-10-18 22:30:00+00:00,4237.7,4247.1,4237.7,4247.06,135.486,574835.50499
2025-10-18 23:00:00+00:00,4247.06,4249.99,4237.15,4238.25,193.233,819770.39316
2025-10-18 23:30:00+00:00,4238.25,4239.58,4236.91,4237.04,229.842,974040.67211
2025-10-19 00:00:00+00:00,4237.04,4243.26,4237.04,4240.47,149.551,634085.08878
2025-10-19 00:30:00+00:00,4240.47,4245.21,4238.65,4244.86,95.635,405584.66321
2025-10-19 01:00:00+00:00,4244.86,4245.72,4239.01,4241.7,113.115,479794.73706
2025-10-19 01:30:00+00:00,4241.7,4246.32,4241.25,4245.39,163.562,694095.66739
2025-10-19 02:00:00+00:00,4245.39,4246.91,4244.0,4246.86,111.495,473381.83118
2025-10-19 02:30:00+00:00,4246.86,4247.58,4243.18,4246.77,37.64,159800.62723
2025-10-19 03:00:00+00:00,4246.77,4247.83,4235.91,4235.91,281.577,1193349.89937
2025-10-19 03:30:00+00:00,4235.91,4240.7,4235.91,4240.25,52.612,222989.48757
2025-10-19 04:00:00+00:00,4240.25,4244.41,4238.97,4244.4,103.889,440546.55679
2025-10-19 04:30:00+00:00,4244.4,4244.41,4239.76,4243.7,43.439,184289.81785
2025-10-19 05:00:00+00:00,4243.7,4243.71,4237.77,4238.22,50.07,212308.4688
2025-10-19 05:30:00+00:00,4238.22,4241.6,4238.22,4239.19,53.714,227709.25569
2025-10-19 06:00:00+00:00,4239.19,4241.6,4239.19,4241.59,63.761,270369.58027
2025-10-19 06:30:00+00:00,4241.59,4241.59,4239.19,4240.05,135.02,572454.88181
2025-10-19 07:00:00+00:00,4240.05,4240.05,4238.35,4238.9,88.095,373430.49175
2025-10-19 07:30:00+00:00,4238.9,4240.8,4237.66,4237.85,127.514,540493.61972
2025-10-19 08:00:00+00:00,4237.85,4238.55,4235.11,4235.11,202.132,856393.46439
2025-10-19 08:30:00+00:00,4235.11,4239.04,4235.06,4237.01,115.475,489195.60617
2025-10-19 09:00:00+00:00,4237.01,4237.05,4235.0,4236.61,157.663,667807.0139
2025-10-19 09:30:00+00:00,4236.61,4246.19,4236.6,4246.0,189.786,805057.82287
2025-10-19 10:00:00+00:00,4246.0,4246.1,4240.84,4242.36,192.867,818367.35529
2025-10-19 10:30:00+00:00,4242.36,4242.37,4236.97,4239.37,206.296,874645.20435
2025-10-19 11:00:00+00:00,4239.37,4239.37,4237.61,4238.69,175.009,741764.28935
2025-10-19 11:30:00+00:00,4238.69,4242.68,4237.58,4237.58,248.048,1051843.00937
2025-10-19 12:00:00+00:00,4237.58,4242.0,4237.58,4240.31,83.845,355404.70458
2025-10-19 12:30:00+00:00,4240.31,4241.9,4235.34,4238.99,143.118,606634.29731
2025-10-19 13:00:00+00:00,4238.99,4244.48,4238.99,4243.25,101.075,428763.01375
2025-10-19 13:30:00+00:00,4243.25,4245.22,4242.91,4244.35,150.616,639258.71774
2025-10-19 14:00:00+00:00,4244.35,4244.35,4239.2,4239.2,135.205,573475.15403
2025-10-19 14:30:00+00:00,4239.2,4241.0,4238.0,4238.0,109.124,462580.32951
2025-10-19 15:00:00+00:00,4238.0,4238.01,4234.33,4235.7,231.738,981764.47287
2025-10-19 15:30:00+00:00,4235.7,4238.91,4235.69,4238.9,91.299,386883.82086
2025-10-19 16:00:00+00:00,4238.9,4243.86,4238.45,4241.82,103.739,439941.72001
2025-10-19 16:30:00+00:00,4241.82,4244.75,4241.54,4243.47,103.628,439700.76619
2025-10-19 17:00:00+00:00,4243.47,4244.2,4239.35,4239.44,132.044,560163.78792
2025-10-19 17:30:00+00:00,4239.44,4239.44,4237.27,4237.83,119.392,505987.88436
2025-10-19 18:00:00+00:00,4237.83,4239.65,4236.58,4237.56,114.854,486715.40019
2025-10-19 18:30:00+00:00,4237.56,4240.52,4234.33,4234.62,152.701,646937.98368
2025-10-19 19:00:00+00:00,4234.62,4239.94,4230.44,4234.9,404.438,1712388.7009
2025-10-19 19:30:00+00:00,4234.9,4241.88,4234.45,4239.51,149.279,632769.45903
2025-10-19 20:00:00+00:00,4239.51,4242.14,4236.85,4242.14,69.371,294093.77403
2025-10-19 20:30:00+00:00,4242.14,4242.15,4239.21,4241.06,57.251,242813.82611
2025-10-19 21:00:00+00:00,4241.06,4241.1,4237.7,4241.1,79.353,336425.67926
2025-10-19 21:30:00+00:00,4241.1,4241.1,4237.75,4237.83,75.77,321219.73777
2025-10-19 22:00:00+00:00,4237.83,4254.53,4237.83,4250.0,1181.323,5017538.48333
2025-10-19 22:30:00+00:00,4250.0,4250.41,4237.38,4247.19,363.335,1542206.55335
2025-10-19 23:00:00+00:00,4247.19,4248.8,4230.04,4237.86,336.212,1425042.41682
2025-10-19 23:30:00+00:00,4237.86,4240.75,4225.72,4230.35,301.953,1278612.79966
2025-10-20 00:00:00+00:00,4230.35,4232.72,4205.65,4209.36,958.139,4042241.50752
2025-10-20 00:30:00+00:00,4209.36,4240.88,4209.36,4239.56,313.313,1324455.58832
2025-10-20 01:00:00+00:00,4239.56,4249.0,4216.52,4249.0,401.435,1698663.251
2025-10-20 01:30:00+00:00,4249.0,4259.76,4243.04,4253.39,471.231,2003376.67586
2025-10-20 02:00:00+00:00,4253.39,4257.37,4249.46,4257.37,254.185,1081110.83249
2025-10-20 02:30:00+00:00,4257.37,4263.32,4243.62,4244.8,453.873,1931340.8857
2025-10-20 03:00:00+00:00,4244.8,4253.07,4242.5,4245.95,177.466,753555.6952
2025-10-20 03:30:00+00:00,4245.95,4255.55,4240.01,4255.21,294.109,1249886.60985
2025-10-20 04:00:00+00:00,4255.21,4257.25,4250.89,4255.89,296.274,1260346.8556
2025-10-20 04:30:00+00:00,4255.89,4261.25,4254.92,4259.59,244.59,1041802.4183
2025-10-20 05:00:00+00:00,4259.59,4260.14,4241.15,4247.99,365.655,1554665.00351
2025-10-20 05:30:00+00:00,4247.99,4251.63,4230.55,4230.55,414.113,1756154.59993
2025-10-20 06:00:00+00:00,4230.55,4238.0,4220.23,4220.23,519.046,2194943.97461
2025-10-20 06:30:00+00:00,4220.23,4232.27,4214.41,4228.16,371.444,1569422.95285
2025-10-20 07:00:00+00:00,4228.16,4249.54,4227.05,4245.8,346.961,1471765.30616
2025-10-20 07:30:00+00:00,4245.8,4249.0,4241.37,4248.12,226.179,960357.26916
2025-10-20 08:00:00+00:00,4248.12,4253.4,4245.91,4251.22,241.117,1024632.48894
2025-10-20 08:30:00+00:00,4251.22,4255.0,4241.31,4249.21,359.225,1526207.15487
2025-10-20 09:00:00+00:00,4249.21,4250.17,4240.26,4244.44,179.564,762098.68134
2025-10-20 09:30:00+00:00,4244.44,4253.5,4243.25,4251.28,317.257,1348056.92311
2025-10-20 10:00:00+00:00,4251.28,4251.28,4235.65,4247.79,373.94,1586625.93508
2025-10-20 10:30:00+00:00,4247.79,4249.86,4242.86,4245.79,286.166,1215447.99779
2025-10-20 11:00:00+00:00,4245.79,4252.57,4241.96,4252.57,154.124,654626.30461
2025-10-20 11:30:00+00:00,4252.57,4267.5,4249.36,4267.31,323.964,1379898.4452
2025-10-20 12:00:00+00:00,4267.31,4290.89,4262.96,4286.76,1268.528,5425872.19056
2025-10-20 12:30:00+00:00,4286.76,4319.99,4285.33,4318.39,1155.947,4978421.51475
2025-10-20 13:00:00+00:00,4318.39,4318.7,4306.28,4312.31,874.448,3771856.20566
2025-10-20 13:30:00+00:00,4312.31,4312.59,4288.11,4290.18,1447.74,6225067.22867
2025-10-20 14:00:00+00:00,4290.18,4321.39,4281.36,4313.09,1256.102,5402448.26515
2025-10-20 14:30:00+00:00,4313.09,4326.4,4306.75,4324.08,868.377,3750813.17256
2025-10-20 15:00:00+00:00,4324.08,4347.98,4323.73,4336.71,1303.82,5654721.56473
2025-10-20 15:30:00+00:00,4336.71,4343.0,4336.1,4341.57,692.473,3005320.97227
2025-10-20 16:00:00+00:00,4341.57,4343.69,4331.59,4337.1,847.876,3678384.12081
2025-10-20 16:30:00+00:00,4337.1,4344.63,4333.87,4342.2,452.457,1963258.2625
2025-10-20 17:00:00+00:00,4342.2,4345.69,4330.61,4334.32,669.943,2906477.74191
2025-10-20 17:30:00+00:00,4334.32,4343.63,4328.72,4341.86,407.248,1765620.49366
2025-10-20 18:00:00+00:00,4341.86,4351.51,4339.06,4351.21,376.357,1635123.57399
2025-10-20 18:30:00+00:00,4351.21,4359.88,4349.03,4356.77,609.473,2654489.80833
2025-10-20 19:00:00+00:00,4356.77,4365.74,4356.3,4365.05,456.115,1990052.61522
2025-10-20 19:30:00+00:00,4365.05,4379.31,4363.19,4376.3,910.152,3978387.9338
2025-10-20 20:00:00+00:00,4376.3,4378.04,4343.12,4352.61,1524.248,6644074.92103
2025-10-20 20:30:00+00:00,4352.61,4358.0,4346.67,4354.96,352.807,1536041.66843
2025-10-20 21:00:00+00:00,4354.96,4357.07,4345.01,4354.94,273.802,1190995.21389
2025-10-20 21:30:00+00:00,4354.94,4360.66,4352.0,4357.67,122.424,533485.66279
2025-10-20 22:00:00+00:00,4357.67,4371.48,4352.0,4369.2,536.112,2339349.4368
2025-10-20 22:30:00+00:00,4369.2,4369.2,4356.07,4363.38,252.367,1100979.04106
2025-10-20 23:00:00+00:00,4363.38,4370.0,4359.7,4360.64,118.22,516079.02974
2025-10-20 23:30:00+00:00,4360.64,4361.32,4355.01,4357.29,139.373,607308.13487
2025-10-21 00:00:00+00:00,4357.29,4366.39,4355.01,4366.37,216.446,943825.12457
2025-10-21 00:30:00+00:00,4366.37,4369.86,4361.81,4366.51,139.449,608857.70821
2025-10-21 01:00:00+00:00,4366.51,4368.18,4347.61,4348.14,310.154,1351147.92333
2025-10-21 01:30:00+00:00,4348.14,4348.14,4331.06,4344.97,595.889,2586396.44535
2025-10-21 02:00:00+00:00,4344.97,4352.16,4336.15,4345.84,346.889,1506457.06112
2025-10-21 02:30:00+00:00,4345.84,4346.71,4332.46,4335.35,251.92,1092711.9982
2025-10-21 03:00:00+00:00,4335.35,4346.04,4335.05,4346.04,174.384,756847.51336
2025-10-21 03:30:00+00:00,4346.04,4347.45,4340.93,4343.69,112.565,489073.20567
2025-10-21 04:00:00+00:00,4343.69,4343.89,4337.22,4337.46,150.07,651262.05978
2025-10-21 04:30:00+00:00,4337.46,4339.28,4330.24,4336.97,628.17,2723481.55362
2025-10-21 05:00:00+00:00,4336.97,4339.34,4319.96,4323.99,922.545,3990915.75743
2025-10-21 05:30:00+00:00,4323.99,4324.0,4307.79,4313.82,944.597,4076020.01068
2025-10-21 06:00:00+00:00,4313.82,4323.22,4308.7,4316.1,331.761,1431976.88927
2025-10-21 06:30:00+00:00,4316.1,4338.37,4314.75,4336.3,296.19,1282222.2082
2025-10-21 07:00:00+00:00,4336.3,4337.55,4317.21,4319.65,324.662,1404339.11665
2025-10-21 07:30:00+00:00,4319.65,4319.65,4285.0,4291.85,1325.907,5696151.01009
2025-10-21 08:00:00+00:00,4291.85,4293.35,4240.0,4260.76,1885.217,8033460.62698
2025-10-21 08:30:00+00:00,4260.76,4270.31,4256.51,4269.3,1052.311,4485606.99395
2025-10-21 09:00:00+00:00,4269.3,4272.84,4246.65,4264.84,835.531,3558208.19555
2025-10-21 09:30:00+00:00,4264.84,4270.59,4258.05,4259.93,273.971,1168555.45306
2025-10-21 10:00:00+00:00,4259.93,4262.03,4244.88,4259.23,540.025,2296463.29229
2025-10-21 10:30:00+00:00,4259.23,4259.75,4247.88,4247.88,338.977,1442011.93253
2025-10-21 11:00:00+00:00,4247.88,4267.92,4246.67,4263.12,406.36,1730512.08476
2025-10-21 11:30:00+00:00,4263.12,4263.12,4242.5,4249.01,424.349,1805204.67272
2025-10-21 12:00:00+00:00,4249.01,4254.29,4215.0,4224.85,1683.409,7116309.24884
2025-10-21 12:30:00+00:00,4224.85,4225.74,4202.28,4206.56,1157.472,4875503.26553
2025-10-21 13:00:00+00:00,4206.56,4207.34,4186.5,4198.0,1667.527,7000700.38335
2025-10-21 13:30:00+00:00,4198.0,4222.09,4160.91,4171.65,1823.46,7635638.91624
2025-10-21 14:00:00+00:00,4171.65,4184.96,4127.14,4133.24,2712.985,11279595.81151
2025-10-21 14:30:00+00:00,4133.24,4137.4,4079.4,4135.65,4955.564,20375013.46418
2025-10-21 15:00:00+00:00,4135.65,4148.83,4117.33,4120.42,1971.089,8143902.95762
2025-10-21 15:30:00+00:00,4120.42,4144.98,4119.77,4132.94,1614.033,6672033.23236
2025-10-21 16:00:00+00:00,4132.94,4136.86,4111.63,4114.2,1306.703,5390253.3501
2025-10-21 16:30:00+00:00,4114.2,4123.79,4096.71,4110.55,1324.014,5441820.9086
2025-10-21 17:00:00+00:00,4110.55,4117.84,4090.84,4090.84,1250.746,5134584.58032
2025-10-21 17:30:00+00:00,4090.84,4117.15,4090.84,4109.15,556.598,2286497.078
2025-10-21 18:00:00+00:00,4109.15,4123.13,4108.43,4115.19,470.612,1936675.79447
2025-10-21 18:30:00+00:00,4115.19,4126.02,4105.04,4114.74,636.663,2621582.89522
2025-10-21 19:00:00+00:00,4114.74,4122.14,4099.69,4102.61,533.154,2190122.81262
2025-10-21 19:30:00+00:00,4102.61,4109.99,4099.69,4105.89,327.358,1343787.4742
2025-10-21 20:00:00+00:00,4105.89,4122.75,4104.3,4119.48,436.477,1796691.35181
2025-10-21 20:30:00+00:00,4119.48,4130.32,4118.81,4124.02,379.704,1566877.44004
2025-10-21 21:00:00+00:00,4124.02,4129.46,4121.02,4129.46,214.805,886237.80514
2025-10-21 21:30:00+00:00,4129.46,4130.38,4122.69,4129.38,173.107,714554.79539
2025-10-21 22:00:00+00:00,4129.38,4130.44,4114.11,4125.2,566.856,2337618.3907
2025-10-21 22:30:00+00:00,4125.2,4127.2,4119.74,4121.32,734.291,3028096.28271
2025-10-21 23:00:00+00:00,4121.32,4129.6,4115.16,4125.55,430.582,1774974.13321
2025-10-21 23:30:00+00:00,4125.55,4128.74,4091.4,4094.68,666.36,2736253.46587
2025-10-22 00:00:00+00:00,4094.68,4095.14,4008.83,4049.9,4371.697,17693834.41425
2025-10-22 00:30:00+00:00,4049.9,4090.42,4041.9,4075.76,1133.922,4620035.36009
2025-10-22 01:00:00+00:00,4075.76,4120.14,4064.86,4101.9,1434.016,5883943.132
2025-10-22 01:30:00+00:00,4101.9,4110.0,4086.06,4088.46,647.855,2654816.4421
2025-10-22 02:00:00+00:00,4088.46,4118.97,4088.46,4112.21,519.073,2133269.70373
2025-10-22 02:30:00+00:00,4112.21,4118.66,4104.47,4116.37,319.276,1313217.2523
2025-10-22 03:00:00+00:00,4116.37,4123.94,4110.34,4120.02,397.654,1636732.24957
2025-10-22 03:30:00+00:00,4120.02,4149.73,4119.56,4131.1,1463.942,6056418.05314
2025-10-22 04:00:00+00:00,4131.1,4136.93,4112.41,4129.65,683.073,2818899.04671
2025-10-22 04:30:00+00:00,4129.65,4135.63,4122.64,4129.83,381.55,1576515.9175
2025-10-22 05:00:00+00:00,4129.83,4150.49,4129.78,4145.2,517.197,2143109.55212
2025-10-22 05:30:00+00:00,4145.2,4149.95,4137.02,4139.07,568.006,2352620.19509
2025-10-22 06:00:00+00:00,4139.07,4145.48,4131.54,4143.36,711.698,2943978.68297
2025-10-22 06:30:00+00:00,4143.36,4164.16,4143.36,4158.0,724.663,3011447.12396
2025-10-22 07:00:00+00:00,4158.0,4158.2,4133.2,4144.65,980.394,4061002.86326
2025-10-22 07:30:00+00:00,4144.65,4148.93,4130.01,4132.46,426.815,1766671.15919
2025-10-22 08:00:00+00:00,4132.46,4135.67,4057.06,4102.25,3545.834,14518389.13781
2025-10-22 08:30:00+00:00,4102.25,4108.69,4067.85,4067.95,1227.903,5021752.87703
2025-10-22 09:00:00+00:00,4067.95,4103.03,4064.49,4074.19,1198.786,4894115.34506
2025-10-22 09:30:00+00:00,4074.19,4080.28,4060.75,4069.45,513.139,2087952.79508
2025-10-22 10:00:00+00:00,4069.45,4083.68,4060.48,4083.18,862.886,3512858.55376
2025-10-22 10:30:00+00:00,4083.18,4091.47,4025.46,4035.85,1504.647,6097217.59984
2025-10-22 11:00:00+00:00,4035.85,4045.81,4017.72,4022.46,1376.724,5550899.3684
2025-10-22 11:30:00+00:00,4022.46,4033.07,4013.17,4029.1,1234.319,4965535.62475
2025-10-22 12:00:00+00:00,4029.1,4047.26,4028.97,4044.78,1081.29,4365284.36497
2025-10-22 12:30:00+00:00,4044.78,4055.79,4027.46,4035.41,1236.48,5000862.48704
2025-10-22 13:00:00+00:00,4035.41,4070.66,4035.41,4052.95,1233.174,5007692.12707
2025-10-22 13:30:00+00:00,4052.95,4084.83,4047.75,4076.93,821.921,3345384.88518
2025-10-22 14:00:00+00:00,4076.93,4078.14,4046.77,4054.9,1099.262,4463738.40636
2025-10-22 14:30:00+00:00,4054.9,4056.79,4013.17,4017.09,1295.513,5215582.34368
2025-10-22 15:00:00+00:00,4017.09,4046.84,4017.09,4030.88,731.347,2950883.94542
2025-10-22 15:30:00+00:00,4030.88,4045.36,4023.71,4037.04,406.495,1640799.14986
2025-10-22 16:00:00+00:00,4037.04,4045.39,4024.21,4044.69,249.447,1006408.14506
2025-10-22 16:30:00+00:00,4044.69,4067.95,4038.46,4062.05,688.532,2793184.65352
2025-10-22 17:00:00+00:00,4062.05,4062.05,4043.88,4050.9,415.012,1682295.30001
2025-10-22 17:30:00+00:00,4050.9,4070.9,4047.56,4069.85,228.762,928812.94785
2025-10-22 18:00:00+00:00,4069.85,4077.0,4065.98,4072.89,421.601,1716482.00142
2025-10-22 18:30:00+00:00,4072.89,4079.1,4072.81,4075.05,300.94,1226551.59334
2025-10-22 19:00:00+00:00,4075.05,4103.21,4075.05,4102.76,596.351,2439180.8975
2025-10-22 19:30:00+00:00,4102.76,4112.05,4099.1,4100.86,572.499,2349755.49462
2025-10-22 20:00:00+00:00,4100.86,4106.49,4087.51,4090.6,309.702,1269071.11272
2025-10-22 20:30:00+00:00,4090.6,4102.69,4090.59,4097.88,195.358,800531.19187
2025-10-22 21:00:00+00:00,4097.88,4102.86,4090.73,4102.86,422.956,1733341.09038
2025-10-22 21:30:00+00:00,4102.86,4104.35,4092.26,4092.54,284.584,1166233.4746
2025-10-22 22:00:00+00:00,4092.54,4106.21,4091.01,4100.99,582.122,2387341.4446
2025-10-22 22:30:00+00:00,4100.99,4101.04,4092.84,4099.2,246.954,1011673.74415
2025-10-22 23:00:00+00:00,4099.2,4101.94,4079.55,4082.75,464.403,1899050.17598
2025-10-22 23:30:00+00:00,4082.75,4091.61,4080.86,4085.57,175.103,715590.26085
2025-10-23 00:00:00+00:00,4085.57,4094.4,4064.06,4073.39,464.554,1892971.34131
2025-10-23 00:30:00+00:00,4073.39,4081.73,4068.27,4078.1,205.767,838988.66868
2025-10-23 01:00:00+00:00,4078.1,4089.42,4069.19,4085.77,198.5,809267.06707
2025-10-23 01:30:00+00:00,4085.77,4087.99,4071.88,4071.88,123.644,504522.44528
2025-10-23 02:00:00+00:00,4071.88,4083.81,4071.27,4080.61,165.647,675265.18107
2025-10-23 02:30:00+00:00,4080.61,4083.3,4075.15,4081.66,109.601,447214.51814
2025-10-23 03:00:00+00:00,4081.66,4100.81,4077.1,4094.9,280.955,1149129.66768
2025-10-23 03:30:00+00:00,4094.9,4094.9,4089.46,4091.02,123.585,505666.19285
2025-10-23 04:00:00+00:00,4091.02,4091.28,4079.82,4083.84,143.072,584756.70579
2025-10-23 04:30:00+00:00,4083.84,4091.53,4081.34,4090.16,87.424,357363.63625
2025-10-23 05:00:00+00:00,4090.16,4091.85,4083.12,4087.27,169.611,693204.15195
2025-10-23 05:30:00+00:00,4087.27,4108.12,4087.27,4106.99,430.162,1763216.59584
2025-10-23 06:00:00+00:00,4106.99,4133.09,4106.98,4121.14,865.946,3568858.7808
2025-10-23 06:30:00+00:00,4121.14,4123.19,4106.68,4107.46,652.309,2683038.11854
2025-10-23 07:00:00+00:00,4107.46,4118.29,4106.26,4111.9,459.421,1889245.43348
2025-10-23 07:30:00+00:00,4111.9,4111.91,4085.35,4087.01,858.363,3514465.11698
2025-10-23 08:00:00+00:00,4087.01,4112.03,4087.01,4108.83,434.88,1784418.91794
2025-10-23 08:30:00+00:00,4108.83,4111.77,4102.22,4111.55,328.844,1350679.90376
2025-10-23 09:00:00+00:00,4111.55,4119.96,4105.63,4117.86,370.743,1525155.65794
2025-10-23 09:30:00+00:00,4117.86,4122.0,4107.06,4119.73,216.454,890755.35549
2025-10-23 10:00:00+00:00,4119.73,4120.3,4105.32,4106.46,287.959,1184617.76544
2025-10-23 10:30:00+00:00,4106.46,4113.57,4096.96,4104.89,306.832,1259348.99291
2025-10-23 11:00:00+00:00,4104.89,4115.0,4102.74,4110.04,230.719,948253.7935
2025-10-23 11:30:00+00:00,4110.04,4113.46,4104.8,4106.68,161.884,665248.92186
2025-10-23 12:00:00+00:00,4106.68,4111.97,4097.51,4105.47,320.303,1314530.06838
2025-10-23 12:30:00+00:00,4105.47,4126.31,4105.47,4124.0,708.12,2918110.31611
2025-10-23 13:00:00+00:00,4124.0,4146.63,4122.17,4142.2,816.495,3375230.93636
2025-10-23 13:30:00+00:00,4142.2,4146.66,4128.33,4139.45,699.79,2896022.71327
2025-10-23 14:00:00+00:00,4139.45,4149.26,4130.28,4141.62,535.33,2216600.60257
2025-10-23 14:30:00+00:00,4141.62,4145.0,4135.01,4143.04,228.681,946742.84189
2025-10-23 15:00:00+00:00,4143.04,4146.05,4130.04,4138.9,297.077,1229523.73301
2025-10-23 15:30:00+00:00,4138.9,4142.32,4131.44,4134.4,372.98,1542680.77652
2025-10-23 16:00:00+00:00,4134.4,4142.92,4125.09,4134.76,316.401,1308303.93748
2025-10-23 16:30:00+00:00,4134.76,4138.27,4117.65,4125.99,455.278,1878515.79798
2025-10-23 17:00:00+00:00,4125.99,4132.1,4118.49,4123.9,379.012,1564135.81557
2025-10-23 17:30:00+00:00,4123.9,4132.98,4121.18,4132.46,201.892,833209.80833
2025-10-23 18:00:00+00:00,4132.46,4137.5,4126.68,4136.74,147.846,611178.29131
2025-10-23 18:30:00+00:00,4136.74,4136.75,4127.71,4130.61,109.584,452844.83905
2025-10-23 19:00:00+00:00,4130.61,4131.78,4119.39,4122.59,192.801,795514.02372
2025-10-23 19:30:00+00:00,4122.59,4122.59,4108.84,4110.91,481.346,1980170.5975
2025-10-23 20:00:00+00:00,4110.91,4111.65,4100.02,4100.23,472.731,1940978.09372
2025-10-23 20:30:00+00:00,4100.23,4118.95,4100.23,4118.39,437.281,1796967.9471
2025-10-23 21:00:00+00:00,4118.39,4126.19,4116.45,4116.46,204.021,841030.19772
2025-10-23 21:30:00+00:00,4116.46,4125.0,4116.46,4122.36,130.532,537787.0412
2025-10-23 22:00:00+00:00,4122.36,4124.9,4110.65,4115.18,425.478,1751556.44685
2025-10-23 22:30:00+00:00,4115.18,4116.83,4105.72,4109.49,148.879,611956.80552
2025-10-23 23:00:00+00:00,4109.49,4114.76,4105.41,4106.2,162.035,665819.09982
2025-10-23 23:30:00+00:00,4106.2,4118.13,4100.0,4116.11,344.111,1413639.75782
2025-10-24 00:00:00+00:00,4116.11,4127.75,4112.58,4127.75,268.774,1107822.72752
2025-10-24 00:30:00+00:00,4127.75,4127.75,4121.32,4127.0,156.644,646145.52631
2025-10-24 01:00:00+00:00,4127.0,4138.87,4122.4,4131.99,434.385,1794612.74526
2025-10-24 01:30:00+00:00,4131.99,4131.99,4108.0,4114.88,364.919,1503132.85808
2025-10-24 02:00:00+00:00,4114.88,4115.84,4106.25,4108.55,293.503,1206520.58704
2025-10-24 02:30:00+00:00,4108.55,4115.38,4106.0,4106.01,172.08,707396.59462
2025-10-24 03:00:00+00:00,4106.01,4114.88,4104.46,4114.54,218.954,899587.8907
2025-10-24 03:30:00+00:00,4114.54,4119.04,4109.84,4118.48,150.808,620646.69682
2025-10-24 04:00:00+00:00,4118.48,4118.99,4102.26,4103.86,175.361,720273.15269
2025-10-24 04:30:00+00:00,4103.86,4108.98,4096.09,4107.23,334.739,1373256.60821
2025-10-24 05:00:00+00:00,4107.23,4113.33,4106.27,4109.34,146.08,600468.29656
2025-10-24 05:30:00+00:00,4109.34,4110.64,4100.06,4100.92,282.163,1158583.50968
2025-10-24 06:00:00+00:00,4100.92,4101.24,4077.76,4087.35,833.686,3406332.61299
2025-10-24 06:30:00+00:00,4087.35,4093.67,4081.33,4089.1,161.45,660113.11859
2025-10-24 07:00:00+00:00,4089.1,4091.08,4082.87,4084.41,240.993,985050.18481
2025-10-24 07:30:00+00:00,4084.41,4085.65,4064.16,4070.1,507.073,2066901.23175
2025-10-24 08:00:00+00:00,4070.1,4073.99,4044.98,4052.0,891.238,3614220.32668
2025-10-24 08:30:00+00:00,4052.0,4067.12,4048.69,4063.11,451.674,1832961.59329
2025-10-24 09:00:00+00:00,4063.11,4071.34,4060.6,4068.28,273.635,1113248.66664
2025-10-24 09:30:00+00:00,4068.28,4071.49,4053.37,4059.57,322.14,1309550.936
2025-10-24 10:00:00+00:00,4059.57,4067.49,4057.34,4057.7,218.636,888456.46346
2025-10-24 10:30:00+00:00,4057.7,4061.63,4052.68,4054.1,250.101,1014779.59332
2025-10-24 11:00:00+00:00,4054.1,4061.44,4042.89,4057.81,512.385,2076806.03249
2025-10-24 11:30:00+00:00,4057.81,4065.66,4055.13,4060.4,212.32,861944.7664
2025-10-24 12:00:00+00:00,4060.4,4064.0,4059.0,4060.54,246.908,1002729.73238
2025-10-24 12:30:00+00:00,4060.54,4090.0,4060.09,4080.96,1383.809,5646236.98436
2025-10-24 13:00:00+00:00,4080.96,4118.87,4078.72,4108.99,1135.654,4661977.44524
2025-10-24 13:30:00+00:00,4108.99,4115.0,4093.71,4103.58,809.96,3323418.40761
2025-10-24 14:00:00+00:00,4103.58,4128.93,4099.02,4117.72,886.332,3649547.69001
2025-10-24 14:30:00+00:00,4117.72,4124.8,4106.62,4111.99,581.555,2394560.31073
2025-10-24 15:00:00+00:00,4111.99,4121.94,4108.59,4119.75,470.3,1935457.88248
2025-10-24 15:30:00+00:00,4119.75,4124.0,4113.92,4123.88,568.812,2343333.06573
2025-10-24 16:00:00+00:00,4123.88,4132.45,4119.97,4129.78,562.536,2321201.97502
2025-10-24 16:30:00+00:00,4129.78,4131.24,4113.15,4121.83,443.776,1829689.92874
2025-10-24 17:00:00+00:00,4121.83,4127.45,4111.5,4112.39,614.788,2532494.12038
2025-10-24 17:30:00+00:00,4112.39,4114.84,4098.54,4100.28,697.292,2864358.07547
2025-10-24 18:00:00+00:00,4100.28,4103.3,4093.6,4098.69,531.524,2178184.85532
2025-10-24 18:30:00+00:00,4098.69,4107.55,4096.26,4104.8,481.015,1973290.88048
2025-10-24 19:00:00+00:00,4104.8,4112.49,4104.26,4108.01,529.326,2174885.12889
2025-10-24 19:30:00+00:00,4108.01,4108.01,4095.56,4097.28,511.628,2098162.15238
2025-10-24 20:00:00+00:00,4097.28,4097.77,4089.09,4093.96,405.481,1660175.68372
2025-10-24 20:30:00+00:00,4093.96,4108.14,4093.96,4107.24,357.741,1467614.17663
2025-10-24 21:00:00+00:00,4107.24,4111.9,4105.35,4111.89,43.117,177153.93779
2025-10-24 21:30:00+00:00,4111.89,4116.78,4110.52,4110.84,181.183,745286.93054
2025-10-24 22:00:00+00:00,4110.84,4112.19,4107.21,4108.05,62.257,255835.12241
2025-10-24 22:30:00+00:00,4108.05,4115.43,4108.04,4109.08,103.827,427026.11237
2025-10-24 23:00:00+00:00,4109.08,4116.75,4108.39,4114.17,63.048,259279.59249
2025-10-24 23:30:00+00:00,4114.17,4114.17,4106.41,4110.28,46.916,192826.45187
2025-10-25 00:00:00+00:00,4110.28,4113.54,4108.4,4111.36,79.075,325135.12711
2025-10-25 00:30:00+00:00,4111.36,4118.66,4111.19,4115.99,155.293,639213.48102
2025-10-25 01:00:00+00:00,4115.99,4118.44,4114.31,4115.98,152.914,629503.57688
2025-10-25 01:30:00+00:00,4115.98,4116.44,4108.26,4110.34,69.558,286041.78755
2025-10-25 02:00:00+00:00,4110.34,4112.34,4107.5,4108.64,96.019,394558.84836
2025-10-25 02:30:00+00:00,4108.64,4112.5,4107.5,4112.27,49.623,203913.61685
2025-10-25 03:00:00+00:00,4112.27,4112.4,4105.55,4111.06,105.335,432749.99727
2025-10-25 03:30:00+00:00,4111.06,4112.38,4107.46,4107.66,34.599,142195.28644
2025-10-25 04:00:00+00:00,4107.66,4111.9,4107.27,4107.6,64.255,264057.08084
2025-10-25 04:30:00+00:00,4107.6,4112.14,4107.35,4111.5,45.913,188687.02247
2025-10-25 05:00:00+00:00,4111.5,4112.15,4110.6,4110.97,31.596,129907.84589
2025-10-25 05:30:00+00:00,4110.97,4112.45,4110.2,4111.84,64.064,263417.87629
2025-10-25 06:00:00+00:00,4111.84,4112.45,4110.75,4111.76,29.746,122301.42699
2025-10-25 06:30:00+00:00,4111.76,4112.02,4108.29,4110.41,46.183,189826.47832
2025-10-25 07:00:00+00:00,4110.41,4112.45,4108.61,4108.61,125.562,516270.9012
2025-10-25 07:30:00+00:00,4108.61,4111.69,4108.61,4109.65,45.419,186644.70498
2025-10-25 08:00:00+00:00,4109.65,4113.37,4109.6,4112.62,148.4,610074.53501
2025-10-25 08:30:00+00:00,4112.62,4112.62,4109.82,4112.3,35.538,146120.64133
2025-10-25 09:00:00+00:00,4112.3,4115.89,4109.93,4113.69,91.406,375913.32682
2025-10-25 09:30:00+00:00,4113.69,4114.5,4109.72,4111.51,50.323,206924.12078
2025-10-25 10:00:00+00:00,4111.51,4113.7,4107.0,4112.14,200.318,823306.49519
2025-10-25 10:30:00+00:00,4112.14,4114.25,4111.66,4112.27,87.23,358813.24707
2025-10-25 11:00:00+00:00,4112.27,4113.19,4110.44,4110.6,33.914,139437.04639
2025-10-25 11:30:00+00:00,4110.6,4113.15,4109.92,4111.39,89.898,369612.28347
2025-10-25 12:00:00+00:00,4111.39,4113.59,4111.35,4112.64,27.305,112285.42079
2025-10-25 12:30:00+00:00,4112.64,4113.14,4109.26,4111.62,64.161,263781.36403
2025-10-25 13:00:00+00:00,4111.62,4111.62,4107.75,4109.63,49.893,205004.1026
2025-10-25 13:30:00+00:00,4109.63,4110.28,4108.01,4110.0,32.123,132006.12934
2025-10-25 14:00:00+00:00,4110.0,4111.78,4109.78,4111.78,33.376,137206.09882
2025-10-25 14:30:00+00:00,4111.78,4112.07,4108.89,4110.45,36.574,150346.84358
2025-10-25 15:00:00+00:00,4110.45,4113.0,4107.58,4111.59,221.6,910946.28456
2025-10-25 15:30:00+00:00,4111.59,4111.59,4108.3,4109.73,75.62,310796.74231
2025-10-25 16:00:00+00:00,4109.73,4111.09,4108.65,4108.69,99.207,407715.38513
2025-10-25 16:30:00+00:00,4108.69,4109.79,4108.03,4108.03,73.745,302994.17681
2025-10-25 17:00:00+00:00,4108.03,4109.85,4108.03,4109.2,64.029,263087.0093
2025-10-25 17:30:00+00:00,4109.2,4109.67,4108.15,4109.64,30.922,127051.68743
2025-10-25 18:00:00+00:00,4109.64,4112.88,4109.64,4110.5,93.366,383837.94662
2025-10-25 18:30:00+00:00,4110.5,4110.51,4109.19,4109.36,14.745,60598.74832
2025-10-25 19:00:00+00:00,4109.36,4111.11,4108.0,4110.94,48.621,199791.77951
2025-10-25 19:30:00+00:00,4110.94,4112.48,4109.05,4111.35,67.498,277472.34115
2025-10-25 20:00:00+00:00,4111.35,4112.0,4109.08,4110.11,65.935,271045.42267
2025-10-25 20:30:00+00:00,4110.11,4111.14,4108.0,4108.69,101.783,418245.57527
2025-10-25 21:00:00+00:00,4108.69,4111.19,4108.68,4110.25,19.233,79039.31299
2025-10-25 21:30:00+00:00,4110.25,4111.3,4108.2,4109.7,14.189,58314.14827
2025-10-25 22:00:00+00:00,4109.7,4110.79,4108.29,4109.85,12.327,50663.23533
2025-10-25 22:30:00+00:00,4109.85,4111.3,4109.85,4111.29,10.194,41905.22042
2025-10-25 23:00:00+00:00,4111.29,4111.61,4111.06,4111.61,17.25,70919.33309
2025-10-25 23:30:00+00:00,4111.61,4111.74,4109.35,4111.73,41.328,169908.1731
2025-10-26 00:00:00+00:00,4111.73,4112.8,4109.84,4110.82,117.638,483676.78059
2025-10-26 00:30:00+00:00,4110.82,4111.3,4109.03,4109.53,37.211,152935.84054
2025-10-26 01:00:00+00:00,4109.53,4109.54,4109.05,4109.05,20.841,85644.41435
2025-10-26 01:30:00+00:00,4109.05,4110.13,4108.77,4109.18,20.551,84449.48125
2025-10-26 02:00:00+00:00,4109.18,4110.55,4108.77,4110.54,19.041,78246.62515
2025-10-26 02:30:00+00:00,4110.54,4111.35,4109.82,4110.48,54.35,223404.48715
2025-10-26 03:00:00+00:00,4110.48,4111.8,4110.48,4111.79,24.691,101507.58162
2025-10-26 03:30:00+00:00,4111.79,4112.04,4108.24,4110.29,82.236,338066.57744
2025-10-26 04:00:00+00:00,4110.29,4110.93,4108.23,4109.65,44.927,184616.7754
2025-10-26 04:30:00+00:00,4109.65,4109.92,4109.36,4109.4,12.109,49765.37311
2025-10-26 05:00:00+00:00,4109.4,4109.97,4106.68,4106.69,91.494,375923.66004
2025-10-26 05:30:00+00:00,4106.69,4110.08,4106.65,4109.04,54.977,225842.68466
2025-10-26 06:00:00+00:00,4109.04,4110.47,4107.44,4109.52,47.54,195326.68601
2025-10-26 06:30:00+00:00,4109.52,4111.4,4107.99,4109.81,77.861,319984.66069
2025-10-26 07:00:00+00:00,4109.81,4110.15,4107.25,4108.1,67.577,277646.90317
2025-10-26 07:30:00+00:00,4108.1,4109.93,4106.58,4106.89,119.967,492757.84911
2025-10-26 08:00:00+00:00,4106.89,4110.17,4106.56,4106.99,70.524,289687.60001
2025-10-26 08:30:00+00:00,4106.99,4107.45,4106.85,4107.18,30.04,123380.1879
2025-10-26 09:00:00+00:00,4107.18,4107.63,4106.47,4106.47,61.849,253998.59543
2025-10-26 09:30:00+00:00,4106.47,4107.35,4104.01,4104.89,300.772,1234816.45322
2025-10-26 10:00:00+00:00,4104.89,4106.81,4104.89,4106.15,118.624,487027.55506
2025-10-26 10:30:00+00:00,4106.15,4107.38,4104.38,4107.29,82.195,337516.5135
2025-10-26 11:00:00+00:00,4107.29,4107.89,4106.24,4106.28,38.752,159157.24356
2025-10-26 11:30:00+00:00,4106.28,4107.43,4104.35,4106.09,144.552,593428.25659
2025-10-26 12:00:00+00:00,4106.09,4108.52,4104.06,4105.81,222.605,914044.47874
2025-10-26 12:30:00+00:00,4105.81,4108.28,4100.01,4107.76,296.793,1218406.48463
2025-10-26 13:00:00+00:00,4107.76,4108.64,4103.54,4104.35,347.791,1428294.64205
2025-10-26 13:30:00+00:00,4104.35,4106.78,4104.35,4105.54,89.203,366175.53296
2025-10-26 14:00:00+00:00,4105.54,4107.86,4103.06,4104.83,199.016,817131.31232
2025-10-26 14:30:00+00:00,4104.83,4105.26,4102.16,4103.01,84.085,345052.64098
2025-10-26 15:00:00+00:00,4103.01,4105.52,4102.4,4102.75,83.655,343283.00173
2025-10-26 15:30:00+00:00,4102.75,4104.02,4101.26,4101.27,104.921,430415.58111
2025-10-26 16:00:00+00:00,4101.27,4103.25,4096.83,4097.7,209.3,858123.87653
2025-10-26 16:30:00+00:00,4097.7,4100.81,4094.67,4100.09,166.634,682784.908
2025-10-26 17:00:00+00:00,4100.09,4105.0,4099.84,4103.84,35.313,144882.69938
2025-10-26 17:30:00+00:00,4103.84,4105.72,4102.12,4104.8,39.897,163755.65105
2025-10-26 18:00:00+00:00,4104.8,4106.3,4100.28,4100.29,57.546,236185.4591
2025-10-26 18:30:00+00:00,4100.29,4103.81,4097.48,4099.99,143.036,586469.3721
2025-10-26 19:00:00+00:00,4099.99,4101.91,4099.23,4099.23,108.216,443747.55755
2025-10-26 19:30:00+00:00,4099.23,4099.23,4098.38,4098.39,26.907,110277.8062
2025-10-26 20:00:00+00:00,4098.39,4100.33,4097.92,4097.93,16.81,68900.09991
2025-10-26 20:30:00+00:00,4097.93,4100.0,4096.74,4100.0,27.289,111826.47292
2025-10-26 21:00:00+00:00,4100.0,4103.24,4098.5,4098.51,31.716,130070.86104
2025-10-26 21:30:00+00:00,4098.51,4101.54,4098.45,4101.54,18.025,73906.30082
2025-10-26 22:00:00+00:00,4101.54,4101.55,4062.15,4082.52,2309.264,9430960.06107
2025-10-26 22:30:00+00:00,4082.52,4092.22,4063.35,4074.5,883.875,3602852.68187
2025-10-26 23:00:00+00:00,4074.5,4080.28,4065.0,4066.85,535.237,2181045.77207
2025-10-26 23:30:00+00:00,4066.85,4072.5,4055.17,4058.15,667.939,2714212.73177
2025-10-27 00:00:00+00:00,4058.15,4068.16,4053.5,4063.28,495.342,2011575.9266
2025-10-27 00:30:00+00:00,4063.28,4080.13,4063.28,4077.63,438.232,1785025.83745
2025-10-27 01:00:00+00:00,4077.63,4092.58,4071.46,4088.27,459.462,1876428.95681
2025-10-27 01:30:00+00:00,4088.27,4089.04,4074.24,4074.24,1011.573,4126408.38634
2025-10-27 02:00:00+00:00,4074.24,4074.33,4064.55,4066.64,443.502,1804998.61495
2025-10-27 02:30:00+00:00,4066.64,4072.65,4064.01,4065.48,298.249,1213269.5635
2025-10-27 03:00:00+00:00,4065.48,4074.0,4059.3,4069.68,349.323,1421078.66755
2025-10-27 03:30:00+00:00,4069.68,4076.46,4063.01,4063.01,175.503,714523.9879
2025-10-27 04:00:00+00:00,4063.01,4063.39,4046.87,4058.6,642.385,2603726.99089
2025-10-27 04:30:00+00:00,4058.6,4063.88,4053.32,4062.95,412.027,1672302.30666
2025-10-27 05:00:00+00:00,4062.95,4076.35,4062.66,4073.86,332.692,1353691.35706
2025-10-27 05:30:00+00:00,4073.86,4076.58,4068.32,4072.44,391.339,1593960.16374
2025-10-27 06:00:00+00:00,4072.44,4077.42,4069.9,4076.53,415.308,1692005.08662
2025-10-27 06:30:00+00:00,4076.53,4077.7,4066.89,4071.33,309.855,1262304.88717
2025-10-27 07:00:00+00:00,4071.33,4073.22,4059.34,4061.99,332.654,1352372.65008
2025-10-27 07:30:00+00:00,4061.99,4065.04,4057.31,4059.05,569.146,2310984.26797
2025-10-27 08:00:00+00:00,4059.05,4062.71,4048.53,4050.71,1089.875,4420669.35192
2025-10-27 08:30:00+00:00,4050.71,4055.2,4020.78,4038.24,1480.96,5981075.7807
2025-10-27 09:00:00+00:00,4038.24,4043.7,4025.21,4031.05,650.155,2623286.92578
2025-10-27 09:30:00+00:00,4031.05,4042.44,4031.05,4034.13,485.918,1961648.06293
2025-10-27 10:00:00+00:00,4034.13,4041.0,4030.15,4030.15,287.62,1160800.9243
2025-10-27 10:30:00+00:00,4030.15,4038.74,4024.04,4032.65,345.611,1393488.24781
2025-10-27 11:00:00+00:00,4032.65,4035.7,4017.42,4026.09,619.753,2495061.87593
2025-10-27 11:30:00+00:00,4026.09,4026.66,4012.63,4019.52,515.253,2070670.01793
2025-10-27 12:00:00+00:00,4019.52,4036.86,4017.9,4030.62,476.552,1920025.04903
2025-10-27 12:30:00+00:00,4030.62,4041.48,4026.48,4040.45,327.867,1322598.26999
2025-10-27 13:00:00+00:00,4040.45,4044.43,4025.73,4027.54,567.145,2288715.773
2025-10-27 13:30:00+00:00,4027.54,4031.62,4010.4,4018.12,1029.319,4136367.62061
2025-10-27 14:00:00+00:00,4018.12,4019.45,3982.68,3995.85,2161.653,8638518.29806
2025-10-27 14:30:00+00:00,3995.85,3996.79,3977.78,3982.44,913.769,3643276.70811
2025-10-27 15:00:00+00:00,3982.44,3982.68,3966.0,3980.75,1861.973,7397992.88822
2025-10-27 15:30:00+00:00,3980.75,3990.38,3972.84,3984.96,1607.357,6402116.13909
2025-10-27 16:00:00+00:00,3984.96,3994.11,3981.91,3982.96,553.13,2206059.30291
2025-10-27 16:30:00+00:00,3982.96,3995.71,3980.04,3994.18,537.691,2144641.43347
2025-10-27 17:00:00+00:00,3994.18,4000.34,3985.92,3999.74,712.721,2846528.14901
2025-10-27 17:30:00+00:00,3999.74,4003.91,3993.4,4002.21,635.3,2540580.55203
2025-10-27 18:00:00+00:00,4002.21,4004.89,3997.52,4002.54,406.254,1625685.06242
2025-10-27 18:30:00+00:00,4002.54,4003.28,3990.97,3991.32,645.76,2581323.93125
2025-10-27 19:00:00+00:00,3991.32,3997.78,3982.22,3982.23,644.059,2571607.05795
2025-10-27 19:30:00+00:00,3982.23,3985.24,3979.0,3982.9,621.0,2472976.5556
2025-10-27 20:00:00+00:00,3982.9,3991.68,3980.04,3991.25,602.763,2402378.64582
2025-10-27 20:30:00+00:00,3991.25,3991.8,3972.47,3977.25,868.891,3458425.73694
2025-10-27 21:00:00+00:00,3977.25,3980.42,3972.48,3977.18,238.848,950042.1983
2025-10-27 21:30:00+00:00,3977.18,3978.98,3974.06,3975.92,92.864,369322.52698
2025-10-27 22:00:00+00:00,3975.92,3988.78,3973.54,3985.57,548.597,2184509.73037
2025-10-27 22:30:00+00:00,3985.57,3989.0,3982.32,3984.63,149.964,597746.80742
2025-10-27 23:00:00+00:00,3984.63,3988.47,3974.78,3988.47,356.277,1418411.43278
2025-10-27 23:30:00+00:00,3988.47,3997.56,3988.47,3992.34,353.366,1411063.87202
2025-10-28 00:00:00+00:00,3992.34,3992.91,3968.4,3978.47,478.587,1905218.43128
2025-10-28 00:30:00+00:00,3978.47,4003.0,3977.99,4001.26,617.505,2466889.56373
2025-10-28 01:00:00+00:00,4001.26,4013.53,3998.99,4002.69,637.088,2553263.06743
2025-10-28 01:30:00+00:00,4002.69,4008.33,3996.49,4005.58,279.508,1119109.23787
2025-10-28 02:00:00+00:00,4005.58,4007.26,3990.58,3993.6,272.562,1089611.83908
2025-10-28 02:30:00+00:00,3993.6,3994.77,3975.5,3978.98,454.213,1809354.08559
2025-10-28 03:00:00+00:00,3978.98,3989.54,3978.7,3985.19,228.96,912051.1958
2025-10-28 03:30:00+00:00,3985.19,3988.13,3980.05,3987.8,84.037,334854.36921
2025-10-28 04:00:00+00:00,3987.8,3989.04,3961.0,3967.06,557.186,2212243.02632
2025-10-28 04:30:00+00:00,3967.06,3975.23,3962.19,3969.8,266.257,1056939.93991
2025-10-28 05:00:00+00:00,3969.8,3975.6,3965.59,3969.47,187.253,743502.2431
2025-10-28 05:30:00+00:00,3969.47,3970.49,3955.27,3962.64,462.212,1831013.4039
2025-10-28 06:00:00+00:00,3962.64,3963.4,3948.0,3950.68,451.836,1786414.46327
2025-10-28 06:30:00+00:00,3950.68,3953.84,3937.25,3941.12,696.942,2747827.31198
2025-10-28 07:00:00+00:00,3941.12,3946.0,3930.68,3931.32,689.78,2716375.05583
2025-10-28 07:30:00+00:00,3931.32,3935.99,3921.13,3931.59,781.665,3071419.08935
2025-10-28 08:00:00+00:00,3931.59,3935.0,3908.3,3914.12,1377.537,5396613.26236
2025-10-28 08:30:00+00:00,3914.12,3916.54,3900.51,3901.03,1536.371,6002509.31399
2025-10-28 09:00:00+00:00,3901.03,3912.81,3890.19,3908.11,2162.232,8436771.27976
2025-10-28 09:30:00+00:00,3908.11,3914.99,3901.97,3908.84,711.305,2779674.23917
2025-10-28 10:00:00+00:00,3908.84,3915.55,3906.2,3912.79,663.753,2595509.64321
2025-10-28 10:30:00+00:00,3912.79,3936.75,3912.3,3933.2,1481.741,5818779.93144
2025-10-28 11:00:00+00:00,3933.2,3933.2,3917.17,3923.09,780.515,3062486.61112
2025-10-28 11:30:00+00:00,3923.09,3934.83,3922.18,3927.11,544.284,2139231.05602
2025-10-28 12:00:00+00:00,3927.11,3933.63,3926.62,3927.05,304.334,1195962.85885
2025-10-28 12:30:00+00:00,3927.05,3929.8,3907.94,3917.86,498.236,1952315.15699
2025-10-28 13:00:00+00:00,3917.86,3938.67,3917.86,3937.22,569.005,2236792.18081
2025-10-28 13:30:00+00:00,3937.22,3942.0,3920.32,3940.25,592.301,2328858.15266
2025-10-28 14:00:00+00:00,3940.25,3951.6,3938.1,3951.6,1057.836,4172613.84725
2025-10-28 14:30:00+00:00,3951.6,3955.4,3944.07,3951.12,766.014,3024820.64218
2025-10-28 15:00:00+00:00,3951.12,3961.58,3948.17,3958.5,724.933,2868719.21586
2025-10-28 15:30:00+00:00,3958.5,3969.94,3957.43,3965.56,580.968,2303934.08712
2025-10-28 16:00:00+00:00,3965.56,3967.0,3955.48,3963.9,474.143,1878507.62173
2025-10-28 16:30:00+00:00,3963.9,3966.15,3952.0,3958.35,411.935,1630186.9493
2025-10-28 17:00:00+00:00,3958.35,3970.0,3956.79,3967.69,272.462,1080043.83837
2025-10-28 17:30:00+00:00,3967.69,3969.2,3954.81,3961.52,523.288,2073164.96606
2025-10-28 18:00:00+00:00,3961.52,3962.81,3952.28,3954.15,127.789,505682.5208
2025-10-28 18:30:00+00:00,3954.15,3956.35,3945.73,3954.96,279.649,1104536.70969
2025-10-28 19:00:00+00:00,3954.96,3957.19,3950.0,3956.29,367.796,1454158.58514
2025-10-28 19:30:00+00:00,3956.29,3962.01,3950.82,3959.7,259.295,1026275.65465
2025-10-28 20:00:00+00:00,3959.7,3960.58,3948.0,3949.06,511.196,2020456.92706
2025-10-28 20:30:00+00:00,3949.06,3954.08,3949.06,3949.84,265.513,1049234.89357
2025-10-28 21:00:00+00:00,3949.84,3954.2,3943.33,3954.19,419.38,1655837.85814
2025-10-28 21:30:00+00:00,3954.19,3956.61,3954.0,3954.68,101.099,399922.78413
2025-10-28 22:00:00+00:00,3954.68,3958.66,3917.81,3944.34,1613.469,6352369.86894
2025-10-28 22:30:00+00:00,3944.34,3945.72,3933.66,3934.0,529.665,2086567.19115
2025-10-28 23:00:00+00:00,3934.0,3952.99,3933.49,3949.67,262.022,1033988.02174
2025-10-28 23:30:00+00:00,3949.67,3966.77,3945.65,3963.41,360.012,1424552.08392
2025-10-29 00:00:00+00:00,3963.41,3970.94,3957.42,3970.35,733.621,2908936.76274
2025-10-29 00:30:00+00:00,3970.35,3983.52,3967.01,3974.05,517.678,2058330.42115
2025-10-29 01:00:00+00:00,3974.05,3978.51,3968.32,3970.99,380.224,1511093.47456
2025-10-29 01:30:00+00:00,3970.99,3975.06,3964.08,3973.93,569.363,2260102.91962
2025-10-29 02:00:00+00:00,3973.93,3973.93,3962.1,3962.6,268.803,1066366.00278
2025-10-29 02:30:00+00:00,3962.6,3963.95,3945.33,3960.8,679.342,2686255.80536
2025-10-29 03:00:00+00:00,3960.8,3969.55,3957.74,3964.0,183.781,728459.41413
2025-10-29 03:30:00+00:00,3964.0,3971.0,3961.49,3962.24,160.127,635356.73384
2025-10-29 04:00:00+00:00,3962.24,3964.02,3951.4,3954.31,273.845,1083896.51076
2025-10-29 04:30:00+00:00,3954.31,3960.24,3952.05,3952.6,155.191,614120.60211
2025-10-29 05:00:00+00:00,3952.6,3964.36,3951.16,3958.0,187.988,744036.53153
2025-10-29 05:30:00+00:00,3958.0,3965.48,3954.81,3961.24,193.68,767287.3526
2025-10-29 06:00:00+00:00,3961.24,3975.03,3959.66,3971.28,230.437,914880.22963
2025-10-29 06:30:00+00:00,3971.28,3986.99,3971.28,3978.0,274.456,1092191.37682
2025-10-29 07:00:00+00:00,3978.0,3997.08,3975.99,3995.41,524.219,2092434.32415
2025-10-29 07:30:00+00:00,3995.41,3998.28,3987.81,3998.02,300.547,1199719.78392
2025-10-29 08:00:00+00:00,3998.02,4009.27,3997.31,4008.0,519.117,2078781.9094
2025-10-29 08:30:00+00:00,4008.0,4014.45,4002.8,4012.75,568.75,2280190.56819
2025-10-29 09:00:00+00:00,4012.75,4017.12,4009.56,4013.26,493.96,1982623.61033
2025-10-29 09:30:00+00:00,4013.26,4027.25,4011.37,4020.48,731.867,2942371.33065
2025-10-29 10:00:00+00:00,4020.48,4025.48,4013.13,4021.0,419.437,1685523.32439
2025-10-29 10:30:00+00:00,4021.0,4025.0,4015.76,4018.85,454.423,1826822.186
2025-10-29 11:00:00+00:00,4018.85,4023.0,4011.49,4012.26,441.31,1772698.61859
2025-10-29 11:30:00+00:00,4012.26,4015.07,4006.82,4011.6,424.696,1703679.15504
2025-10-29 12:00:00+00:00,4011.6,4024.67,4009.68,4021.72,424.461,1705814.28946
2025-10-29 12:30:00+00:00,4021.72,4023.74,4018.23,4020.29,183.845,739236.68676
2025-10-29 13:00:00+00:00,4020.29,4020.4,4006.57,4013.29,668.979,2684024.15482
2025-10-29 13:30:00+00:00,4013.29,4013.62,3995.35,4006.09,713.135,2854091.15849
2025-10-29 14:00:00+00:00,4006.09,4016.28,4006.09,4012.62,295.272,1184709.99387
2025-10-29 14:30:00+00:00,4012.62,4015.61,4002.61,4003.26,309.321,1239921.73348
2025-10-29 15:00:00+00:00,4003.26,4006.74,3998.06,4002.78,294.587,1179152.45437
2025-10-29 15:30:00+00:00,4002.78,4004.34,3983.17,3988.45,859.354,3429081.6733
2025-10-29 16:00:00+00:00,3988.45,3996.11,3985.55,3994.4,372.658,1487823.93819
2025-10-29 16:30:00+00:00,3994.4,3995.66,3988.11,3988.84,223.713,892993.12336
2025-10-29 17:00:00+00:00,3988.84,3993.51,3981.36,3982.6,171.443,683529.8866
2025-10-29 17:30:00+00:00,3982.6,3992.98,3982.0,3992.0,177.022,706183.90342
2025-10-29 18:00:00+00:00,3992.0,4003.65,3971.45,3975.77,1087.682,4335766.06568
2025-10-29 18:30:00+00:00,3975.77,3982.45,3937.21,3968.19,2823.496,11170075.28873
2025-10-29 19:00:00+00:00,3968.19,3977.91,3951.08,3952.33,759.392,3009877.85433
2025-10-29 19:30:00+00:00,3952.33,3953.14,3927.0,3943.14,971.273,3826028.05259
2025-10-29 20:00:00+00:00,3943.14,3951.39,3931.59,3946.47,639.153,2519387.34414
2025-10-29 20:30:00+00:00,3946.47,3948.69,3927.07,3930.52,417.557,1642891.29551
2025-10-29 21:00:00+00:00,3930.52,3935.89,3928.8,3935.72,145.412,571759.00268
2025-10-29 21:30:00+00:00,3935.72,3937.17,3929.38,3930.12,180.328,709563.79906
2025-10-29 22:00:00+00:00,3930.12,3942.4,3918.07,3936.79,1067.647,4194595.87001
2025-10-29 22:30:00+00:00,3936.79,3947.26,3933.01,3941.27,405.469,1598046.81824
2025-10-29 23:00:00+00:00,3941.27,3951.04,3940.96,3950.45,340.183,1342401.36563
2025-10-29 23:30:00+00:00,3950.45,3954.46,3940.14,3952.62,317.169,1251785.72555
2025-10-30 00:00:00+00:00,3952.62,3964.08,3951.9,3958.96,378.054,1496475.50534
2025-10-30 00:30:00+00:00,3958.96,3959.9,3937.57,3950.96,316.148,1248426.41962
2025-10-30 01:00:00+00:00,3950.96,3965.29,3944.51,3951.35,578.499,2287027.95538
2025-10-30 01:30:00+00:00,3951.35,3961.21,3947.8,3949.45,256.785,1015506.08104
2025-10-30 02:00:00+00:00,3949.45,3949.51,3927.02,3932.36,581.983,2290384.6368
2025-10-30 02:30:00+00:00,3932.36,3940.37,3922.75,3922.75,380.017,1493927.96748
2025-10-30 03:00:00+00:00,3922.75,3933.07,3917.5,3931.64,469.014,1840228.31407
2025-10-30 03:30:00+00:00,3931.64,3936.93,3928.01,3935.78,267.054,1050128.7652
2025-10-30 04:00:00+00:00,3935.78,3957.83,3933.65,3957.82,819.923,3236568.62556
2025-10-30 04:30:00+00:00,3957.82,3979.64,3957.82,3968.68,1233.814,4899806.49865
2025-10-30 05:00:00+00:00,3968.68,3973.73,3946.7,3947.57,554.031,2194727.75768
2025-10-30 05:30:00+00:00,3947.57,3971.11,3945.48,3960.64,432.503,1712693.12823
2025-10-30 06:00:00+00:00,3960.64,3967.76,3954.3,3962.09,301.89,1195998.54703
2025-10-30 06:30:00+00:00,3962.09,3974.36,3955.76,3973.8,277.063,1098230.39851
2025-10-30 07:00:00+00:00,3973.8,3974.51,3959.15,3965.77,436.724,1732058.78259
2025-10-30 07:30:00+00:00,3965.77,3967.65,3952.91,3957.99,346.448,1371423.34058
2025-10-30 08:00:00+00:00,3957.99,3969.59,3956.56,3968.65,275.626,1092545.18404
2025-10-30 08:30:00+00:00,3968.65,3974.32,3965.7,3974.31,273.031,1083760.44666
2025-10-30 09:00:00+00:00,3974.31,4006.72,3974.31,3998.64,1070.749,4277941.99955
2025-10-30 09:30:00+00:00,3998.64,4001.0,3985.83,3992.99,368.668,1472389.66825
2025-10-30 10:00:00+00:00,3992.99,3993.8,3976.78,3980.98,599.983,2392247.56239
2025-10-30 10:30:00+00:00,3980.98,3982.32,3967.9,3980.35,488.095,1941157.75332
2025-10-30 11:00:00+00:00,3980.35,3980.85,3959.59,3961.29,389.975,1547775.94802
2025-10-30 11:30:00+00:00,3961.29,3971.95,3961.16,3970.67,251.584,998163.89611
2025-10-30 12:00:00+00:00,3970.67,3981.23,3965.0,3966.3,626.59,2490735.83356
2025-10-30 12:30:00+00:00,3966.3,3974.29,3956.18,3956.18,652.941,2589337.93442
2025-10-30 13:00:00+00:00,3956.18,3972.62,3954.31,3964.86,322.969,1280915.31525
2025-10-30 13:30:00+00:00,3964.86,3988.19,3956.23,3987.62,702.658,2791703.7966
2025-10-30 14:00:00+00:00,3987.62,4006.75,3984.85,3991.29,1285.337,5137823.50168
2025-10-30 14:30:00+00:00,3991.29,3994.0,3980.03,3990.33,733.654,2925038.59531
2025-10-30 15:00:00+00:00,3990.33,3996.4,3982.0,3992.13,526.144,2099358.78237
2025-10-30 15:30:00+00:00,3992.13,3999.79,3991.85,3994.41,517.731,2069102.89413
2025-10-30 16:00:00+00:00,3994.41,3996.23,3985.35,3989.73,359.779,1435742.7381
2025-10-30 16:30:00+00:00,3989.73,3996.93,3989.01,3996.71,180.887,722301.11364
2025-10-30 17:00:00+00:00,3996.71,3997.83,3989.78,3996.13,236.309,943877.27672
2025-10-30 17:30:00+00:00,3996.13,4009.99,3996.0,3997.63,557.415,2230816.98348
2025-10-30 18:00:00+00:00,3997.63,4007.43,3992.5,4006.76,406.053,1623603.89966
2025-10-30 18:30:00+00:00,4006.76,4010.0,3999.59,4008.48,417.374,1671770.25476
2025-10-30 19:00:00+00:00,4008.48,4017.82,4008.25,4012.39,484.674,1945276.22674
2025-10-30 19:30:00+00:00,4012.39,4020.46,4012.38,4016.59,542.766,2180016.99287
2025-10-30 20:00:00+00:00,4016.59,4020.67,4011.66,4013.19,530.99,2132945.35557
2025-10-30 20:30:00+00:00,4013.19,4022.22,4010.0,4020.45,568.428,2283018.58987
2025-10-30 21:00:00+00:00,4020.45,4022.57,4014.61,4018.23,412.132,1656445.43846
2025-10-30 21:30:00+00:00,4018.23,4018.82,4014.73,4018.82,96.928,389354.11881
2025-10-30 22:00:00+00:00,4018.82,4020.42,4008.96,4014.44,382.776,1536582.8758
2025-10-30 22:30:00+00:00,4014.44,4036.63,4014.31,4031.07,649.617,2615388.5131
2025-10-30 23:00:00+00:00,4031.07,4031.59,4013.14,4023.18,472.491,1900859.60923
2025-10-30 23:30:00+00:00,4023.18,4037.93,4022.11,4031.39,333.597,1344706.63092
2025-10-31 00:00:00+00:00,4031.39,4031.39,4020.03,4020.99,465.84,1875407.56982
2025-10-31 00:30:00+00:00,4020.99,4026.84,4020.0,4020.41,284.213,1143498.90398
2025-10-31 01:00:00+00:00,4020.41,4033.21,4014.65,4024.05,570.851,2298150.30451
2025-10-31 01:30:00+00:00,4024.05,4026.26,4006.66,4013.14,481.949,1935963.78998
2025-10-31 02:00:00+00:00,4013.14,4013.49,4003.08,4007.69,493.664,1978922.02389
2025-10-31 02:30:00+00:00,4007.69,4011.99,3996.56,4006.4,705.261,2822762.83102
2025-10-31 03:00:00+00:00,4006.4,4008.51,3985.72,3994.55,469.863,1876731.07917
2025-10-31 03:30:00+00:00,3994.55,3999.23,3988.23,3991.35,287.943,1149903.57501
2025-10-31 04:00:00+00:00,3991.35,3994.48,3983.21,3994.45,492.601,1964272.00968
2025-10-31 04:30:00+00:00,3994.45,4003.98,3993.11,4001.39,389.993,1559364.35776
2025-10-31 05:00:00+00:00,4001.39,4001.39,3989.19,3996.26,366.239,1462832.04694
2025-10-31 05:30:00+00:00,3996.26,4006.09,3992.72,4000.27,399.018,1596135.66539
2025-10-31 06:00:00+00:00,4000.27,4009.75,3997.33,4005.08,416.288,1667270.73209
2025-10-31 06:30:00+00:00,4005.08,4009.78,4001.05,4009.25,377.118,1510402.18248
2025-10-31 07:00:00+00:00,4009.25,4018.86,4003.2,4018.79,492.824,1977132.43243
2025-10-31 07:30:00+00:00,4018.79,4020.91,4007.87,4017.59,456.199,1831775.03581
2025-10-31 08:00:00+00:00,4017.59,4022.77,4014.3,4016.92,295.537,1187715.33757
2025-10-31 08:30:00+00:00,4016.92,4021.6,4003.0,4006.46,569.994,2286996.42341
2025-10-31 09:00:00+00:00,4006.46,4010.4,3993.96,3998.4,832.989,3333031.90719
2025-10-31 09:30:00+00:00,3998.4,4004.41,3995.25,4003.03,408.13,1632184.75812
2025-10-31 10:00:00+00:00,4003.03,4012.03,4003.03,4006.2,496.957,1991589.05105
2025-10-31 10:30:00+00:00,4006.2,4006.38,3997.39,4001.22,404.243,1617989.0261
2025-10-31 11:00:00+00:00,4001.22,4004.0,3996.9,4000.36,297.737,1190912.13528
2025-10-31 11:30:00+00:00,4000.36,4006.68,3996.84,4005.75,215.919,864418.68043
2025-10-31 12:00:00+00:00,4005.75,4019.27,4005.34,4015.0,463.508,1859511.0997
2025-10-31 12:30:00+00:00,4015.0,4029.47,4011.75,4017.07,919.53,3697993.84472
2025-10-31 13:00:00+00:00,4017.07,4028.55,4014.91,4020.24,610.475,2455125.46832
2025-10-31 13:30:00+00:00,4020.24,4022.34,4004.56,4010.85,819.971,3289471.29477
2025-10-31 14:00:00+00:00,4010.85,4020.66,4010.01,4010.01,600.697,2412653.66775
2025-10-31 14:30:00+00:00,4010.01,4017.48,4006.86,4016.77,402.212,1613388.64756
2025-10-31 15:00:00+00:00,4016.77,4016.77,4005.28,4013.4,407.709,1635132.72023
2025-10-31 15:30:00+00:00,4013.4,4017.57,4006.67,4008.44,426.903,1713523.43443
2025-10-31 16:00:00+00:00,4008.44,4010.12,3966.83,3981.2,1656.386,6599478.24673
2025-10-31 16:30:00+00:00,3981.2,3984.98,3972.8,3975.36,716.054,2849287.42592
2025-10-31 17:00:00+00:00,3975.36,3984.1,3975.0,3978.62,474.144,1886770.75793
2025-10-31 17:30:00+00:00,3978.62,3997.18,3974.89,3992.4,502.216,2002219.93132
2025-10-31 18:00:00+00:00,3992.4,4004.21,3990.0,4003.27,441.779,1767000.20153
2025-10-31 18:30:00+00:00,4003.27,4003.35,3994.04,3995.14,357.761,1430412.00606
2025-10-31 19:00:00+00:00,3995.14,3999.5,3985.74,3995.9,456.173,1821569.48
2025-10-31 19:30:00+00:00,3995.9,3996.13,3990.4,3996.0,292.474,1167919.65101
2025-10-31 20:00:00+00:00,3996.0,3997.6,3990.65,3997.39,201.116,803130.37894
2025-10-31 20:30:00+00:00,3997.39,4001.66,3995.68,3996.23,304.028,1215682.0967
2025-10-31 21:00:00+00:00,3996.23,4002.26,3996.23,3997.5,46.601,186403.92175
2025-10-31 21:30:00+00:00,3997.5,4003.0,3995.46,3998.94,81.481,325928.32629
2025-10-31 22:00:00+00:00,3998.94,4001.89,3996.89,4000.7,34.766,139059.75101
2025-10-31 22:30:00+00:00,4000.7,4002.18,3997.24,3997.24,63.683,254765.99181
2025-10-31 23:00:00+00:00,3997.24,3999.89,3997.24,3999.0,50.657,202560.51317
2025-10-31 23:30:00+00:00,3999.0,4001.17,3997.52,3997.52,87.074,348257.92396
2025-11-01 00:00:00+00:00,3997.52,3999.84,3992.61,3996.99,158.566,633700.29997
2025-11-01 00:30:00+00:00,3996.99,3998.98,3996.54,3997.4,41.957,167731.94014
2025-11-01 01:00:00+00:00,3997.4,4000.24,3996.59,3999.94,33.451,133768.85886
2025-11-01 01:30:00+00:00,3999.94,4000.76,3996.73,3997.61,67.674,270637.21761
2025-11-01 02:00:00+00:00,3997.61,3998.75,3996.59,3997.42,30.607,122357.90419
2025-11-01 02:30:00+00:00,3997.42,3998.32,3996.61,3998.31,22.381,89466.61259
2025-11-01 03:00:00+00:00,3998.31,4001.01,3998.26,4001.0,44.875,179479.76195
2025-11-01 03:30:00+00:00,4001.0,4001.85,4001.0,4001.01,23.089,92392.55948
2025-11-01 04:00:00+00:00,4001.01,4003.98,4001.0,4003.97,75.552,302426.36364
2025-11-01 04:30:00+00:00,4003.97,4003.98,3998.48,4002.14,44.046,176254.42297
2025-11-01 05:00:00+00:00,4002.14,4002.15,3999.91,4000.26,23.645,94602.40341
2025-11-01 05:30:00+00:00,4000.26,4000.85,4000.26,4000.84,3.228,12914.56446
2025-11-01 06:00:00+00:00,4000.84,4002.95,4000.84,4001.9,70.269,281199.91811
2025-11-01 06:30:00+00:00,4001.9,4004.22,4001.67,4003.38,54.606,218597.57596
2025-11-01 07:00:00+00:00,4003.38,4004.38,4001.39,4003.49,51.619,206662.57624
2025-11-01 07:30:00+00:00,4003.49,4003.5,4003.14,4003.14,24.908,99711.81278
2025-11-01 08:00:00+00:00,4003.14,4004.62,4003.14,4003.89,87.662,350991.70917
2025-11-01 08:30:00+00:00,4003.89,4004.82,4003.89,4003.99,102.394,410030.69154
2025-11-01 09:00:00+00:00,4003.99,4004.6,4001.92,4002.17,58.916,235871.7429
2025-11-01 09:30:00+00:00,4002.17,4003.99,4002.17,4003.5,34.768,139177.54549
2025-11-01 10:00:00+00:00,4003.5,4003.51,4002.56,4003.09,16.427,65762.5708
2025-11-01 10:30:00+00:00,4003.09,4004.98,4003.09,4004.7,86.894,347959.09909
2025-11-01 11:00:00+00:00,4004.7,4005.12,4004.26,4004.99,64.752,259325.61895
2025-11-01 11:30:00+00:00,4004.99,4005.58,4004.99,4005.57,30.893,123735.80309
2025-11-01 12:00:00+00:00,4005.57,4005.57,4003.55,4003.8,73.021,292443.50012
2025-11-01 12:30:00+00:00,4003.8,4003.8,3999.0,3999.69,92.179,368844.60604
2025-11-01 13:00:00+00:00,3999.69,4001.03,3997.8,3998.19,79.101,316329.67141
2025-11-01 13:30:00+00:00,3998.19,4003.9,3998.19,4002.73,52.577,210353.27847
2025-11-01 14:00:00+00:00,4002.73,4004.1,4002.51,4003.52,25.766,103151.70547
2025-11-01 14:30:00+00:00,4003.52,4005.96,4001.67,4002.49,65.36,261750.04353
2025-11-01 15:00:00+00:00,4002.49,4005.79,4001.32,4003.16,34.418,137787.8067
2025-11-01 15:30:00+00:00,4003.16,4003.16,4000.79,4000.8,26.35,105453.79045
2025-11-01 16:00:00+00:00,4000.8,4004.62,4000.66,4002.06,53.855,215541.07989
2025-11-01 16:30:00+00:00,4002.06,4002.06,3999.2,4000.17,29.952,119814.87841
2025-11-01 17:00:00+00:00,4000.17,4004.0,3998.02,4004.0,58.224,232933.70425
2025-11-01 17:30:00+00:00,4004.0,4004.34,4001.81,4003.0,46.836,187494.56589
2025-11-01 18:00:00+00:00,4003.0,4004.26,4002.92,4004.26,43.592,174517.58864
2025-11-01 18:30:00+00:00,4004.26,4006.62,4003.63,4006.36,76.391,305952.26733
2025-11-01 19:00:00+00:00,4006.36,4006.99,4002.93,4005.4,119.984,480624.61626
2025-11-01 19:30:00+00:00,4005.4,4007.57,4005.4,4007.17,101.292,405882.8471
2025-11-01 20:00:00+00:00,4007.17,4007.17,4005.02,4007.06,67.169,269130.60708
2025-11-01 20:30:00+00:00,4007.06,4007.06,4002.13,4004.95,33.913,135804.11761
2025-11-01 21:00:00+00:00,4004.95,4004.95,4002.04,4002.43,18.588,74412.51126
2025-11-01 21:30:00+00:00,4002.43,4004.8,4002.04,4002.21,34.456,137946.08442
2025-11-01 22:00:00+00:00,4002.21,4005.53,4002.21,4003.49,51.423,205902.96401
2025-11-01 22:30:00+00:00,4003.49,4006.2,4002.73,4006.18,39.472,158089.20761
2025-11-01 23:00:00+00:00,4006.18,4006.2,4000.02,4000.84,83.377,333728.39543
2025-11-01 23:30:00+00:00,4000.84,4005.92,4000.84,4003.51,84.646,338869.52226
2025-11-02 00:00:00+00:00,4003.51,4005.41,4001.26,4001.27,61.212,245048.70651
2025-11-02 00:30:00+00:00,4001.27,4003.65,4001.26,4003.65,12.595,50408.66227
2025-11-02 01:00:00+00:00,4003.65,4003.65,4001.8,4003.0,7.878,31530.17753
2025-11-02 01:30:00+00:00,4003.0,4006.34,4003.0,4003.67,44.059,176472.26962
2025-11-02 02:00:00+00:00,4003.67,4004.75,4002.8,4004.05,38.011,152189.80764
2025-11-02 02:30:00+00:00,4004.05,4005.4,4003.64,4004.39,32.632,130673.76407
2025-11-02 03:00:00+00:00,4004.39,4005.6,4003.26,4004.15,19.213,76936.40911
2025-11-02 03:30:00+00:00,4004.15,4004.53,4002.56,4003.08,21.819,87355.74069
2025-11-02 04:00:00+00:00,4003.08,4005.08,3998.01,4000.98,96.695,386877.78513
2025-11-02 04:30:00+00:00,4000.98,4003.24,3995.61,4000.15,260.985,1043666.24347
2025-11-02 05:00:00+00:00,4000.15,4000.93,3995.56,3998.24,87.941,351600.03967
2025-11-02 05:30:00+00:00,3998.24,3999.42,3996.44,3997.62,38.026,152021.2829
2025-11-02 06:00:00+00:00,3997.62,3998.54,3995.55,3996.99,29.579,118225.36471
2025-11-02 06:30:00+00:00,3996.99,3997.0,3994.9,3995.86,47.365,189242.15426
2025-11-02 07:00:00+00:00,3995.86,3997.7,3994.91,3995.25,31.278,124971.54806
2025-11-02 07:30:00+00:00,3995.25,3999.34,3995.08,3999.33,60.347,241189.00158
2025-11-02 08:00:00+00:00,3999.33,4002.6,3996.37,3999.7,84.149,336562.05578
2025-11-02 08:30:00+00:00,3999.7,3999.7,3996.7,3996.71,30.45,121737.14757
2025-11-02 09:00:00+00:00,3996.71,3998.09,3995.38,3995.38,37.196,148648.65029
2025-11-02 09:30:00+00:00,3995.38,3997.24,3992.73,3992.74,97.986,391375.51873
2025-11-02 10:00:00+00:00,3992.74,3993.54,3992.74,3993.09,46.636,186225.31812
2025-11-02 10:30:00+00:00,3993.09,3997.06,3993.08,3993.38,81.954,327352.04274
2025-11-02 11:00:00+00:00,3993.38,3993.39,3992.24,3992.24,24.634,98363.12214
2025-11-02 11:30:00+00:00,3992.24,3995.19,3990.84,3992.54,125.046,499234.96364
2025-11-02 12:00:00+00:00,3992.54,3998.55,3990.23,3997.44,232.151,927443.67821
2025-11-02 12:30:00+00:00,3997.44,4000.64,3995.85,3999.42,55.121,220400.78236
2025-11-02 13:00:00+00:00,3999.42,4002.48,3996.91,4000.74,115.424,461819.76409
2025-11-02 13:30:00+00:00,4000.74,4001.57,3997.75,4000.4,84.291,337152.28524
2025-11-02 14:00:00+00:00,4000.4,4001.33,3996.26,3996.97,87.135,348442.68263
2025-11-02 14:30:00+00:00,3996.97,3999.83,3994.22,3995.7,67.05,267976.8786
2025-11-02 15:00:00+00:00,3995.7,3999.42,3994.16,3996.86,37.063,148114.58247
2025-11-02 15:30:00+00:00,3996.86,3999.42,3994.32,3994.56,60.983,243714.55439
2025-11-02 16:00:00+00:00,3994.56,3997.16,3994.15,3994.42,64.886,259255.75755
2025-11-02 16:30:00+00:00,3994.42,3997.9,3994.42,3995.39,81.406,325301.78864
2025-11-02 17:00:00+00:00,3995.39,3996.34,3994.15,3994.8,61.164,244371.96746
2025-11-02 17:30:00+00:00,3994.8,3995.85,3992.18,3992.21,45.025,179819.01494
2025-11-02 18:00:00+00:00,3992.21,3993.69,3992.21,3992.97,17.796,71056.41512
2025-11-02 18:30:00+00:00,3992.97,3996.15,3992.97,3995.85,36.369,145270.67117
2025-11-02 19:00:00+00:00,3995.85,3995.85,3993.65,3995.67,23.457,93702.47545
2025-11-02 19:30:00+00:00,3995.67,3998.94,3994.6,3996.77,83.669,334473.63685
2025-11-02 20:00:00+00:00,3996.77,3998.17,3993.03,3993.04,64.068,255993.73009
2025-11-02 20:30:00+00:00,3993.04,3993.04,3991.35,3991.35,32.628,130262.59201
2025-11-02 21:00:00+00:00,3991.35,3994.73,3991.35,3993.75,96.313,384578.40446
2025-11-02 21:30:00+00:00,3993.75,3996.7,3993.03,3994.2,37.845,151195.52401
2025-11-02 22:00:00+00:00,3994.2,3996.71,3994.2,3996.71,21.721,86778.47099
2025-11-02 22:30:00+00:00,3996.71,3996.71,3993.91,3994.88,38.129,152353.26891
2025-11-02 23:00:00+00:00,3994.88,3994.88,3980.77,3988.1,1210.717,4827746.31256
2025-11-02 23:30:00+00:00,3988.1,3989.0,3970.37,3974.55,572.418,2276672.50314
2025-11-03 00:00:00+00:00,3974.55,3980.61,3956.23,3965.23,795.238,3154445.87932
2025-11-03 00:30:00+00:00,3965.23,3972.08,3957.17,3963.83,546.507,2167287.21453
2025-11-03 01:00:00+00:00,3963.83,3991.97,3960.19,3990.49,511.717,2034479.64933
2025-11-03 01:30:00+00:00,3990.49,3996.28,3983.35,3990.0,420.255,1676977.38234
2025-11-03 02:00:00+00:00,3990.0,3998.79,3984.97,3989.08,305.506,1219162.91906
2025-11-03 02:30:00+00:00,3989.08,3999.59,3988.28,3996.61,363.608,1452139.49695
2025-11-03 03:00:00+00:00,3996.61,4003.97,3995.31,3998.23,386.885,1547278.95817
2025-11-03 03:30:00+00:00,3998.23,4006.71,3997.62,4000.3,632.607,2532340.04408
2025-11-03 04:00:00+00:00,4000.3,4004.68,3994.04,3996.35,624.987,2499854.20013
2025-11-03 04:30:00+00:00,3996.35,3999.89,3993.89,3996.38,382.216,1527468.56677
2025-11-03 05:00:00+00:00,3996.38,4003.69,3989.01,4003.14,508.151,2030908.8629
2025-11-03 05:30:00+00:00,4003.14,4010.0,4002.95,4004.88,516.068,2067653.74203
2025-11-03 06:00:00+00:00,4004.88,4010.4,4002.0,4008.97,643.95,2580171.36609
2025-11-03 06:30:00+00:00,4008.97,4010.96,4006.59,4010.63,297.489,1192516.15806
2025-11-03 07:00:00+00:00,4010.63,4014.8,4007.32,4012.31,532.853,2137157.33656
2025-11-03 07:30:00+00:00,4012.31,4018.35,4008.44,4018.05,545.781,2190730.38591
2025-11-03 08:00:00+00:00,4018.05,4021.5,4005.25,4008.93,565.598,2270614.05256
2025-11-03 08:30:00+00:00,4008.93,4014.4,4006.69,4013.66,366.691,1470492.6748
2025-11-03 09:00:00+00:00,4013.66,4019.61,3999.5,4000.58,512.945,2057255.92243
2025-11-03 09:30:00+00:00,4000.58,4001.86,3986.53,3994.88,604.824,2415779.42022
2025-11-03 10:00:00+00:00,3994.88,3997.88,3985.95,3992.98,543.442,2169636.03123
2025-11-03 10:30:00+00:00,3992.98,3995.6,3988.37,3993.25,1626.754,6492669.00149
2025-11-03 11:00:00+00:00,3993.25,4000.82,3989.37,4000.4,410.964,1642149.44958
2025-11-03 11:30:00+00:00,4000.4,4002.0,3996.01,4001.22,288.53,1153842.23542
2025-11-03 12:00:00+00:00,4001.22,4003.58,3994.85,3998.37,388.001,1551631.89116
2025-11-03 12:30:00+00:00,3998.37,4007.0,3997.4,4006.7,373.849,1496500.38502
2025-11-03 13:00:00+00:00,4006.7,4012.81,4004.84,4008.22,624.162,2502029.46899
2025-11-03 13:30:00+00:00,4008.22,4012.51,4003.65,4010.71,484.269,1941795.77639
2025-11-03 14:00:00+00:00,4010.71,4013.86,4002.35,4003.35,651.026,2610340.70537
2025-11-03 14:30:00+00:00,4003.35,4018.98,3995.52,4016.15,918.433,3680809.10994
2025-11-03 15:00:00+00:00,4016.15,4023.01,4000.21,4001.96,916.59,3679609.56777
2025-11-03 15:30:00+00:00,4001.96,4014.3,3994.27,3998.93,1623.241,6500808.54139
2025-11-03 16:00:00+00:00,3998.93,4004.57,3988.31,3991.13,913.895,3652012.18845
2025-11-03 16:30:00+00:00,3991.13,4002.35,3986.23,4001.0,557.537,2226607.52822
2025-11-03 17:00:00+00:00,4001.0,4005.65,3997.01,4000.69,563.974,2256744.21366
2025-11-03 17:30:00+00:00,4000.69,4002.1,3998.22,4001.11,206.972,827947.84764
2025-11-03 18:00:00+00:00,4001.11,4001.11,3992.79,3995.08,255.636,1021673.93619
2025-11-03 18:30:00+00:00,3995.08,4002.28,3995.07,3999.64,311.179,1244538.17467
2025-11-03 19:00:00+00:00,3999.64,4001.37,3988.09,3997.32,537.103,2145216.1308
2025-11-03 19:30:00+00:00,3997.32,4001.5,3993.7,3998.74,214.406,857256.92902
2025-11-03 20:00:00+00:00,3998.74,4006.51,3998.62,4004.69,457.927,1833277.58322
2025-11-03 20:30:00+00:00,4004.69,4005.04,4000.05,4002.87,302.573,1211178.4687
2025-11-03 21:00:00+00:00,4002.87,4003.73,3993.95,3993.95,329.262,1316819.42817
2025-11-03 21:30:00+00:00,3993.95,3997.24,3993.37,3995.27,123.857,494848.01031
2025-11-03 22:00:00+00:00,3995.27,3999.7,3992.31,3999.44,165.816,662502.89758
2025-11-03 22:30:00+00:00,3999.44,3999.44,3995.09,3996.13,89.725,358709.00154
2025-11-03 23:00:00+00:00,3996.13,3997.29,3975.48,3987.57,630.144,2510956.61771
2025-11-03 23:30:00+00:00,3987.57,3991.95,3985.22,3991.4,329.89,1316101.98724
2025-11-04 00:00:00+00:00,3991.4,3991.98,3982.79,3984.8,416.546,1661049.69338
2025-11-04 00:30:00+00:00,3984.8,3985.99,3971.44,3980.95,585.048,2327870.37308
2025-11-04 01:00:00+00:00,3980.95,3986.74,3974.95,3978.75,525.532,2092668.72226
2025-11-04 01:30:00+00:00,3978.75,3983.88,3973.75,3982.45,430.89,1714763.72258
2025-11-04 02:00:00+00:00,3982.45,3982.45,3968.35,3977.16,466.316,1852677.92333
2025-11-04 02:30:00+00:00,3977.16,3978.57,3967.84,3978.24,352.133,1399156.88471
2025-11-04 03:00:00+00:00,3978.24,3987.2,3975.05,3986.81,288.199,1147150.541
2025-11-04 03:30:00+00:00,3986.81,3992.8,3985.45,3988.74,229.641,915945.46574
2025-11-04 04:00:00+00:00,3988.74,3989.0,3980.77,3985.59,244.454,973982.39791
2025-11-04 04:30:00+00:00,3985.59,3986.95,3976.85,3978.15,358.535,1427351.34427
2025-11-04 05:00:00+00:00,3978.15,3979.78,3973.86,3974.15,536.985,2135494.60401
2025-11-04 05:30:00+00:00,3974.15,3977.09,3962.31,3962.31,1085.167,4307829.60342
2025-11-04 06:00:00+00:00,3962.31,3967.68,3956.52,3966.5,1173.792,4651380.97696
2025-11-04 06:30:00+00:00,3966.5,3976.29,3964.71,3975.46,672.725,2671363.59796
2025-11-04 07:00:00+00:00,3975.46,3985.74,3971.56,3984.19,785.221,3124042.62426
2025-11-04 07:30:00+00:00,3984.19,3988.66,3982.06,3987.01,520.938,2075770.96461
2025-11-04 08:00:00+00:00,3987.01,3990.13,3982.07,3990.11,745.209,2971125.91588
2025-11-04 08:30:00+00:00,3990.11,3992.13,3986.21,3989.02,351.784,1403517.73698
2025-11-04 09:00:00+00:00,3989.02,3990.02,3981.4,3984.21,445.059,1773620.26347
2025-11-04 09:30:00+00:00,3984.21,3991.18,3982.14,3983.17,559.841,2232027.12407
2025-11-04 10:00:00+00:00,3983.17,3986.29,3976.45,3983.34,421.442,1678039.61645
2025-11-04 10:30:00+00:00,3983.34,3988.29,3981.74,3984.5,220.488,878584.81328
2025-11-04 11:00:00+00:00,3984.5,3987.95,3983.97,3987.4,240.464,958465.09661
2025-11-04 11:30:00+00:00,3987.4,3988.83,3984.41,3986.25,248.947,992512.32047
2025-11-04 12:00:00+00:00,3986.25,3987.84,3981.01,3981.01,326.312,1300411.86487
2025-11-04 12:30:00+00:00,3981.01,3982.4,3974.12,3974.81,633.78,2520849.89617
2025-11-04 13:00:00+00:00,3974.81,3985.4,3972.77,3975.14,892.958,3552849.1306
2025-11-04 13:30:00+00:00,3975.14,3976.71,3962.56,3966.13,768.853,3051725.83927
2025-11-04 14:00:00+00:00,3966.13,3971.17,3945.06,3945.06,937.602,3713331.875
2025-11-04 14:30:00+00:00,3945.06,3952.74,3922.53,3950.38,1770.055,6966036.13118
2025-11-04 15:00:00+00:00,3950.38,3951.73,3936.07,3943.65,652.221,2572702.82497
2025-11-04 15:30:00+00:00,3943.65,3961.01,3943.15,3949.15,576.491,2279013.82324
2025-11-04 16:00:00+00:00,3949.15,3963.64,3949.13,3962.69,899.417,3558759.08562
2025-11-04 16:30:00+00:00,3962.69,3962.69,3952.95,3956.97,527.439,2087199.93353
2025-11-04 17:00:00+00:00,3956.97,3958.38,3946.61,3947.39,951.522,3759913.27448
2025-11-04 17:30:00+00:00,3947.39,3953.28,3938.94,3941.45,546.846,2158149.35518
2025-11-04 18:00:00+00:00,3941.45,3942.2,3932.16,3935.66,555.239,2186531.6265
2025-11-04 18:30:00+00:00,3935.66,3936.58,3907.9,3926.09,1346.214,5276951.94354
2025-11-04 19:00:00+00:00,3926.09,3933.71,3920.01,3930.5,595.79,2339449.23817
2025-11-04 19:30:00+00:00,3930.5,3931.15,3922.57,3927.1,438.22,1721156.27441
2025-11-04 20:00:00+00:00,3927.1,3928.98,3919.25,3927.35,687.205,2695749.14649
2025-11-04 20:30:00+00:00,3927.35,3933.91,3925.58,3928.0,539.08,2117938.15589
2025-11-04 21:00:00+00:00,3928.0,3928.88,3920.2,3923.14,294.708,1156295.92602
2025-11-04 21:30:00+00:00,3923.14,3927.3,3919.25,3923.52,445.309,1746779.53926
2025-11-04 22:00:00+00:00,3923.52,3931.9,3923.09,3931.39,249.851,981441.80872
2025-11-04 22:30:00+00:00,3931.39,3932.18,3923.87,3924.64,151.422,594857.99744
2025-11-04 23:00:00+00:00,3924.64,3929.47,3922.33,3927.58,358.639,1408227.12182
2025-11-04 23:30:00+00:00,3927.58,3929.84,3921.84,3926.6,800.643,3143576.06513
2025-11-05 00:00:00+00:00,3926.6,3933.24,3924.34,3929.35,561.291,2205157.56069
2025-11-05 00:30:00+00:00,3929.35,3929.56,3917.79,3927.56,884.551,3471247.06825
2025-11-05 01:00:00+00:00,3927.56,3935.18,3925.18,3931.91,604.682,2375851.52259
2025-11-05 01:30:00+00:00,3931.91,3934.73,3923.07,3924.67,691.764,2717337.99058
2025-11-05 02:00:00+00:00,3924.67,3932.91,3924.64,3929.76,514.496,2021275.16644
2025-11-05 02:30:00+00:00,3929.76,3943.12,3929.76,3941.91,475.916,1874230.12246
2025-11-05 03:00:00+00:00,3941.91,3949.58,3941.03,3947.14,372.151,1468625.37762
2025-11-05 03:30:00+00:00,3947.14,3958.23,3946.19,3954.91,449.615,1777227.90758
2025-11-05 04:00:00+00:00,3954.91,3958.34,3954.15,3956.7,167.565,662899.65534
2025-11-05 04:30:00+00:00,3956.7,3964.7,3955.63,3959.52,630.611,2497531.96004
2025-11-05 05:00:00+00:00,3959.52,3968.87,3956.79,3965.81,363.035,1438447.25655
2025-11-05 05:30:00+00:00,3965.81,3965.81,3951.77,3953.69,560.787,2219743.46116
2025-11-05 06:00:00+00:00,3953.69,3957.66,3950.41,3955.86,818.593,3237277.55163
2025-11-05 06:30:00+00:00,3955.86,3962.31,3953.24,3956.2,499.34,1976248.5086
2025-11-05 07:00:00+00:00,3956.2,3956.82,3951.34,3954.41,538.022,2127557.7646
2025-11-05 07:30:00+00:00,3954.41,3962.12,3954.2,3960.0,245.628,972049.85265
2025-11-05 08:00:00+00:00,3960.0,3973.38,3959.86,3968.27,1086.815,4312710.40409
2025-11-05 08:30:00+00:00,3968.27,3972.41,3966.24,3966.76,609.803,2420955.59097
2025-11-05 09:00:00+00:00,3966.76,3968.33,3952.22,3953.89,685.221,2714199.14583
2025-11-05 09:30:00+00:00,3953.89,3962.23,3953.15,3961.52,431.019,1705913.30031
2025-11-05 10:00:00+00:00,3961.52,3961.63,3946.8,3953.77,736.559,2911208.31806
2025-11-05 10:30:00+00:00,3953.77,3957.51,3948.05,3952.26,522.792,2066671.14782
2025-11-05 11:00:00+00:00,3952.26,3957.05,3946.22,3947.35,439.604,1736812.27533
2025-11-05 11:30:00+00:00,3947.35,3956.58,3947.07,3956.58,344.513,1361567.2325
2025-11-05 12:00:00+00:00,3956.58,3959.59,3949.95,3958.32,401.953,1589495.79701
2025-11-05 12:30:00+00:00,3958.32,3959.99,3954.1,3959.99,275.04,1088098.12671
2025-11-05 13:00:00+00:00,3959.99,3965.7,3953.46,3965.7,785.057,3108844.67726
2025-11-05 13:30:00+00:00,3965.7,3967.83,3959.51,3963.82,708.428,2807736.59481
2025-11-05 14:00:00+00:00,3963.82,3974.05,3962.31,3972.81,370.288,1469258.23502
2025-11-05 14:30:00+00:00,3972.81,3974.4,3959.35,3963.69,974.792,3868294.7502
2025-11-05 15:00:00+00:00,3963.69,3968.09,3954.31,3968.09,916.152,3628040.39123
2025-11-05 15:30:00+00:00,3968.09,3973.3,3967.33,3968.86,631.449,2507312.93218
2025-11-05 16:00:00+00:00,3968.86,3972.3,3964.41,3970.73,379.233,1504981.15257
2025-11-05 16:30:00+00:00,3970.73,3979.27,3967.85,3977.37,647.705,2574072.10241
2025-11-05 17:00:00+00:00,3977.37,3979.31,3970.95,3974.96,429.598,1707692.10815
2025-11-05 17:30:00+00:00,3974.96,3976.5,3972.73,3973.86,396.073,1574304.40114
2025-11-05 18:00:00+00:00,3973.86,3977.62,3970.63,3975.88,268.972,1069049.86236
2025-11-05 18:30:00+00:00,3975.88,3976.8,3971.55,3974.05,264.087,1049272.30796
2025-11-05 19:00:00+00:00,3974.05,3977.21,3970.95,3974.62,277.902,1104404.45656
2025-11-05 19:30:00+00:00,3974.62,3978.43,3972.66,3978.01,149.533,594588.22333
2025-11-05 20:00:00+00:00,3978.01,3979.65,3976.46,3978.21,253.017,1006645.35129
2025-11-05 20:30:00+00:00,3978.21,3979.59,3973.53,3975.62,354.524,1409521.88226
2025-11-05 21:00:00+00:00,3975.62,3976.2,3973.53,3974.21,122.803,488122.8843
2025-11-05 21:30:00+00:00,3974.21,3975.96,3971.43,3972.81,105.759,420314.40435
2025-11-05 22:00:00+00:00,3972.81,3972.81,3970.05,3970.34,21.463,85231.14979
2025-11-05 22:30:00+00:00,3970.34,3974.48,3970.34,3974.26,66.4,263783.44105
2025-11-05 23:00:00+00:00,3974.26,3975.39,3956.36,3962.33,1104.147,4376822.52099
2025-11-05 23:30:00+00:00,3962.33,3968.38,3962.32,3965.64,237.095,940207.927
2025-11-06 00:00:00+00:00,3965.64,3966.54,3960.51,3965.77,279.951,1109686.67623
2025-11-06 00:30:00+00:00,3965.77,3965.8,3960.39,3965.69,194.088,769247.89421
2025-11-06 01:00:00+00:00,3965.69,3966.16,3953.38,3956.93,578.929,2292443.92571
2025-11-06 01:30:00+00:00,3956.93,3965.79,3955.17,3965.78,191.749,759434.65842
2025-11-06 02:00:00+00:00,3965.78,3967.84,3963.08,3966.74,269.483,1068735.0635
2025-11-06 02:30:00+00:00,3966.74,3973.08,3966.74,3972.18,247.494,982719.80755
2025-11-06 03:00:00+00:00,3972.18,3975.78,3969.41,3975.44,241.779,960548.46192
2025-11-06 03:30:00+00:00,3975.44,3980.7,3975.43,3978.76,200.626,798147.40208
2025-11-06 04:00:00+00:00,3978.76,3979.12,3975.79,3978.18,106.676,424342.46074
2025-11-06 04:30:00+00:00,3978.18,3980.43,3976.16,3979.65,128.112,509657.23161
2025-11-06 05:00:00+00:00,3979.65,3980.79,3974.39,3979.8,265.526,1056145.56792
2025-11-06 05:30:00+00:00,3979.8,3979.84,3973.34,3976.99,352.398,1401467.18057
2025-11-06 06:00:00+00:00,3976.99,3978.39,3973.25,3976.53,287.379,1142629.10305
2025-11-06 06:30:00+00:00,3976.53,3979.1,3970.9,3978.64,309.939,1232071.01041
2025-11-06 07:00:00+00:00,3978.64,3996.36,3978.64,3993.54,824.801,3291158.87334
2025-11-06 07:30:00+00:00,3993.54,4001.74,3993.18,3994.2,462.944,1850580.91977
2025-11-06 08:00:00+00:00,3994.2,4005.41,3993.44,4005.4,520.269,2080851.96013
2025-11-06 08:30:00+00:00,4005.4,4006.11,3998.67,4004.13,371.757,1488093.11294
2025-11-06 09:00:00+00:00,4004.13,4005.0,4000.88,4002.25,438.333,1754678.88004
2025-11-06 09:30:00+00:00,4002.25,4003.31,4000.76,4002.13,163.216,653264.9976
2025-11-06 10:00:00+00:00,4002.13,4002.54,3994.22,3995.2,415.837,1662407.74122
2025-11-06 10:30:00+00:00,3995.2,4000.1,3994.0,3999.36,207.116,827868.36038
2025-11-06 11:00:00+00:00,3999.36,4002.0,3997.63,3999.2,270.851,1083357.78604
2025-11-06 11:30:00+00:00,3999.2,4008.72,3999.19,4008.05,329.161,1318509.77152
2025-11-06 12:00:00+00:00,4008.05,4010.8,4001.39,4002.81,498.745,1997773.93773
2025-11-06 12:30:00+00:00,4002.81,4003.79,3993.05,3994.69,557.739,2229285.53053
2025-11-06 13:00:00+00:00,3994.69,4005.55,3993.19,4002.9,403.631,1614757.44893
2025-11-06 13:30:00+00:00,4002.9,4004.78,4000.31,4000.87,396.865,1588430.58431
2025-11-06 14:00:00+00:00,4000.87,4002.0,3976.53,3978.44,1403.446,5600208.91113
2025-11-06 14:30:00+00:00,3978.44,3989.15,3977.49,3979.71,718.375,2861575.27146
2025-11-06 15:00:00+00:00,3979.71,3979.84,3964.3,3972.38,991.179,3936063.97369
2025-11-06 15:30:00+00:00,3972.38,3972.38,3960.01,3968.14,969.297,3844594.23285
2025-11-06 16:00:00+00:00,3968.14,3973.28,3965.48,3973.28,538.873,2139242.95189
2025-11-06 16:30:00+00:00,3973.28,3973.29,3965.01,3970.16,670.589,2661787.91689
2025-11-06 17:00:00+00:00,3970.16,3973.8,3954.43,3958.8,814.268,3227637.98887
2025-11-06 17:30:00+00:00,3958.8,3975.93,3957.42,3975.52,459.144,1822119.93026
2025-11-06 18:00:00+00:00,3975.52,3977.72,3970.13,3971.08,579.655,2303185.18734
2025-11-06 18:30:00+00:00,3971.08,3979.74,3971.08,3976.76,156.234,621388.69567
2025-11-06 19:00:00+00:00,3976.76,3983.1,3976.31,3980.76,143.634,571721.82904
2025-11-06 19:30:00+00:00,3980.76,3980.76,3969.73,3972.1,396.292,1574701.50731
2025-11-06 20:00:00+00:00,3972.1,3973.87,3970.06,3971.11,134.22,533135.68647
2025-11-06 20:30:00+00:00,3971.11,3973.48,3967.74,3969.56,259.214,1029183.11716
2025-11-06 21:00:00+00:00,3969.56,3971.89,3965.9,3970.59,264.206,1048711.11746
2025-11-06 21:30:00+00:00,3970.59,3970.59,3965.11,3966.69,80.784,320530.54102
2025-11-06 22:00:00+00:00,3966.69,3970.28,3966.69,3966.76,61.462,243857.96128
2025-11-06 22:30:00+00:00,3966.76,3969.84,3963.15,3966.13,180.84,717264.43681
2025-11-06 23:00:00+00:00,3966.13,3973.85,3962.53,3972.18,445.754,1768673.34315
2025-11-06 23:30:00+00:00,3972.18,3977.27,3969.18,3977.26,118.818,472059.56115
2025-11-07 00:00:00+00:00,3977.26,3979.39,3970.3,3978.19,297.58,1183050.09111
2025-11-07 00:30:00+00:00,3978.19,3980.9,3976.23,3977.68,107.635,428194.85644
2025-11-07 01:00:00+00:00,3977.68,3988.0,3976.01,3984.28,346.002,1377983.9704
2025-11-07 01:30:00+00:00,3984.28,3990.0,3983.04,3989.06,160.411,639620.57198
2025-11-07 02:00:00+00:00,3989.06,3990.99,3983.83,3984.55,217.861,868734.74309
2025-11-07 02:30:00+00:00,3984.55,3986.59,3980.41,3984.83,194.222,773618.10756
2025-11-07 03:00:00+00:00,3984.83,3985.74,3979.26,3982.54,562.878,2241486.41457
2025-11-07 03:30:00+00:00,3982.54,3986.15,3979.28,3980.19,195.13,777187.92232
2025-11-07 04:00:00+00:00,3980.19,3986.42,3975.69,3985.0,260.792,1037803.71468
2025-11-07 04:30:00+00:00,3985.0,3988.29,3982.54,3988.29,142.333,567354.62663
2025-11-07 05:00:00+00:00,3988.29,3989.59,3982.36,3984.46,208.857,832578.48201
2025-11-07 05:30:00+00:00,3984.46,3987.02,3982.42,3983.81,376.947,1502028.88388
2025-11-07 06:00:00+00:00,3983.81,3986.98,3981.69,3985.79,180.629,719702.77042
2025-11-07 06:30:00+00:00,3985.79,3994.49,3984.02,3993.63,254.138,1013936.05323
2025-11-07 07:00:00+00:00,3993.63,3996.69,3990.17,3990.39,282.782,1129376.95161
2025-11-07 07:30:00+00:00,3990.39,3994.05,3990.36,3994.05,140.975,562792.37801
2025-11-07 08:00:00+00:00,3994.05,3996.32,3991.8,3993.2,309.086,1234429.72495
2025-11-07 08:30:00+00:00,3993.2,3997.0,3991.89,3996.71,205.289,819934.7934
2025-11-07 09:00:00+00:00,3996.71,3999.08,3994.44,3994.45,212.567,849481.2098
2025-11-07 09:30:00+00:00,3994.45,3996.02,3988.94,3994.42,299.677,1196590.71955
2025-11-07 10:00:00+00:00,3994.42,3996.25,3990.0,3992.15,221.164,883315.23235
2025-11-07 10:30:00+00:00,3992.15,3993.48,3989.0,3993.48,69.846,278763.10156
2025-11-07 11:00:00+00:00,3993.48,3995.0,3983.19,3983.39,331.105,1320744.22126
2025-11-07 11:30:00+00:00,3983.39,3989.05,3978.77,3988.26,244.843,975432.8524
2025-11-07 12:00:00+00:00,3988.26,3992.86,3983.16,3983.16,209.193,834642.69243
2025-11-07 12:30:00+00:00,3983.16,3983.88,3977.68,3980.92,185.038,736716.6727
2025-11-07 13:00:00+00:00,3980.92,3986.06,3977.03,3981.6,257.649,1025957.15309
2025-11-07 13:30:00+00:00,3981.6,3984.34,3977.19,3982.13,202.799,807099.51756
2025-11-07 14:00:00+00:00,3982.13,3991.55,3980.52,3984.7,214.924,856773.23163
2025-11-07 14:30:00+00:00,3984.7,3985.33,3968.11,3977.18,664.054,2639612.33942
2025-11-07 15:00:00+00:00,3977.18,3981.99,3972.58,3977.09,322.17,1281233.38251
2025-11-07 15:30:00+00:00,3977.09,3979.51,3968.59,3975.31,208.1,826937.91742
2025-11-07 16:00:00+00:00,3975.31,3991.99,3974.3,3990.92,319.753,1274128.29779
2025-11-07 16:30:00+00:00,3990.92,4007.5,3989.5,3990.51,913.985,3655897.19605
2025-11-07 17:00:00+00:00,3990.51,3992.79,3978.26,3986.65,886.596,3531539.03614
2025-11-07 17:30:00+00:00,3986.65,3993.96,3981.8,3993.19,596.211,2376959.28923
2025-11-07 18:00:00+00:00,3993.19,3996.43,3987.99,3991.2,449.533,1794721.27531
2025-11-07 18:30:00+00:00,3991.2,3995.69,3991.2,3994.54,271.121,1082753.24184
2025-11-07 19:00:00+00:00,3994.54,3997.99,3992.55,3995.39,209.646,837797.59838
2025-11-07 19:30:00+00:00,3995.39,3996.76,3989.85,3994.39,505.007,2016760.74867
2025-11-07 20:00:00+00:00,3994.39,3994.39,3983.05,3987.54,416.626,1662412.98326
2025-11-07 20:30:00+00:00,3987.54,3994.47,3986.64,3992.96,205.323,819111.97946
2025-11-07 21:00:00+00:00,3992.96,3994.44,3990.54,3991.22,93.859,374717.90952
2025-11-07 21:30:00+00:00,3991.22,3991.35,3987.61,3988.94,165.866,661735.13305
2025-11-07 22:00:00+00:00,3988.94,3988.94,3986.84,3986.84,51.637,205925.16886
2025-11-07 22:30:00+00:00,3986.84,3989.01,3986.84,3989.01,80.404,320602.91639
2025-11-07 23:00:00+00:00,3989.01,3989.57,3980.0,3984.88,190.123,757410.78315
2025-11-07 23:30:00+00:00,3984.88,3986.09,3980.07,3981.66,127.845,509356.41941
2025-11-08 00:00:00+00:00,3981.66,3988.81,3981.66,3986.16,140.134,558615.48615
2025-11-08 00:30:00+00:00,3986.16,3986.75,3984.74,3984.74,73.651,293545.0203
2025-11-08 01:00:00+00:00,3984.74,3990.49,3983.45,3990.36,88.858,354291.27373
2025-11-08 01:30:00+00:00,3990.36,3991.55,3988.2,3991.5,40.786,162766.78235
2025-11-08 02:00:00+00:00,3991.5,3991.51,3988.71,3988.71,52.744,210447.84521
2025-11-08 02:30:00+00:00,3988.71,3991.62,3986.89,3986.89,78.701,313957.99887
2025-11-08 03:00:00+00:00,3986.89,3991.89,3986.89,3991.85,77.419,308859.1906
2025-11-08 03:30:00+00:00,3991.85,3991.86,3986.81,3988.47,64.665,257918.56287
2025-11-08 04:00:00+00:00,3988.47,3989.67,3986.16,3986.17,62.981,251105.06463
2025-11-08 04:30:00+00:00,3986.17,3989.0,3986.01,3986.01,49.556,197608.96081
2025-11-08 05:00:00+00:00,3986.01,3986.05,3983.64,3985.42,78.419,312488.74547
2025-11-08 05:30:00+00:00,3985.42,3985.43,3981.79,3983.24,152.213,606293.52331
2025-11-08 06:00:00+00:00,3983.24,3985.35,3981.0,3983.8,122.385,487468.81639
2025-11-08 06:30:00+00:00,3983.8,3986.27,3983.8,3986.26,29.923,119256.38695
2025-11-08 07:00:00+00:00,3986.26,3986.27,3983.12,3984.42,31.145,124076.66277
2025-11-08 07:30:00+00:00,3984.42,3984.43,3982.4,3982.41,51.198,203936.64476
2025-11-08 08:00:00+00:00,3982.41,3984.8,3982.4,3983.46,61.712,245823.40883
2025-11-08 08:30:00+00:00,3983.46,3986.0,3983.46,3985.91,63.379,252555.60792
2025-11-08 09:00:00+00:00,3985.91,3985.91,3984.17,3985.31,35.765,142528.14471
2025-11-08 09:30:00+00:00,3985.31,3985.31,3984.01,3984.01,39.19,156167.00697
2025-11-08 10:00:00+00:00,3984.01,3985.84,3983.68,3984.23,63.946,254790.9175
2025-11-08 10:30:00+00:00,3984.23,3987.51,3983.86,3987.51,45.054,179546.87595
2025-11-08 11:00:00+00:00,3987.51,3990.62,3985.98,3986.84,97.55,389072.56957
2025-11-08 11:30:00+00:00,3986.84,3990.58,3986.33,3988.32,47.623,189924.32777
2025-11-08 12:00:00+00:00,3988.32,3988.32,3984.46,3987.62,90.274,359835.53366
2025-11-08 12:30:00+00:00,3987.62,3987.75,3984.99,3987.75,36.622,146004.44433
2025-11-08 13:00:00+00:00,3987.75,3988.29,3985.7,3985.7,25.095,100052.21622
2025-11-08 13:30:00+00:00,3985.7,3985.71,3982.84,3983.03,26.793,106750.55842
2025-11-08 14:00:00+00:00,3983.03,3984.99,3979.58,3981.45,196.835,783663.20476
2025-11-08 14:30:00+00:00,3981.45,3983.81,3981.06,3982.16,62.02,246969.57395
2025-11-08 15:00:00+00:00,3982.16,3982.16,3979.15,3979.15,46.735,186034.56412
2025-11-08 15:30:00+00:00,3979.15,3981.53,3979.1,3980.79,62.215,247621.04964
2025-11-08 16:00:00+00:00,3980.79,3982.03,3979.7,3980.91,47.838,190435.04582
2025-11-08 16:30:00+00:00,3980.91,3980.92,3979.45,3980.2,17.234,68599.21757
2025-11-08 17:00:00+00:00,3980.2,3983.78,3980.2,3982.11,65.252,259840.37189
2025-11-08 17:30:00+00:00,3982.11,3982.58,3980.83,3980.84,24.125,96066.37866
2025-11-08 18:00:00+00:00,3980.84,3980.84,3979.04,3979.04,10.5,41788.96725
2025-11-08 18:30:00+00:00,3979.04,3981.44,3978.98,3979.9,45.113,179535.83408
2025-11-08 19:00:00+00:00,3979.9,3981.44,3978.93,3979.83,41.072,163453.70136
2025-11-08 19:30:00+00:00,3979.83,3982.74,3979.39,3982.22,26.226,104388.77591
2025-11-08 20:00:00+00:00,3982.22,3983.43,3980.28,3980.5,33.324,132683.49572
2025-11-08 20:30:00+00:00,3980.5,3982.67,3980.5,3982.67,12.125,48279.90273
2025-11-08 21:00:00+00:00,3982.67,3983.85,3982.67,3983.85,10.113,40286.32474
2025-11-08 21:30:00+00:00,3983.85,3984.0,3982.46,3984.0,7.559,30107.90255
2025-11-08 22:00:00+00:00,3984.0,3984.0,3983.6,3983.9,8.974,35749.72473
2025-11-08 22:30:00+00:00,3983.9,3984.34,3982.61,3983.3,22.347,89017.63762
2025-11-08 23:00:00+00:00,3983.3,3984.28,3981.44,3982.63,26.384,105081.80416
2025-11-08 23:30:00+00:00,3982.63,3982.63,3982.16,3982.16,8.307,33081.58671
2025-11-09 00:00:00+00:00,3982.16,3985.95,3980.83,3983.57,79.252,315678.09406
2025-11-09 00:30:00+00:00,3983.57,3985.6,3983.56,3984.82,15.831,63081.29883
2025-11-09 01:00:00+00:00,3984.82,3986.67,3984.82,3986.49,56.948,226964.43993
2025-11-09 01:30:00+00:00,3986.49,3986.49,3984.16,3985.46,37.082,147770.47843
2025-11-09 02:00:00+00:00,3985.46,3986.06,3984.76,3984.77,14.637,58336.56612
2025-11-09 02:30:00+00:00,3984.77,3984.88,3980.28,3980.29,69.461,276667.34001
2025-11-09 03:00:00+00:00,3980.29,3982.18,3980.28,3981.18,17.378,69184.9939
2025-11-09 03:30:00+00:00,3981.18,3981.18,3980.17,3980.52,15.923,63380.64979
2025-11-09 04:00:00+00:00,3980.52,3981.45,3980.52,3981.14,31.056,123633.44836
2025-11-09 04:30:00+00:00,3981.14,3982.0,3981.14,3981.99,6.501,25885.0503
2025-11-09 05:00:00+00:00,3981.99,3985.08,3981.99,3985.08,19.964,79530.765
2025-11-09 05:30:00+00:00,3985.08,3986.03,3984.96,3986.03,30.764,122597.53594
2025-11-09 06:00:00+00:00,3986.03,3986.03,3986.0,3986.0,18.144,72322.35019
2025-11-09 06:30:00+00:00,3986.0,3987.77,3985.0,3985.0,38.588,153831.22677
2025-11-09 07:00:00+00:00,3985.0,3987.77,3985.0,3987.29,32.686,130318.30699
2025-11-09 07:30:00+00:00,3987.29,3988.42,3986.0,3988.32,79.159,315612.22305
2025-11-09 08:00:00+00:00,3988.32,3988.32,3983.43,3983.44,28.1,111995.82353
2025-11-09 08:30:00+00:00,3983.44,3986.3,3982.42,3982.49,33.777,134569.89192
2025-11-09 09:00:00+00:00,3982.49,3984.35,3981.21,3982.0,59.199,235770.68877
2025-11-09 09:30:00+00:00,3982.0,3986.35,3981.21,3986.35,54.623,217576.15163
2025-11-09 10:00:00+00:00,3986.35,3986.36,3985.22,3986.01,30.422,121260.98222
2025-11-09 10:30:00+00:00,3986.01,3986.14,3982.22,3983.35,34.492,137449.30164
2025-11-09 11:00:00+00:00,3983.35,3984.91,3983.34,3984.51,19.369,77169.48682
2025-11-09 11:30:00+00:00,3984.51,3984.51,3984.5,3984.5,6.871,27377.56152
2025-11-09 12:00:00+00:00,3984.5,3986.9,3983.89,3983.89,48.669,193976.96125
2025-11-09 12:30:00+00:00,3983.89,3985.71,3983.89,3984.5,79.464,316657.31501
2025-11-09 13:00:00+00:00,3984.5,3985.66,3984.5,3985.44,19.23,76638.80549
2025-11-09 13:30:00+00:00,3985.44,3985.45,3984.51,3984.99,36.38,144981.72159
2025-11-09 14:00:00+00:00,3984.99,3988.15,3983.99,3987.6,104.831,417882.16321
2025-11-09 14:30:00+00:00,3987.6,3991.61,3986.08,3987.54,214.679,856362.35833
2025-11-09 15:00:00+00:00,3987.54,3990.2,3986.79,3988.99,66.547,265444.08826
2025-11-09 15:30:00+00:00,3988.99,3991.23,3988.37,3988.38,142.899,570157.62993
2025-11-09 16:00:00+00:00,3988.38,3988.98,3986.56,3988.84,43.648,174064.9091
2025-11-09 16:30:00+00:00,3988.84,3990.16,3987.88,3988.42,45.976,183384.74399
2025-11-09 17:00:00+00:00,3988.42,3989.18,3986.67,3987.99,51.192,204169.40143
2025-11-09 17:30:00+00:00,3987.99,3989.59,3986.65,3988.6,47.892,191000.32287
2025-11-09 18:00:00+00:00,3988.6,3990.2,3988.42,3988.55,19.631,78309.40531
2025-11-09 18:30:00+00:00,3988.55,3990.28,3986.37,3986.37,64.285,256397.29829
2025-11-09 19:00:00+00:00,3986.37,3990.47,3984.85,3989.02,81.413,324620.23384
2025-11-09 19:30:00+00:00,3989.02,3989.82,3987.34,3987.56,46.395,185038.73784
2025-11-09 20:00:00+00:00,3987.56,3990.99,3987.33,3990.39,52.699,210247.33734
2025-11-09 20:30:00+00:00,3990.39,3992.81,3990.39,3992.71,46.421,185308.04839
2025-11-09 21:00:00+00:00,3992.71,3992.85,3990.59,3992.42,33.061,131999.16698
2025-11-09 21:30:00+00:00,3992.42,3992.42,3991.25,3991.55,10.65,42510.57657
2025-11-09 22:00:00+00:00,3991.55,3993.99,3991.55,3993.7,27.938,111565.14358
2025-11-09 22:30:00+00:00,3993.7,3994.01,3990.59,3993.11,70.898,283094.94637
2025-11-09 23:00:00+00:00,3993.11,3997.92,3987.67,3997.5,815.434,3256985.47206
2025-11-09 23:30:00+00:00,3997.5,3999.33,3991.55,3999.32,343.022,1370412.31343
2025-11-10 00:00:00+00:00,3999.32,4003.88,3998.41,4002.7,239.027,956443.42512
2025-11-10 00:30:00+00:00,4002.7,4008.85,3997.23,4008.27,482.884,1933403.44792
2025-11-10 01:00:00+00:00,4008.27,4036.07,4007.79,4031.9,1048.44,4212543.28357
2025-11-10 01:30:00+00:00,4031.9,4038.58,4026.94,4030.12,822.455,3317423.69173
2025-11-10 02:00:00+00:00,4030.12,4034.22,4024.75,4029.38,545.806,2199181.02393
2025-11-10 02:30:00+00:00,4029.38,4035.76,4027.37,4035.47,341.124,1375055.20174
2025-11-10 03:00:00+00:00,4035.47,4036.51,4031.63,4036.21,234.333,945314.13346
2025-11-10 03:30:00+00:00,4036.21,4038.45,4034.28,4038.13,206.404,833241.95033
2025-11-10 04:00:00+00:00,4038.13,4046.21,4038.13,4042.89,454.281,1836804.6444
2025-11-10 04:30:00+00:00,4042.89,4044.44,4038.12,4042.43,216.335,874446.82888
2025-11-10 05:00:00+00:00,4042.43,4043.06,4036.82,4041.36,287.087,1159846.85557
2025-11-10 05:30:00+00:00,4041.36,4060.16,4041.36,4059.25,694.08,2810725.31416
2025-11-10 06:00:00+00:00,4059.25,4064.43,4056.34,4064.42,467.883,1899613.1547
2025-11-10 06:30:00+00:00,4064.42,4068.43,4059.43,4063.27,676.694,2749525.25743
2025-11-10 07:00:00+00:00,4063.27,4066.04,4059.15,4063.15,396.653,1611532.22938
2025-11-10 07:30:00+00:00,4063.15,4066.18,4061.84,4063.49,310.101,1260270.49968
2025-11-10 08:00:00+00:00,4063.49,4071.02,4062.64,4068.1,714.557,2906525.51696
2025-11-10 08:30:00+00:00,4068.1,4072.0,4065.45,4069.83,320.748,1305071.72619
2025-11-10 09:00:00+00:00,4069.83,4070.89,4057.76,4067.0,598.847,2433915.57428
2025-11-10 09:30:00+00:00,4067.0,4071.62,4064.86,4064.87,524.253,2132496.793
2025-11-10 10:00:00+00:00,4064.87,4071.64,4064.87,4067.14,279.453,1137246.93566
2025-11-10 10:30:00+00:00,4067.14,4072.6,4067.14,4071.48,251.216,1022413.56318
2025-11-10 11:00:00+00:00,4071.48,4072.4,4065.42,4071.01,425.023,1729513.49913
2025-11-10 11:30:00+00:00,4071.01,4076.48,4070.07,4076.48,293.884,1197107.11167
2025-11-10 12:00:00+00:00,4076.48,4086.66,4075.83,4085.48,724.202,2955445.74038
2025-11-10 12:30:00+00:00,4085.48,4091.38,4085.48,4089.08,531.581,2173229.35473
2025-11-10 13:00:00+00:00,4089.08,4096.4,4089.08,4094.11,562.377,2302084.92006
2025-11-10 13:30:00+00:00,4094.11,4094.63,4079.99,4082.55,844.067,3449364.52235
2025-11-10 14:00:00+00:00,4082.55,4084.66,4071.44,4076.8,1126.174,4591105.20004
2025-11-10 14:30:00+00:00,4076.8,4076.8,4065.01,4072.82,1161.154,4727187.93663
2025-11-10 15:00:00+00:00,4072.82,4082.2,4072.54,4077.53,980.123,3997513.09455
2025-11-10 15:30:00+00:00,4077.53,4077.55,4065.84,4071.4,500.878,2039780.56075
2025-11-10 16:00:00+00:00,4071.4,4081.82,4070.32,4081.82,235.041,958055.4279
2025-11-10 16:30:00+00:00,4081.82,4083.43,4077.23,4082.96,293.102,1196264.16811
2025-11-10 17:00:00+00:00,4082.96,4087.97,4082.96,4086.9,205.56,839859.39304
2025-11-10 17:30:00+00:00,4086.9,4092.98,4085.45,4091.6,319.662,1306753.85783
2025-11-10 18:00:00+00:00,4091.6,4101.58,4091.39,4101.57,321.082,1315172.87568
2025-11-10 18:30:00+00:00,4101.57,4102.99,4093.14,4098.38,403.82,1654705.7003
2025-11-10 19:00:00+00:00,4098.38,4101.87,4096.37,4101.28,426.768,1749744.88531
2025-11-10 19:30:00+00:00,4101.28,4101.8,4096.81,4099.74,234.277,960316.17352
2025-11-10 20:00:00+00:00,4099.74,4100.55,4091.6,4096.35,231.968,950321.60386
2025-11-10 20:30:00+00:00,4096.35,4098.89,4093.96,4098.38,231.98,950280.66881
2025-11-10 21:00:00+00:00,4098.38,4102.04,4095.75,4098.59,156.905,643244.84429
2025-11-10 21:30:00+00:00,4098.59,4102.21,4097.65,4101.61,147.732,605722.90827
2025-11-10 22:00:00+00:00,4101.61,4101.75,4098.76,4098.78,79.611,326462.81434
2025-11-10 22:30:00+00:00,4098.78,4098.79,4095.04,4096.19,158.01,647351.97268
2025-11-10 23:00:00+00:00,4096.19,4108.59,4095.08,4106.54,538.449,2209867.39896
2025-11-10 23:30:00+00:00,4106.54,4111.2,4104.01,4107.31,372.158,1528493.98264
2025-11-11 00:00:00+00:00,4107.31,4111.82,4104.68,4111.82,282.191,1159208.41377
2025-11-11 00:30:00+00:00,4111.82,4120.0,4111.3,4116.47,418.365,1721637.35404
2025-11-11 01:00:00+00:00,4116.47,4123.74,4112.28,4123.4,750.437,3089564.43282
2025-11-11 01:30:00+00:00,4123.4,4126.67,4116.73,4121.25,921.257,3797064.75244
2025-11-11 02:00:00+00:00,4121.25,4122.2,4115.68,4119.04,510.495,2102564.00416
2025-11-11 02:30:00+00:00,4119.04,4124.94,4115.25,4123.17,443.534,1826986.9217
2025-11-11 03:00:00+00:00,4123.17,4129.5,4122.0,4128.32,314.463,1297669.04084
2025-11-11 03:30:00+00:00,4128.32,4133.28,4128.28,4131.09,237.219,980034.55904
2025-11-11 04:00:00+00:00,4131.09,4133.0,4128.35,4130.41,154.942,639937.05429
2025-11-11 04:30:00+00:00,4130.41,4130.5,4126.21,4128.23,272.374,1124611.2213
2025-11-11 05:00:00+00:00,4128.23,4128.55,4116.73,4120.4,604.292,2491544.66483
2025-11-11 05:30:00+00:00,4120.4,4120.55,4104.84,4113.0,1013.928,4170165.9567
2025-11-11 06:00:00+00:00,4113.0,4120.75,4109.11,4120.75,372.318,1531953.48412
2025-11-11 06:30:00+00:00,4120.75,4120.75,4111.72,4114.79,471.484,1940272.41662
2025-11-11 07:00:00+00:00,4114.79,4118.48,4109.79,4116.04,413.087,1699671.36593
2025-11-11 07:30:00+00:00,4116.04,4116.89,4107.82,4112.37,484.549,1992626.03452
2025-11-11 08:00:00+00:00,4112.37,4123.9,4111.49,4120.57,418.957,1725572.35552
2025-11-11 08:30:00+00:00,4120.57,4121.97,4114.18,4120.41,459.093,1890241.57733
2025-11-11 09:00:00+00:00,4120.41,4129.99,4119.75,4129.69,409.975,1691669.59659
2025-11-11 09:30:00+00:00,4129.69,4130.49,4126.26,4126.27,190.183,785203.48012
2025-11-11 10:00:00+00:00,4126.27,4129.07,4121.05,4127.85,245.072,1010937.27066
2025-11-11 10:30:00+00:00,4127.85,4128.83,4120.89,4126.72,317.116,1307753.81866
2025-11-11 11:00:00+00:00,4126.72,4129.26,4125.53,4126.0,221.548,914428.56704
2025-11-11 11:30:00+00:00,4126.0,4129.41,4124.01,4127.74,310.681,1282008.94114
2025-11-11 12:00:00+00:00,4127.74,4129.1,4120.9,4122.77,224.486,925896.7416
2025-11-11 12:30:00+00:00,4122.77,4125.79,4116.93,4117.83,366.702,1510727.39156
2025-11-11 13:00:00+00:00,4117.83,4128.76,4117.02,4126.15,304.06,1253708.94535
2025-11-11 13:30:00+00:00,4126.15,4131.12,4124.1,4126.37,529.079,2184181.41047
2025-11-11 14:00:00+00:00,4126.37,4126.74,4111.35,4113.67,915.9,3771484.27878
2025-11-11 14:30:00+00:00,4113.67,4117.74,4102.41,4107.14,1645.744,6762021.19847
2025-11-11 15:00:00+00:00,4107.14,4107.31,4072.94,4079.9,1392.734,5701209.71263
2025-11-11 15:30:00+00:00,4079.9,4093.34,4076.68,4088.32,776.055,3169851.7521
2025-11-11 16:00:00+00:00,4088.32,4096.94,4087.34,4090.24,414.749,1697419.41321
2025-11-11 16:30:00+00:00,4090.24,4099.67,4084.71,4096.45,480.127,1964830.97383
2025-11-11 17:00:00+00:00,4096.45,4101.1,4095.04,4097.07,347.909,1425628.01932
2025-11-11 17:30:00+00:00,4097.07,4098.04,4093.35,4096.05,205.296,840855.92035
2025-11-11 18:00:00+00:00,4096.05,4097.3,4090.37,4092.0,236.556,968579.72367
2025-11-11 18:30:00+00:00,4092.0,4094.56,4088.91,4094.51,142.866,584521.13354
2025-11-11 19:00:00+00:00,4094.51,4098.71,4092.58,4097.78,93.729,383888.38418
2025-11-11 19:30:00+00:00,4097.78,4106.0,4097.78,4104.35,240.106,985356.44337
2025-11-11 20:00:00+00:00,4104.35,4111.94,4104.34,4107.65,563.099,2313560.05501
2025-11-11 20:30:00+00:00,4107.65,4109.7,4101.02,4106.79,416.168,1708844.45473
2025-11-11 21:00:00+00:00,4106.79,4112.0,4106.51,4110.8,218.221,896856.24289
2025-11-11 21:30:00+00:00,4110.8,4111.11,4104.75,4104.76,166.149,682441.76592
2025-11-11 22:00:00+00:00,4104.76,4105.87,4100.01,4105.87,69.38,284623.18214
2025-11-11 22:30:00+00:00,4105.87,4107.71,4102.2,4107.7,88.685,364040.665
2025-11-11 23:00:00+00:00,4107.7,4121.49,4107.7,4121.49,265.943,1094600.43391
2025-11-11 23:30:00+00:00,4121.49,4126.06,4118.91,4122.2,356.11,1467821.01091
2025-11-12 00:00:00+00:00,4122.2,4126.09,4119.36,4122.31,255.938,1055210.99772
2025-11-12 00:30:00+00:00,4122.31,4125.34,4112.97,4113.12,188.673,777318.5125
2025-11-12 01:00:00+00:00,4113.12,4119.05,4109.7,4113.79,246.421,1014013.34855
2025-11-12 01:30:00+00:00,4113.79,4118.63,4110.0,4114.32,244.994,1007917.8087
2025-11-12 02:00:00+00:00,4114.32,4117.81,4113.67,4113.96,131.739,542264.79521
2025-11-12 02:30:00+00:00,4113.96,4114.17,4101.53,4106.0,257.748,1058631.36608
2025-11-12 03:00:00+00:00,4106.0,4106.97,4098.31,4101.18,204.564,839348.77706
2025-11-12 03:30:00+00:00,4101.18,4102.57,4094.41,4094.42,131.012,536891.9124
2025-11-12 04:00:00+00:00,4094.42,4095.24,4086.27,4093.57,374.679,1532225.27861
2025-11-12 04:30:00+00:00,4093.57,4095.24,4088.82,4093.11,173.889,711643.26169
2025-11-12 05:00:00+00:00,4093.11,4093.11,4085.8,4086.59,330.26,1350154.36072
2025-11-12 05:30:00+00:00,4086.59,4088.6,4078.89,4085.87,302.217,1234192.92714
2025-11-12 06:00:00+00:00,4085.87,4096.59,4084.85,4096.59,364.839,1492115.91947
2025-11-12 06:30:00+00:00,4096.59,4099.43,4093.31,4099.01,306.928,1257396.04476
2025-11-12 07:00:00+00:00,4099.01,4106.11,4096.69,4105.66,306.841,1258762.91359
2025-11-12 07:30:00+00:00,4105.66,4105.66,4095.08,4099.49,337.34,1382992.72545
2025-11-12 08:00:00+00:00,4099.49,4110.84,4093.47,4108.15,401.275,1645763.96752
2025-11-12 08:30:00+00:00,4108.15,4113.29,4107.42,4111.04,277.085,1138953.33217
2025-11-12 09:00:00+00:00,4111.04,4113.8,4106.08,4108.8,242.747,997706.31505
2025-11-12 09:30:00+00:00,4108.8,4110.82,4101.04,4105.59,188.482,773900.4817
2025-11-12 10:00:00+00:00,4105.59,4109.81,4102.37,4102.4,248.039,1018234.87925
2025-11-12 10:30:00+00:00,4102.4,4110.97,4100.72,4109.57,227.393,933824.25492
2025-11-12 11:00:00+00:00,4109.57,4113.8,4106.27,4107.15,108.498,445943.13876
2025-11-12 11:30:00+00:00,4107.15,4111.34,4105.41,4107.09,214.85,882686.42567
2025-11-12 12:00:00+00:00,4107.09,4117.57,4106.64,4116.71,405.123,1666151.11959
2025-11-12 12:30:00+00:00,4116.71,4119.98,4110.32,4111.19,184.841,760842.6673
2025-11-12 13:00:00+00:00,4111.19,4111.44,4103.45,4109.77,195.374,802622.30243
2025-11-12 13:30:00+00:00,4109.77,4113.9,4106.82,4109.0,308.92,1269931.68985
2025-11-12 14:00:00+00:00,4109.0,4117.25,4109.0,4113.33,307.494,1264978.53824
2025-11-12 14:30:00+00:00,4113.33,4123.13,4107.36,4118.16,629.44,2591377.51186
2025-11-12 15:00:00+00:00,4118.16,4150.94,4115.71,4147.76,1688.923,6986759.99695
2025-11-12 15:30:00+00:00,4147.76,4164.0,4147.17,4157.41,1448.229,6018646.50263
2025-11-12 16:00:00+00:00,4157.41,4166.66,4154.73,4162.69,1111.547,4624423.84839
2025-11-12 16:30:00+00:00,4162.69,4175.0,4161.75,4172.84,685.95,2860725.75106
2025-11-12 17:00:00+00:00,4172.84,4177.72,4169.66,4173.65,557.353,2326625.79288
2025-11-12 17:30:00+00:00,4173.65,4183.95,4173.65,4179.87,622.266,2601224.72795
2025-11-12 18:00:00+00:00,4179.87,4188.83,4170.21,4184.63,607.408,2538396.65004
2025-11-12 18:30:00+00:00,4184.63,4190.0,4184.29,4187.35,305.294,1278414.13337
2025-11-12 19:00:00+00:00,4187.35,4189.67,4170.43,4171.81,441.863,1846076.49103
2025-11-12 19:30:00+00:00,4171.81,4179.55,4171.81,4176.16,336.835,1406706.27763
2025-11-12 20:00:00+00:00,4176.16,4177.71,4167.16,4172.51,301.342,1257694.55244
2025-11-12 20:30:00+00:00,4172.51,4175.85,4169.28,4171.68,216.315,902453.41212
2025-11-12 21:00:00+00:00,4171.68,4172.72,4164.5,4172.27,304.602,1269683.07666
2025-11-12 21:30:00+00:00,4172.27,4179.12,4172.26,4174.75,244.65,1021426.59328
2025-11-12 22:00:00+00:00,4174.75,4178.03,4172.06,4172.06,102.727,428978.6348
2025-11-12 22:30:00+00:00,4172.06,4175.39,4171.5,4174.6,82.036,342350.66393
2025-11-12 23:00:00+00:00,4174.6,4187.99,4174.6,4176.14,391.041,1634878.02418
2025-11-12 23:30:00+00:00,4176.14,4176.14,4165.0,4168.71,344.309,1435541.42912
2025-11-13 00:00:00+00:00,4168.71,4172.83,4161.77,4170.89,318.541,1327379.74094
2025-11-13 00:30:00+00:00,4170.89,4186.22,4170.89,4183.8,212.855,889800.27289
2025-11-13 01:00:00+00:00,4183.8,4186.49,4156.31,4166.18,767.596,3197222.66554
2025-11-13 01:30:00+00:00,4166.18,4171.38,4159.28,4168.65,264.465,1101946.91436
2025-11-13 02:00:00+00:00,4168.65,4172.5,4161.36,4163.4,252.12,1050654.38617
2025-11-13 02:30:00+00:00,4163.4,4169.26,4158.64,4165.03,230.823,960672.4584
2025-11-13 03:00:00+00:00,4165.03,4179.84,4165.03,4175.23,243.114,1015048.50512
2025-11-13 03:30:00+00:00,4175.23,4187.92,4175.23,4187.85,342.383,1431951.37449
2025-11-13 04:00:00+00:00,4187.85,4197.0,4186.78,4189.79,610.235,2558451.73489
2025-11-13 04:30:00+00:00,4189.79,4191.32,4182.96,4189.23,222.547,931859.94571
2025-11-13 05:00:00+00:00,4189.23,4196.61,4187.63,4191.83,258.06,1082031.31929
2025-11-13 05:30:00+00:00,4191.83,4196.94,4188.74,4192.76,274.171,1149824.13502
2025-11-13 06:00:00+00:00,4192.76,4192.76,4182.46,4187.9,303.307,1270128.40066
2025-11-13 06:30:00+00:00,4187.9,4191.28,4184.46,4190.4,144.368,604565.65173
2025-11-13 07:00:00+00:00,4190.4,4199.39,4188.97,4197.11,429.248,1800158.60893
2025-11-13 07:30:00+00:00,4197.11,4199.6,4192.23,4198.02,395.134,1657870.70564
2025-11-13 08:00:00+00:00,4198.02,4217.32,4197.02,4217.31,1206.924,5080779.26253
2025-11-13 08:30:00+00:00,4217.31,4219.99,4213.49,4213.49,581.779,2453317.78643
2025-11-13 09:00:00+00:00,4213.49,4219.73,4206.52,4206.55,472.012,1988609.26888
2025-11-13 09:30:00+00:00,4206.55,4218.73,4205.01,4217.4,643.652,2712264.80996
2025-11-13 10:00:00+00:00,4217.4,4221.95,4214.62,4216.67,575.917,2429528.32081
2025-11-13 10:30:00+00:00,4216.67,4217.14,4203.4,4205.75,624.469,2629805.5586
2025-11-13 11:00:00+00:00,4205.75,4212.25,4196.51,4203.55,798.524,3357108.05444
2025-11-13 11:30:00+00:00,4203.55,4211.4,4203.02,4210.5,290.664,1223017.68202
2025-11-13 12:00:00+00:00,4210.5,4216.34,4210.13,4213.69,261.039,1099767.65709
2025-11-13 12:30:00+00:00,4213.69,4226.89,4213.05,4223.74,458.413,1935171.59591
2025-11-13 13:00:00+00:00,4223.74,4224.42,4203.36,4213.67,660.338,2780969.69484
2025-11-13 13:30:00+00:00,4213.67,4214.38,4200.0,4211.86,501.727,2110919.34982
2025-11-13 14:00:00+00:00,4211.86,4213.14,4187.06,4189.45,841.908,3532970.33465
2025-11-13 14:30:00+00:00,4189.45,4197.77,4162.27,4176.11,1870.391,7809000.54933
2025-11-13 15:00:00+00:00,4176.11,4184.13,4169.85,4173.1,435.64,1819900.12478
2025-11-13 15:30:00+00:00,4173.1,4179.85,4165.18,4179.37,412.446,1720514.24894
2025-11-13 16:00:00+00:00,4179.37,4190.0,4179.01,4186.45,555.589,2325334.18722
2025-11-13 16:30:00+00:00,4186.45,4187.99,4172.72,4181.99,564.417,2359231.13195
2025-11-13 17:00:00+00:00,4181.99,4183.34,4166.94,4176.8,366.793,1530529.98866
2025-11-13 17:30:00+00:00,4176.8,4182.09,4170.16,4176.55,505.562,2111803.68154
2025-11-13 18:00:00+00:00,4176.55,4178.9,4162.0,4164.63,566.394,2363724.08504
2025-11-13 18:30:00+00:00,4164.63,4164.64,4117.5,4133.38,2174.92,8994489.09079
2025-11-13 19:00:00+00:00,4133.38,4136.65,4120.59,4135.72,738.476,3049172.65655
2025-11-13 19:30:00+00:00,4135.72,4145.72,4134.09,4139.1,332.416,1376457.91155
2025-11-13 20:00:00+00:00,4139.1,4146.36,4133.01,4145.69,283.619,1173842.89577
2025-11-13 20:30:00+00:00,4145.69,4146.67,4139.39,4142.89,136.779,566685.72182
2025-11-13 21:00:00+00:00,4142.89,4159.38,4140.25,4152.04,372.717,1548058.96671
2025-11-13 21:30:00+00:00,4152.04,4154.45,4148.94,4152.05,153.619,637787.97124
2025-11-13 22:00:00+00:00,4152.05,4157.5,4142.88,4148.1,278.531,1156334.04719
2025-11-13 22:30:00+00:00,4148.1,4159.79,4148.1,4153.38,233.23,969200.55117
2025-11-13 23:00:00+00:00,4153.38,4164.68,4150.81,4159.95,314.015,1306173.4391
2025-11-13 23:30:00+00:00,4159.95,4167.07,4157.2,4165.97,350.581,1458918.89787
2025-11-14 00:00:00+00:00,4165.97,4170.85,4160.35,4168.76,285.218,1188238.44915
2025-11-14 00:30:00+00:00,4168.76,4169.57,4154.36,4158.89,319.845,1331395.5125
2025-11-14 01:00:00+00:00,4158.89,4164.13,4150.71,4151.29,310.168,1289450.25964
2025-11-14 01:30:00+00:00,4151.29,4168.21,4149.63,4164.05,292.064,1214816.41517
2025-11-14 02:00:00+00:00,4164.05,4179.6,4163.79,4176.84,291.33,1215734.05239
2025-11-14 02:30:00+00:00,4176.84,4188.36,4176.84,4185.07,245.844,1028249.00943
2025-11-14 03:00:00+00:00,4185.07,4192.9,4181.25,4190.88,385.264,1613765.18382
2025-11-14 03:30:00+00:00,4190.88,4191.78,4179.48,4182.8,197.232,825340.5409
2025-11-14 04:00:00+00:00,4182.8,4184.0,4174.1,4174.1,181.763,759414.43899
2025-11-14 04:30:00+00:00,4174.1,4179.86,4172.53,4176.95,418.29,1747027.99837
2025-11-14 05:00:00+00:00,4176.95,4176.95,4155.93,4160.86,616.498,2567082.82197
2025-11-14 05:30:00+00:00,4160.86,4168.5,4158.36,4164.08,417.197,1737554.51295
2025-11-14 06:00:00+00:00,4164.08,4167.04,4148.09,4150.52,333.189,1385399.7858
2025-11-14 06:30:00+00:00,4150.52,4155.55,4141.38,4147.87,564.209,2340195.17156
2025-11-14 07:00:00+00:00,4147.87,4149.63,4132.01,4136.12,578.188,2394380.61926
2025-11-14 07:30:00+00:00,4136.12,4155.69,4135.86,4154.68,276.998,1148892.46801
2025-11-14 08:00:00+00:00,4154.68,4157.03,4143.97,4150.4,402.827,1671747.85568
2025-11-14 08:30:00+00:00,4150.4,4160.0,4144.17,4149.38,340.32,1413303.91499
2025-11-14 09:00:00+00:00,4149.38,4154.88,4141.85,4144.0,286.586,1188549.86364
2025-11-14 09:30:00+00:00,4144.0,4145.67,4140.14,4140.14,410.581,1700888.93969
2025-11-14 10:00:00+00:00,4140.14,4146.16,4134.29,4141.31,315.864,1307865.34551
2025-11-14 10:30:00+00:00,4141.31,4148.66,4134.47,4143.78,254.823,1055810.53996
2025-11-14 11:00:00+00:00,4143.78,4146.02,4120.65,4126.82,624.874,2580258.81397
2025-11-14 11:30:00+00:00,4126.82,4133.69,4105.0,4108.24,679.448,2798654.08969
2025-11-14 12:00:00+00:00,4108.24,4114.64,4083.55,4085.06,1263.92,5175522.86867
2025-11-14 12:30:00+00:00,4085.06,4090.84,4066.1,4082.1,2143.04,8738357.00124
2025-11-14 13:00:00+00:00,4082.1,4084.84,4025.82,4027.05,2244.689,9101454.54813
2025-11-14 13:30:00+00:00,4027.05,4040.17,4014.22,4033.51,1761.117,7092370.58643
2025-11-14 14:00:00+00:00,4033.51,4038.24,4013.08,4032.58,781.506,3146646.37162
2025-11-14 14:30:00+00:00,4032.58,4064.43,4011.21,4063.17,1509.333,6102038.80356
2025-11-14 15:00:00+00:00,4063.17,4063.17,4047.31,4060.03,588.537,2386033.77009
2025-11-14 15:30:00+00:00,4060.03,4075.03,4052.03,4067.06,611.796,2487049.46825
2025-11-14 16:00:00+00:00,4067.06,4078.47,4053.88,4078.2,741.929,3014657.39612
2025-11-14 16:30:00+00:00,4078.2,4085.91,4072.64,4078.79,384.757,1569636.77906
2025-11-14 17:00:00+00:00,4078.79,4083.81,4067.73,4071.5,326.014,1328027.11537
2025-11-14 17:30:00+00:00,4071.5,4081.39,4067.73,4069.51,520.867,2121257.66249
2025-11-14 18:00:00+00:00,4069.51,4070.22,4055.51,4065.67,413.734,1681038.39833
2025-11-14 18:30:00+00:00,4065.67,4075.77,4063.65,4070.21,416.538,1695177.12386
2025-11-14 19:00:00+00:00,4070.21,4072.99,4062.91,4069.92,355.647,1446957.72255
2025-11-14 19:30:00+00:00,4069.92,4072.73,4065.51,4068.11,106.161,431927.88328
2025-11-14 20:00:00+00:00,4068.11,4069.8,4054.64,4061.91,217.961,885028.38408
2025-11-14 20:30:00+00:00,4061.91,4068.85,4058.7,4060.56,426.121,1731514.04091
2025-11-14 21:00:00+00:00,4060.56,4064.23,4055.0,4059.97,225.716,916195.23142
2025-11-14 21:30:00+00:00,4059.97,4065.99,4057.05,4063.01,229.329,931567.27889
2025-11-14 22:00:00+00:00,4063.01,4070.74,4060.01,4070.74,249.027,1012453.65853
2025-11-14 22:30:00+00:00,4070.74,4072.99,4067.44,4069.7,145.927,594061.85532
2025-11-14 23:00:00+00:00,4069.7,4071.39,4058.01,4064.19,414.95,1686044.38515
2025-11-14 23:30:00+00:00,4064.19,4071.85,4062.12,4068.74,210.219,855085.59319
2025-11-15 00:00:00+00:00,4068.74,4072.65,4067.13,4071.25,300.927,1225217.14604
2025-11-15 00:30:00+00:00,4071.25,4071.35,4065.01,4070.94,230.159,936535.64576
2025-11-15 01:00:00+00:00,4070.94,4070.98,4065.52,4066.44,131.183,533706.0092
2025-11-15 01:30:00+00:00,4066.44,4073.56,4063.81,4072.4,170.361,693401.47554
2025-11-15 02:00:00+00:00,4072.4,4072.4,4068.13,4072.04,104.643,425930.73376
2025-11-15 02:30:00+00:00,4072.04,4076.68,4071.44,4074.5,329.063,1340773.59192
2025-11-15 03:00:00+00:00,4074.5,4075.75,4067.15,4067.15,169.369,689798.56008
2025-11-15 03:30:00+00:00,4067.15,4067.6,4064.01,4066.66,129.884,528133.85264
2025-11-15 04:00:00+00:00,4066.66,4068.25,4065.51,4066.66,75.056,305241.37151
2025-11-15 04:30:00+00:00,4066.66,4067.77,4063.64,4064.37,166.828,678280.20893
2025-11-15 05:00:00+00:00,4064.37,4068.93,4064.36,4067.89,43.938,178688.82532
2025-11-15 05:30:00+00:00,4067.89,4071.22,4067.58,4069.67,97.95,398658.98683
2025-11-15 06:00:00+00:00,4069.67,4073.91,4069.67,4073.04,73.932,301080.96816
2025-11-15 06:30:00+00:00,4073.04,4073.47,4067.44,4069.02,85.962,349935.63554
2025-11-15 07:00:00+00:00,4069.02,4072.37,4068.43,4072.12,39.34,160129.1797
2025-11-15 07:30:00+00:00,4072.12,4073.35,4068.64,4070.08,88.519,360369.89308
2025-11-15 08:00:00+00:00,4070.08,4070.2,4065.13,4066.51,84.81,344949.17055
2025-11-15 08:30:00+00:00,4066.51,4070.0,4062.4,4066.26,308.912,1255954.74655
2025-11-15 09:00:00+00:00,4066.26,4070.93,4065.83,4070.17,78.267,318457.32014
2025-11-15 09:30:00+00:00,4070.17,4070.86,4065.51,4067.78,50.93,207234.2279
2025-11-15 10:00:00+00:00,4067.78,4070.03,4065.95,4070.03,61.988,252167.30691
2025-11-15 10:30:00+00:00,4070.03,4071.12,4067.04,4071.1,82.827,337081.75602
2025-11-15 11:00:00+00:00,4071.1,4071.11,4068.69,4070.4,69.386,282417.69714
2025-11-15 11:30:00+00:00,4070.4,4070.4,4065.51,4067.6,65.937,268224.0586
2025-11-15 12:00:00+00:00,4067.6,4071.03,4065.64,4070.17,57.775,235092.88443
2025-11-15 12:30:00+00:00,4070.17,4071.86,4069.17,4071.86,39.898,162418.35441
2025-11-15 13:00:00+00:00,4071.86,4073.42,4070.27,4073.36,55.802,227257.92181
2025-11-15 13:30:00+00:00,4073.36,4077.02,4071.33,4074.89,364.108,1483706.81381
2025-11-15 14:00:00+00:00,4074.89,4075.67,4071.9,4075.0,47.374,193020.52779
2025-11-15 14:30:00+00:00,4075.0,4077.81,4073.26,4077.27,142.737,581800.25097
2025-11-15 15:00:00+00:00,4077.27,4079.24,4076.95,4079.24,209.205,853237.24624
2025-11-15 15:30:00+00:00,4079.24,4079.72,4075.06,4077.72,166.726,679843.95975
2025-11-15 16:00:00+00:00,4077.72,4077.72,4069.02,4070.71,162.925,663387.55568
2025-11-15 16:30:00+00:00,4070.71,4077.67,4070.71,4077.67,116.647,475380.45876
2025-11-15 17:00:00+00:00,4077.67,4078.56,4075.08,4075.9,210.762,859280.31257
2025-11-15 17:30:00+00:00,4075.9,4079.49,4069.88,4079.2,283.177,1153927.5843
2025-11-15 18:00:00+00:00,4079.2,4080.41,4071.5,4073.59,392.568,1600652.26253
2025-11-15 18:30:00+00:00,4073.59,4074.18,4072.0,4072.39,60.539,246558.8223
2025-11-15 19:00:00+00:00,4072.39,4076.04,4072.01,4073.36,72.126,293872.15904
2025-11-15 19:30:00+00:00,4073.36,4073.36,4071.73,4071.73,60.699,247174.22673
2025-11-15 20:00:00+00:00,4071.73,4071.74,4069.08,4071.71,91.847,373910.49108
2025-11-15 20:30:00+00:00,4071.71,4076.0,4071.71,4075.81,94.922,386699.96762
2025-11-15 21:00:00+00:00,4075.81,4079.99,4075.51,4075.52,210.306,857722.56358
2025-11-15 21:30:00+00:00,4075.52,4076.51,4069.81,4072.87,94.477,384754.18508
2025-11-15 22:00:00+00:00,4072.87,4074.99,4071.02,4073.54,47.893,195053.90382
2025-11-15 22:30:00+00:00,4073.54,4077.5,4072.77,4077.32,31.216,127208.19689
2025-11-15 23:00:00+00:00,4077.32,4079.59,4075.98,4079.59,128.587,524410.69502
2025-11-15 23:30:00+00:00,4079.59,4079.9,4073.5,4074.61,140.408,572589.36982
2025-11-16 00:00:00+00:00,4074.61,4078.37,4074.06,4074.63,163.866,667959.08926
2025-11-16 00:30:00+00:00,4074.63,4079.12,4074.63,4076.44,79.318,323420.57794
2025-11-16 01:00:00+00:00,4076.44,4078.59,4071.0,4077.07,149.733,609877.65107
2025-11-16 01:30:00+00:00,4077.07,4081.03,4076.6,4078.84,207.934,848219.52499
2025-11-16 02:00:00+00:00,4078.84,4082.65,4075.57,4080.95,370.571,1512027.91851
2025-11-16 02:30:00+00:00,4080.95,4082.4,4079.9,4081.91,155.137,633113.49888
2025-11-16 03:00:00+00:00,4081.91,4081.91,4079.01,4079.51,84.886,346411.73147
2025-11-16 03:30:00+00:00,4079.51,4081.43,4077.19,4079.63,100.584,410314.47312
2025-11-16 04:00:00+00:00,4079.63,4080.0,4075.0,4076.0,132.07,538418.08476
2025-11-16 04:30:00+00:00,4076.0,4078.35,4074.19,4078.35,51.347,209274.45107
2025-11-16 05:00:00+00:00,4078.35,4082.34,4078.34,4080.26,74.268,303078.34317
2025-11-16 05:30:00+00:00,4080.26,4084.0,4077.51,4078.41,120.804,493129.33665
2025-11-16 06:00:00+00:00,4078.41,4081.43,4077.82,4081.15,47.037,191906.17849
2025-11-16 06:30:00+00:00,4081.15,4082.4,4079.36,4079.36,24.708,100839.25973
2025-11-16 07:00:00+00:00,4079.36,4081.56,4079.1,4080.24,43.889,179070.75748
2025-11-16 07:30:00+00:00,4080.24,4081.78,4079.75,4081.78,34.188,139509.95287
2025-11-16 08:00:00+00:00,4081.78,4081.78,4075.01,4077.46,188.105,767066.98741
2025-11-16 08:30:00+00:00,4077.46,4078.99,4076.8,4078.01,37.252,151910.45263
2025-11-16 09:00:00+00:00,4078.01,4082.0,4076.52,4082.0,96.899,395349.24277
2025-11-16 09:30:00+00:00,4082.0,4087.96,4078.51,4082.89,334.734,1367001.02149
2025-11-16 10:00:00+00:00,4082.89,4084.09,4077.62,4077.62,112.608,459539.11547
2025-11-16 10:30:00+00:00,4077.62,4080.0,4077.62,4078.01,67.912,276978.12695
2025-11-16 11:00:00+00:00,4078.01,4078.02,4067.1,4074.81,501.232,2041327.93774
2025-11-16 11:30:00+00:00,4074.81,4078.48,4073.65,4078.48,110.326,449710.89638
2025-11-16 12:00:00+00:00,4078.48,4079.96,4075.7,4078.94,68.603,279774.30663
2025-11-16 12:30:00+00:00,4078.94,4082.55,4075.99,4080.38,197.878,807365.52626
2025-11-16 13:00:00+00:00,4080.38,4081.0,4076.69,4077.01,267.162,1089721.8849
2025-11-16 13:30:00+00:00,4077.01,4080.88,4075.01,4080.72,247.689,1010096.31785
2025-11-16 14:00:00+00:00,4080.72,4082.37,4078.02,4080.2,100.757,411143.31399
2025-11-16 14:30:00+00:00,4080.2,4083.98,4079.26,4081.76,84.498,344904.60383
2025-11-16 15:00:00+00:00,4081.76,4081.76,4076.71,4077.09,131.688,537089.91994
2025-11-16 15:30:00+00:00,4077.09,4078.29,4070.0,4072.89,540.134,2200206.98995
2025-11-16 16:00:00+00:00,4072.89,4082.9,4072.89,4079.32,296.209,1207834.17957
2025-11-16 16:30:00+00:00,4079.32,4080.75,4076.08,4078.23,219.238,894189.62175
2025-11-16 17:00:00+00:00,4078.23,4082.91,4076.0,4078.6,359.298,1466104.85294
2025-11-16 17:30:00+00:00,4078.6,4086.75,4074.01,4083.34,614.799,2509112.09736
2025-11-16 18:00:00+00:00,4083.34,4085.76,4073.06,4074.53,470.075,1917377.35433
2025-11-16 18:30:00+00:00,4074.53,4078.3,4070.01,4074.05,432.832,1762967.53904
2025-11-16 19:00:00+00:00,4074.05,4083.0,4073.36,4077.67,427.553,1743677.84553
2025-11-16 19:30:00+00:00,4077.67,4077.67,4074.99,4074.99,49.395,201369.7737
2025-11-16 20:00:00+00:00,4074.99,4081.0,4074.59,4080.13,164.676,671607.86888
2025-11-16 20:30:00+00:00,4080.13,4082.0,4078.33,4081.58,61.616,251430.52549
2025-11-16 21:00:00+00:00,4081.58,4082.0,4075.0,4078.26,186.546,760631.72615
2025-11-16 21:30:00+00:00,4078.26,4083.0,4078.25,4082.33,166.575,679821.62263
2025-11-16 22:00:00+00:00,4082.33,4083.84,4075.19,4082.21,365.135,1490314.03729
2025-11-16 22:30:00+00:00,4082.21,4086.89,4080.98,4084.64,198.528,810932.08604
2025-11-16 23:00:00+00:00,4084.64,4085.56,4048.65,4082.78,1268.547,5161502.96192
2025-11-16 23:30:00+00:00,4082.78,4083.86,4073.49,4076.76,241.965,987091.42102
2025-11-17 00:00:00+00:00,4076.76,4078.2,4062.5,4068.04,330.997,1346540.37669
2025-11-17 00:30:00+00:00,4068.04,4071.69,4063.44,4064.33,263.946,1074018.52976
2025-11-17 01:00:00+00:00,4064.33,4077.41,4064.18,4075.99,216.825,882521.42013
2025-11-17 01:30:00+00:00,4075.99,4080.47,4071.32,4071.32,184.505,752212.41091
2025-11-17 02:00:00+00:00,4071.32,4072.89,4066.13,4072.29,373.841,1521398.98261
2025-11-17 02:30:00+00:00,4072.29,4074.89,4061.06,4063.25,182.001,740321.85931
2025-11-17 03:00:00+00:00,4063.25,4063.25,4051.01,4057.39,441.752,1792637.35573
2025-11-17 03:30:00+00:00,4057.39,4067.57,4056.75,4067.11,319.915,1299907.17513
2025-11-17 04:00:00+00:00,4067.11,4067.12,4061.6,4062.99,263.235,1069800.32185
2025-11-17 04:30:00+00:00,4062.99,4066.85,4057.13,4058.06,336.666,1367337.13821
2025-11-17 05:00:00+00:00,4058.06,4058.06,4037.14,4042.72,313.299,1268698.90896
2025-11-17 05:30:00+00:00,4042.72,4044.01,4030.02,4034.83,463.448,1869675.33094
2025-11-17 06:00:00+00:00,4034.83,4045.77,4031.66,4042.03,484.325,1957059.99796
2025-11-17 06:30:00+00:00,4042.03,4048.82,4040.94,4043.0,137.988,558153.04701
2025-11-17 07:00:00+00:00,4043.0,4055.26,4042.86,4055.25,226.488,917211.57833
2025-11-17 07:30:00+00:00,4055.25,4067.59,4053.82,4066.4,268.381,1090103.35108
2025-11-17 08:00:00+00:00,4066.4,4075.14,4058.51,4062.24,354.627,1442712.74668
2025-11-17 08:30:00+00:00,4062.24,4064.25,4052.3,4057.7,297.191,1206004.10314
2025-11-17 09:00:00+00:00,4057.7,4065.07,4052.08,4062.94,369.901,1501894.01623
2025-11-17 09:30:00+00:00,4062.94,4067.8,4059.5,4062.45,208.717,848121.92973
2025-11-17 10:00:00+00:00,4062.45,4067.87,4062.03,4062.78,130.934,532263.55226
2025-11-17 10:30:00+00:00,4062.78,4064.69,4048.25,4049.4,193.769,785998.46813
2025-11-17 11:00:00+00:00,4049.4,4053.14,4040.4,4044.95,210.149,850397.34421
2025-11-17 11:30:00+00:00,4044.95,4061.39,4043.61,4054.77,204.618,829415.10014
2025-11-17 12:00:00+00:00,4054.77,4057.36,4052.08,4055.13,106.793,433096.18628
2025-11-17 12:30:00+00:00,4055.13,4062.03,4052.66,4054.81,149.553,606867.4348
2025-11-17 13:00:00+00:00,4054.81,4068.07,4053.11,4054.28,317.637,1289328.67897
2025-11-17 13:30:00+00:00,4054.28,4057.1,4041.17,4046.55,391.839,1585997.45963
2025-11-17 14:00:00+00:00,4046.55,4053.81,4040.01,4045.37,270.547,1095082.71074
2025-11-17 14:30:00+00:00,4045.37,4061.78,4044.51,4055.45,522.349,2118507.79475
2025-11-17 15:00:00+00:00,4055.45,4057.91,4041.36,4053.32,345.426,1398843.9735
2025-11-17 15:30:00+00:00,4053.32,4057.92,4044.51,4044.52,262.531,1063658.14132
2025-11-17 16:00:00+00:00,4044.52,4045.32,4031.67,4045.32,393.478,1589542.78006
2025-11-17 16:30:00+00:00,4045.32,4052.95,4045.0,4048.9,396.515,1605471.25408
2025-11-17 17:00:00+00:00,4048.9,4057.91,4048.63,4056.07,208.893,846558.00418
2025-11-17 17:30:00+00:00,4056.07,4058.53,4049.03,4052.88,280.277,1135901.05669
2025-11-17 18:00:00+00:00,4052.88,4056.29,4048.0,4052.52,416.008,1686090.89158
2025-11-17 18:30:00+00:00,4052.52,4052.53,4042.04,4042.78,490.778,1986185.80193
2025-11-17 19:00:00+00:00,4042.78,4044.27,4025.0,4030.01,530.405,2139973.05661
2025-11-17 19:30:00+00:00,4030.01,4032.66,3990.66,3992.32,1570.166,6292209.02845
2025-11-17 20:00:00+00:00,3992.32,4008.99,3985.25,4008.99,870.352,3478583.60695
2025-11-17 20:30:00+00:00,4008.99,4021.88,4006.34,4018.15,364.076,1461310.12373
2025-11-17 21:00:00+00:00,4018.15,4024.59,4016.68,4021.32,261.047,1049496.48143
2025-11-17 21:30:00+00:00,4021.32,4026.55,4020.89,4026.01,120.427,484462.40298
2025-11-17 22:00:00+00:00,4026.01,4032.96,4025.65,4032.73,166.759,672015.39837
2025-11-17 22:30:00+00:00,4032.73,4037.98,4032.29,4035.97,149.553,603306.02256
2025-11-17 23:00:00+00:00,4035.97,4037.98,4027.06,4028.21,239.55,965782.76737
2025-11-17 23:30:00+00:00,4028.21,4028.74,4010.27,4017.09,367.213,1475588.62338
2025-11-18 00:00:00+00:00,4017.09,4019.91,4008.85,4011.63,214.698,861822.91374
2025-11-18 00:30:00+00:00,4011.63,4021.3,4010.05,4020.49,248.058,995899.76777
2025-11-18 01:00:00+00:00,4020.49,4025.05,4016.86,4018.83,185.213,744722.77583
2025-11-18 01:30:00+00:00,4018.83,4021.52,4003.64,4005.65,227.363,912201.56464
2025-11-18 02:00:00+00:00,4005.65,4012.47,4000.0,4011.39,320.328,1283648.98839
2025-11-18 02:30:00+00:00,4011.39,4015.44,3990.89,3994.36,319.663,1279169.53947
2025-11-18 03:00:00+00:00,3994.36,3995.93,3988.9,3994.19,369.317,1474482.08406
2025-11-18 03:30:00+00:00,3994.19,4008.26,3992.36,3995.24,417.02,1668395.11707
2025-11-18 04:00:00+00:00,3995.24,3997.88,3985.73,3997.65,401.765,1603626.53995
2025-11-18 04:30:00+00:00,3997.65,3997.84,3987.13,3993.98,372.926,1488628.03131
2025-11-18 05:00:00+00:00,3993.98,4000.94,3989.03,3997.08,181.993,726954.30521
2025-11-18 05:30:00+00:00,3997.08,4004.99,3996.4,4000.08,181.883,727624.90334
2025-11-18 06:00:00+00:00,4000.08,4001.29,3991.79,3997.88,168.954,675293.09013
2025-11-18 06:30:00+00:00,3997.88,3998.05,3990.0,3992.26,172.539,689158.7868
2025-11-18 07:00:00+00:00,3992.26,3992.88,3985.28,3985.58,472.907,1886573.11827
2025-11-18 07:30:00+00:00,3985.58,3994.19,3978.44,3991.45,505.69,2015950.58772
2025-11-18 08:00:00+00:00,3991.45,4007.9,3989.01,4002.5,456.798,1826459.22138
2025-11-18 08:30:00+00:00,4002.5,4022.97,4001.61,4017.41,510.465,2050845.67621
2025-11-18 09:00:00+00:00,4017.41,4020.0,4010.01,4014.71,196.745,790052.08862
2025-11-18 09:30:00+00:00,4014.71,4027.94,4011.2,4022.04,247.132,993321.63881
2025-11-18 10:00:00+00:00,4022.04,4026.19,4020.39,4021.96,195.04,784663.04143
2025-11-18 10:30:00+00:00,4021.96,4031.0,4020.77,4025.47,276.427,1112830.02472
2025-11-18 11:00:00+00:00,4025.47,4029.88,4023.85,4028.63,152.567,614412.98205
2025-11-18 11:30:00+00:00,4028.63,4030.29,4018.43,4020.71,178.505,718334.17688
2025-11-18 12:00:00+00:00,4020.71,4026.08,4012.98,4013.73,258.849,1040092.50224
2025-11-18 12:30:00+00:00,4013.73,4021.72,4010.0,4013.19,251.463,1009730.97215
2025-11-18 13:00:00+00:00,4013.19,4033.45,4012.57,4027.9,276.269,1112021.33563
2025-11-18 13:30:00+00:00,4027.9,4049.8,4027.18,4043.51,654.117,2644445.40246
2025-11-18 14:00:00+00:00,4043.51,4060.88,4041.74,4054.77,343.199,1391448.33721
2025-11-18 14:30:00+00:00,4054.77,4061.11,4039.69,4045.72,640.177,2594695.96038
2025-11-18 15:00:00+00:00,4045.72,4048.67,4034.09,4045.27,1683.879,6802986.90177
2025-11-18 15:30:00+00:00,4045.27,4051.65,4030.87,4032.83,665.616,2688006.03686
2025-11-18 16:00:00+00:00,4032.83,4044.5,4022.9,4044.27,872.873,3519751.95091
2025-11-18 16:30:00+00:00,4044.27,4047.68,4035.55,4045.8,532.495,2151717.22817
2025-11-18 17:00:00+00:00,4045.8,4049.29,4038.3,4039.84,284.999,1152534.60543
2025-11-18 17:30:00+00:00,4039.84,4054.0,4039.43,4050.87,206.941,837896.41835
2025-11-18 18:00:00+00:00,4050.87,4053.83,4043.82,4046.46,266.56,1079511.60536
2025-11-18 18:30:00+00:00,4046.46,4053.0,4044.53,4051.57,336.977,1364688.58008
2025-11-18 19:00:00+00:00,4051.57,4058.0,4051.44,4054.03,208.596,845751.11509
2025-11-18 19:30:00+00:00,4054.03,4061.44,4052.58,4061.35,393.757,1597796.25349
2025-11-18 20:00:00+00:00,4061.35,4063.0,4050.01,4052.44,269.168,1092163.46781
2025-11-18 20:30:00+00:00,4052.44,4053.54,4048.03,4049.05,215.465,872781.29538
2025-11-18 21:00:00+00:00,4049.05,4052.32,4046.34,4046.48,198.499,803719.2429
2025-11-18 21:30:00+00:00,4046.48,4048.07,4044.21,4046.32,97.168,393175.59227
2025-11-18 22:00:00+00:00,4046.32,4050.87,4046.31,4050.87,63.251,256006.05304
2025-11-18 22:30:00+00:00,4050.87,4051.55,4049.21,4050.79,68.255,276475.13633
2025-11-18 23:00:00+00:00,4050.79,4052.46,4047.85,4052.08,109.289,442647.8415
2025-11-18 23:30:00+00:00,4052.08,4055.94,4048.52,4055.34,223.544,905681.11898
2025-11-19 00:00:00+00:00,4055.34,4055.82,4047.17,4052.47,264.022,1069837.99017
2025-11-19 00:30:00+00:00,4052.47,4058.3,4048.08,4050.71,321.206,1302076.36237
2025-11-19 01:00:00+00:00,4050.71,4050.72,4040.45,4048.35,349.397,1413458.94887
2025-11-19 01:30:00+00:00,4048.35,4050.35,4037.77,4041.42,197.652,799157.03477
2025-11-19 02:00:00+00:00,4041.42,4045.39,4037.48,4045.17,229.074,925852.39624
2025-11-19 02:30:00+00:00,4045.17,4058.82,4044.95,4055.59,196.397,796307.7099
2025-11-19 03:00:00+00:00,4055.59,4058.04,4049.0,4050.39,215.193,872039.39218
2025-11-19 03:30:00+00:00,4050.39,4054.86,4046.98,4046.98,221.239,896323.46099
2025-11-19 04:00:00+00:00,4046.98,4054.3,4045.2,4052.56,203.215,822517.93088
2025-11-19 04:30:00+00:00,4052.56,4055.38,4050.23,4052.41,212.257,860159.83739
2025-11-19 05:00:00+00:00,4052.41,4071.29,4051.48,4067.73,632.348,2570004.1989
2025-11-19 05:30:00+00:00,4067.73,4075.61,4067.44,4075.49,676.208,2754077.77864
2025-11-19 06:00:00+00:00,4075.49,4078.04,4068.21,4072.43,602.035,2452825.69486
2025-11-19 06:30:00+00:00,4072.43,4075.71,4069.95,4072.97,310.749,1265758.74158
2025-11-19 07:00:00+00:00,4072.97,4075.31,4065.24,4070.31,430.242,1751100.19561
2025-11-19 07:30:00+00:00,4070.31,4078.93,4067.52,4067.72,485.332,1977433.17676
2025-11-19 08:00:00+00:00,4067.72,4068.4,4058.29,4067.74,517.398,2102357.7183
2025-11-19 08:30:00+00:00,4067.74,4067.75,4061.13,4064.4,325.717,1323856.97441
2025-11-19 09:00:00+00:00,4064.4,4070.25,4062.34,4068.99,421.836,1715498.6897
2025-11-19 09:30:00+00:00,4068.99,4092.99,4068.26,4090.0,676.743,2761992.79453
2025-11-19 10:00:00+00:00,4090.0,4096.47,4087.27,4092.52,496.058,2029897.56442
2025-11-19 10:30:00+00:00,4092.52,4094.01,4086.65,4088.5,230.242,942000.19198
2025-11-19 11:00:00+00:00,4088.5,4096.6,4085.71,4093.95,251.871,1030431.84703
2025-11-19 11:30:00+00:00,4093.95,4096.67,4089.59,4093.31,247.946,1015081.25022
2025-11-19 12:00:00+00:00,4093.31,4099.11,4091.24,4095.25,499.847,2046964.36223
2025-11-19 12:30:00+00:00,4095.25,4100.7,4092.71,4094.2,396.633,1625010.29745
2025-11-19 13:00:00+00:00,4094.2,4094.79,4079.74,4087.61,360.453,1472419.6102
2025-11-19 13:30:00+00:00,4087.61,4095.0,4083.92,4090.43,291.367,1191320.18268
2025-11-19 14:00:00+00:00,4090.43,4098.22,4085.9,4086.55,438.507,1794174.06454
2025-11-19 14:30:00+00:00,4086.55,4107.94,4083.74,4106.67,599.689,2455436.26736
2025-11-19 15:00:00+00:00,4106.67,4112.65,4096.12,4096.4,1125.214,4619478.61136
2025-11-19 15:30:00+00:00,4096.4,4098.74,4066.75,4074.25,1191.29,4861725.73323
2025-11-19 16:00:00+00:00,4074.25,4077.39,4046.73,4051.84,910.046,3697078.42115
2025-11-19 16:30:00+00:00,4051.84,4056.02,4044.34,4052.51,556.111,2252714.87349
2025-11-19 17:00:00+00:00,4052.51,4053.94,4031.68,4052.0,872.989,3528423.9287
2025-11-19 17:30:00+00:00,4052.0,4059.3,4041.48,4057.92,550.93,2232014.95546
2025-11-19 18:00:00+00:00,4057.92,4067.33,4055.33,4057.78,752.874,3058209.54961
2025-11-19 18:30:00+00:00,4057.78,4069.88,4053.03,4066.5,518.694,2107018.19125
2025-11-19 19:00:00+00:00,4066.5,4066.5,4049.88,4052.3,369.747,1500670.07306
2025-11-19 19:30:00+00:00,4052.3,4057.89,4051.26,4054.91,257.125,1042482.48846
2025-11-19 20:00:00+00:00,4054.91,4063.47,4054.0,4060.65,227.21,922299.55953
2025-11-19 20:30:00+00:00,4060.65,4061.9,4054.5,4058.55,401.339,1628949.8157
2025-11-19 21:00:00+00:00,4058.55,4060.12,4047.58,4055.45,1053.59,4271696.80742
2025-11-19 21:30:00+00:00,4055.45,4065.0,4055.39,4059.73,328.38,1333271.00858
2025-11-19 22:00:00+00:00,4059.73,4066.99,4053.36,4066.99,226.088,918092.60828
2025-11-19 22:30:00+00:00,4066.99,4066.99,4057.85,4063.85,171.878,698321.18242
2025-11-19 23:00:00+00:00,4063.85,4070.67,4063.85,4068.78,866.561,3524478.05874
2025-11-19 23:30:00+00:00,4068.78,4085.0,4066.14,4082.75,602.276,2456115.69084
2025-11-20 00:00:00+00:00,4082.75,4089.04,4081.65,4085.87,501.92,2050454.43058
2025-11-20 00:30:00+00:00,4085.87,4102.8,4081.49,4083.8,1503.839,6154345.66798
2025-11-20 01:00:00+00:00,4083.8,4088.99,4074.01,4074.09,705.38,2879401.21048
2025-11-20 01:30:00+00:00,4074.09,4076.11,4062.0,4062.0,1193.378,4855092.4939
2025-11-20 02:00:00+00:00,4062.0,4062.01,4024.41,4035.08,1410.394,5698677.78443
2025-11-20 02:30:00+00:00,4035.08,4050.51,4034.07,4047.63,652.951,2640281.68549
2025-11-20 03:00:00+00:00,4047.63,4064.48,4047.06,4056.5,544.312,2208070.86068
2025-11-20 03:30:00+00:00,4056.5,4057.06,4046.41,4053.72,371.759,1505870.69075
2025-11-20 04:00:00+00:00,4053.72,4058.17,4048.96,4056.04,288.269,1168572.10767
2025-11-20 04:30:00+00:00,4056.04,4061.4,4052.56,4056.38,425.588,1726675.82078
2025-11-20 05:00:00+00:00,4056.38,4056.38,4048.49,4049.9,390.904,1583960.03844
2025-11-20 05:30:00+00:00,4049.9,4051.76,4045.34,4047.73,343.182,1389490.9933
2025-11-20 06:00:00+00:00,4047.73,4056.65,4040.08,4044.03,486.325,1969343.36241
2025-11-20 06:30:00+00:00,4044.03,4049.87,4043.21,4049.33,381.068,1541981.88393
2025-11-20 07:00:00+00:00,4049.33,4056.35,4041.25,4043.39,473.002,1915454.23686
2025-11-20 07:30:00+00:00,4043.39,4047.24,4036.71,4041.34,556.563,2249654.8894
2025-11-20 08:00:00+00:00,4041.34,4044.34,4021.51,4028.08,949.187,3825937.46153
2025-11-20 08:30:00+00:00,4028.08,4048.6,4026.67,4044.28,668.67,2699555.40836
2025-11-20 09:00:00+00:00,4044.28,4051.15,4039.7,4039.7,507.364,2053194.63545
2025-11-20 09:30:00+00:00,4039.7,4048.71,4036.85,4045.42,489.397,1978973.73819
2025-11-20 10:00:00+00:00,4045.42,4048.81,4041.21,4044.26,605.861,2450273.79641
2025-11-20 10:30:00+00:00,4044.26,4047.24,4040.22,4041.99,343.587,1389516.50581
2025-11-20 11:00:00+00:00,4041.99,4042.15,4034.29,4039.01,489.353,1976112.08254
2025-11-20 11:30:00+00:00,4039.01,4049.25,4037.7,4042.8,492.623,1992196.89084
2025-11-20 12:00:00+00:00,4042.8,4057.67,4042.8,4053.65,426.902,1729011.04911
2025-11-20 12:30:00+00:00,4053.65,4062.12,4053.65,4061.88,452.508,1836129.16241
2025-11-20 13:00:00+00:00,4061.88,4073.71,4061.61,4064.5,970.965,3949625.42866
2025-11-20 13:30:00+00:00,4064.5,4075.42,4048.27,4057.71,1909.317,7756382.76715
2025-11-20 14:00:00+00:00,4057.71,4069.01,4052.31,4060.78,1209.937,4913603.98564
2025-11-20 14:30:00+00:00,4060.78,4085.86,4055.93,4072.39,1292.133,5261766.35662
2025-11-20 15:00:00+00:00,4072.39,4077.05,4064.44,4074.1,1111.858,4525443.71881
2025-11-20 15:30:00+00:00,4074.1,4074.66,4050.77,4050.77,1517.581,6163869.91241
2025-11-20 16:00:00+00:00,4050.77,4063.34,4042.86,4045.18,3759.44,15240150.37723
2025-11-20 16:30:00+00:00,4045.18,4049.08,4024.82,4029.39,1866.284,7541091.31348
2025-11-20 17:00:00+00:00,4029.39,4051.23,4022.94,4038.47,2467.766,9961119.71449
2025-11-20 17:30:00+00:00,4038.47,4051.52,4032.69,4049.57,1687.91,6818451.45085
2025-11-20 18:00:00+00:00,4049.57,4056.67,4039.64,4043.69,1738.561,7040171.09757
2025-11-20 18:30:00+00:00,4043.69,4049.71,4040.27,4044.39,1318.802,5333391.34044
2025-11-20 19:00:00+00:00,4044.39,4069.84,4040.9,4066.9,1450.879,5877742.73992
2025-11-20 19:30:00+00:00,4066.9,4069.38,4062.71,4069.0,640.718,2605073.88194
2025-11-20 20:00:00+00:00,4069.0,4069.37,4056.83,4062.01,792.799,3221739.1095
2025-11-20 20:30:00+00:00,4062.01,4064.99,4058.9,4061.49,825.821,3353842.00872
2025-11-20 21:00:00+00:00,4061.49,4066.94,4059.42,4064.26,389.664,1583671.82205
2025-11-20 21:30:00+00:00,4064.26,4064.82,4061.57,4061.75,184.34,749076.1254
2025-11-20 22:00:00+00:00,4061.75,4067.33,4060.0,4062.78,363.242,1475862.65313
2025-11-20 22:30:00+00:00,4062.78,4066.62,4062.2,4062.2,133.035,540690.70234
2025-11-20 23:00:00+00:00,4062.2,4067.65,4055.6,4063.56,1136.165,4615069.2939
2025-11-20 23:30:00+00:00,4063.56,4070.0,4057.71,4062.09,907.909,3689020.22029
2025-11-21 00:00:00+00:00,4062.09,4065.51,4056.29,4059.29,849.275,3449008.33939
2025-11-21 00:30:00+00:00,4059.29,4063.4,4056.05,4057.9,661.818,2686271.62655
2025-11-21 01:00:00+00:00,4057.9,4057.94,4047.52,4049.58,901.968,3654402.84173
2025-11-21 01:30:00+00:00,4049.58,4055.55,4045.24,4051.77,488.867,1979641.05764
2025-11-21 02:00:00+00:00,4051.77,4056.93,4048.47,4055.75,705.583,2860107.57393
2025-11-21 02:30:00+00:00,4055.75,4060.28,4037.81,4039.21,1774.229,7183403.81229
2025-11-21 03:00:00+00:00,4039.21,4041.87,4033.91,4036.58,985.906,3980754.49317
2025-11-21 03:30:00+00:00,4036.58,4042.35,4035.15,4040.64,407.173,1644791.83994
2025-11-21 04:00:00+00:00,4040.64,4045.0,4037.75,4043.18,404.156,1633335.52068
2025-11-21 04:30:00+00:00,4043.18,4043.94,4032.56,4036.27,452.215,1824975.77791
2025-11-21 05:00:00+00:00,4036.27,4041.68,4035.95,4037.83,381.526,1540939.82105
2025-11-21 05:30:00+00:00,4037.83,4042.0,4025.02,4039.37,767.828,3097752.84336
2025-11-21 06:00:00+00:00,4039.37,4044.31,4015.31,4015.56,1158.865,4671560.71013
2025-11-21 06:30:00+00:00,4015.56,4022.5,4013.78,4016.88,969.273,3895941.9409
2025-11-21 07:00:00+00:00,4016.88,4019.55,4008.9,4019.15,1168.502,4690717.40775
2025-11-21 07:30:00+00:00,4019.15,4022.74,4011.44,4015.0,2675.623,10747400.05998
2025-11-21 08:00:00+00:00,4015.0,4028.07,4005.27,4022.94,1223.517,4916619.05944
2025-11-21 08:30:00+00:00,4022.94,4028.68,4020.39,4023.62,680.415,2738648.49644
2025-11-21 09:00:00+00:00,4023.62,4043.2,4022.46,4036.41,1174.144,4737797.45122
2025-11-21 09:30:00+00:00,4036.41,4041.0,4029.58,4031.85,1017.478,4105023.09336
2025-11-21 10:00:00+00:00,4031.85,4033.9,4015.34,4015.34,1412.449,5684557.49481
2025-11-21 10:30:00+00:00,4015.34,4023.84,4014.46,4020.74,1138.326,4575098.46532
2025-11-21 11:00:00+00:00,4020.74,4031.79,4020.35,4022.9,539.842,2173722.1206
2025-11-21 11:30:00+00:00,4022.9,4024.19,4013.08,4019.16,326.375,1311153.13926
2025-11-21 12:00:00+00:00,4019.16,4031.25,4017.36,4025.53,1360.753,5477277.63402
2025-11-21 12:30:00+00:00,4025.53,4051.63,4023.98,4048.01,1864.58,7534902.58759
2025-11-21 13:00:00+00:00,4048.01,4052.83,4038.15,4050.38,1858.214,7519037.25804
2025-11-21 13:30:00+00:00,4050.38,4062.02,4049.18,4059.85,1252.426,5079872.86487
2025-11-21 14:00:00+00:00,4059.85,4064.0,4048.29,4050.25,1660.823,6737088.22553
2025-11-21 14:30:00+00:00,4050.25,4063.15,4043.57,4057.75,2773.638,11239213.94347
2025-11-21 15:00:00+00:00,4057.75,4061.85,4051.22,4052.12,2235.256,9065058.03145
2025-11-21 15:30:00+00:00,4052.12,4057.33,4039.45,4055.5,2062.157,8349034.68812
2025-11-21 16:00:00+00:00,4055.5,4056.91,4046.5,4055.73,1158.156,4692251.05255
2025-11-21 16:30:00+00:00,4055.73,4086.47,4053.65,4086.15,1868.047,7595238.01386
2025-11-21 17:00:00+00:00,4086.15,4086.99,4067.8,4068.87,1011.379,4122084.99555
2025-11-21 17:30:00+00:00,4068.87,4074.29,4066.61,4072.38,608.213,2475878.47885
2025-11-21 18:00:00+00:00,4072.38,4074.06,4063.37,4064.48,1260.686,5128156.76679
2025-11-21 18:30:00+00:00,4064.48,4070.28,4060.44,4066.11,572.434,2327261.51237
2025-11-21 19:00:00+00:00,4066.11,4076.1,4066.11,4074.95,240.498,978906.28867
2025-11-21 19:30:00+00:00,4074.95,4076.19,4069.25,4072.62,579.497,2360022.03969
2025-11-21 20:00:00+00:00,4072.62,4073.31,4051.7,4052.55,710.877,2887196.19767
2025-11-21 20:30:00+00:00,4052.55,4055.69,4041.05,4053.16,960.193,3885819.76455
2025-11-21 21:00:00+00:00,4053.16,4053.96,4041.5,4050.76,451.018,1825832.40103
2025-11-21 21:30:00+00:00,4050.76,4056.73,4050.76,4052.65,759.579,3079343.59528
2025-11-21 22:00:00+00:00,4052.65,4058.23,4047.41,4052.45,345.716,1401052.16229
2025-11-21 22:30:00+00:00,4052.45,4055.62,4049.46,4050.0,248.721,1007821.68977
2025-11-21 23:00:00+00:00,4050.0,4054.94,4047.92,4054.94,220.045,891340.20117
2025-11-21 23:30:00+00:00,4054.94,4057.59,4050.37,4057.42,170.035,689419.3173
2025-11-22 00:00:00+00:00,4057.42,4057.42,4049.12,4049.12,159.219,645402.26055
2025-11-22 00:30:00+00:00,4049.12,4053.62,4048.82,4051.15,146.381,592960.11313
2025-11-22 01:00:00+00:00,4051.15,4055.0,4048.99,4053.27,89.828,363961.96664
2025-11-22 01:30:00+00:00,4053.27,4055.88,4052.91,4055.4,86.032,348850.28232
2025-11-22 02:00:00+00:00,4055.4,4055.65,4051.25,4053.49,73.991,299847.49285
2025-11-22 02:30:00+00:00,4053.49,4053.49,4049.41,4052.54,155.177,628585.39521
2025-11-22 03:00:00+00:00,4052.54,4052.54,4050.2,4051.25,77.743,314968.06676
2025-11-22 03:30:00+00:00,4051.25,4053.87,4050.74,4051.37,126.585,512902.1633
2025-11-22 04:00:00+00:00,4051.37,4052.61,4046.55,4051.22,276.454,1119487.41537
2025-11-22 04:30:00+00:00,4051.22,4053.0,4047.98,4050.52,148.954,603276.2686
2025-11-22 05:00:00+00:00,4050.52,4050.86,4047.7,4048.79,97.516,394854.75066
2025-11-22 05:30:00+00:00,4048.79,4050.59,4047.77,4050.57,56.446,228541.36016
2025-11-22 06:00:00+00:00,4050.57,4052.65,4048.85,4052.64,84.278,341401.6132
2025-11-22 06:30:00+00:00,4052.64,4054.92,4051.16,4052.38,193.716,785093.92587
2025-11-22 07:00:00+00:00,4052.38,4054.0,4051.49,4051.81,74.807,303199.52683
2025-11-22 07:30:00+00:00,4051.81,4053.9,4050.85,4053.14,42.344,171598.46619
2025-11-22 08:00:00+00:00,4053.14,4053.93,4048.83,4050.39,165.785,671546.40648
2025-11-22 08:30:00+00:00,4050.39,4055.3,4048.24,4053.06,378.92,1535455.5391
2025-11-22 09:00:00+00:00,4053.06,4053.07,4049.78,4051.86,111.742,452698.74137
2025-11-22 09:30:00+00:00,4051.86,4052.35,4050.14,4051.44,60.644,245669.23945
2025-11-22 10:00:00+00:00,4051.44,4052.35,4046.45,4048.06,241.824,979043.29655
2025-11-22 10:30:00+00:00,4048.06,4050.62,4046.6,4049.95,130.843,529674.7277
2025-11-22 11:00:00+00:00,4049.95,4054.89,4047.55,4053.57,251.293,1018405.70724
2025-11-22 11:30:00+00:00,4053.57,4053.57,4051.7,4051.73,38.178,154730.0731
2025-11-22 12:00:00+00:00,4051.73,4051.75,4048.24,4049.2,79.502,321944.12184
2025-11-22 12:30:00+00:00,4049.2,4051.93,4048.69,4050.01,58.618,237385.88253
2025-11-22 13:00:00+00:00,4050.01,4052.27,4049.56,4050.49,71.484,289572.43281
2025-11-22 13:30:00+00:00,4050.49,4050.6,4048.1,4048.11,42.538,172245.43955
2025-11-22 14:00:00+00:00,4048.11,4052.46,4047.19,4051.89,410.77,1663347.20736
2025-11-22 14:30:00+00:00,4051.89,4052.15,4049.05,4051.5,101.097,409524.48313
2025-11-22 15:00:00+00:00,4051.5,4053.61,4049.0,4049.65,121.955,494129.96439
2025-11-22 15:30:00+00:00,4049.65,4051.0,4046.08,4051.0,197.884,801037.80685
2025-11-22 16:00:00+00:00,4051.0,4053.5,4048.51,4052.1,206.542,836665.07704
2025-11-22 16:30:00+00:00,4052.1,4053.21,4049.86,4051.41,88.41,358171.45806
2025-11-22 17:00:00+00:00,4051.41,4052.23,4048.5,4048.5,60.941,246851.07549
2025-11-22 17:30:00+00:00,4048.5,4049.07,4047.85,4048.58,90.952,368186.02159
2025-11-22 18:00:00+00:00,4048.58,4050.32,4048.12,4049.86,43.402,175735.50894
2025-11-22 18:30:00+00:00,4049.86,4051.29,4048.52,4050.36,56.429,228532.05059
2025-11-22 19:00:00+00:00,4050.36,4050.92,4049.21,4049.62,28.187,114164.45605
2025-11-22 19:30:00+00:00,4049.62,4051.61,4047.69,4050.41,46.024,186364.8882
2025-11-22 20:00:00+00:00,4050.41,4051.04,4049.89,4050.6,13.283,53801.51009
2025-11-22 20:30:00+00:00,4050.6,4051.02,4046.19,4050.51,95.094,384925.65676
2025-11-22 21:00:00+00:00,4050.51,4050.71,4048.02,4048.44,37.543,152038.29973
2025-11-22 21:30:00+00:00,4048.44,4049.98,4046.61,4049.9,46.21,187058.22565
2025-11-22 22:00:00+00:00,4049.9,4053.87,4048.18,4049.31,206.174,835219.91611
2025-11-22 22:30:00+00:00,4049.31,4056.4,4048.9,4053.41,352.105,1427452.72371
2025-11-22 23:00:00+00:00,4053.41,4053.41,4048.09,4050.64,127.385,515950.54699
2025-11-22 23:30:00+00:00,4050.64,4050.64,4045.82,4047.92,180.427,730198.41908
2025-11-23 00:00:00+00:00,4047.92,4052.06,4047.92,4050.59,64.473,261151.77827
2025-11-23 00:30:00+00:00,4050.59,4051.45,4048.03,4048.19,171.339,693887.89552
2025-11-23 01:00:00+00:00,4048.19,4051.85,4048.18,4051.78,119.808,485290.29769
2025-11-23 01:30:00+00:00,4051.78,4053.94,4050.6,4051.62,240.726,975500.44081
2025-11-23 02:00:00+00:00,4051.62,4053.44,4048.38,4049.7,99.081,401371.24179
2025-11-23 02:30:00+00:00,4049.7,4053.21,4048.56,4048.57,167.067,676719.84864
2025-11-23 03:00:00+00:00,4048.57,4049.55,4048.57,4049.15,64.758,262198.36026
2025-11-23 03:30:00+00:00,4049.15,4051.78,4048.58,4051.78,56.814,230085.42619
2025-11-23 04:00:00+00:00,4051.78,4053.61,4046.78,4048.2,527.105,2134885.21637
2025-11-23 04:30:00+00:00,4048.2,4055.41,4047.41,4050.8,270.7,1096998.06816
2025-11-23 05:00:00+00:00,4050.8,4052.59,4050.33,4050.34,48.723,197389.66006
2025-11-23 05:30:00+00:00,4050.34,4050.4,4048.19,4049.74,179.101,725244.42167
2025-11-23 06:00:00+00:00,4049.74,4051.63,4049.09,4049.1,60.464,244912.66585
2025-11-23 06:30:00+00:00,4049.1,4049.1,4045.0,4047.64,141.192,571427.62593
2025-11-23 07:00:00+00:00,4047.64,4048.86,4043.93,4045.51,342.196,1384603.07532
2025-11-23 07:30:00+00:00,4045.51,4047.57,4045.07,4045.53,56.259,227651.81476
2025-11-23 08:00:00+00:00,4045.53,4048.47,4043.29,4046.95,142.781,577580.64273
2025-11-23 08:30:00+00:00,4046.95,4048.76,4046.38,4047.03,52.526,212609.68845
2025-11-23 09:00:00+00:00,4047.03,4048.84,4046.85,4048.81,59.401,240444.92377
2025-11-23 09:30:00+00:00,4048.81,4052.33,4048.8,4050.48,134.207,543713.17946
2025-11-23 10:00:00+00:00,4050.48,4050.7,4046.45,4047.95,104.324,422282.90206
2025-11-23 10:30:00+00:00,4047.95,4049.0,4046.64,4048.21,42.183,170757.60284
2025-11-23 11:00:00+00:00,4048.21,4049.85,4047.85,4048.46,80.111,324366.99646
2025-11-23 11:30:00+00:00,4048.46,4050.42,4048.45,4048.87,54.005,218700.23643
2025-11-23 12:00:00+00:00,4048.87,4052.0,4046.34,4046.34,427.891,1732835.92505
2025-11-23 12:30:00+00:00,4046.34,4050.79,4042.76,4047.57,393.27,1591524.54255
2025-11-23 13:00:00+00:00,4047.57,4048.3,4044.85,4047.36,111.295,450363.39097
2025-11-23 13:30:00+00:00,4047.36,4048.32,4043.18,4045.84,112.991,457154.09461
2025-11-23 14:00:00+00:00,4045.84,4048.7,4040.99,4041.2,287.214,1161628.11675
2025-11-23 14:30:00+00:00,4041.2,4042.25,4037.42,4037.71,211.733,855324.47589
2025-11-23 15:00:00+00:00,4037.71,4042.2,4037.6,4041.24,117.135,473269.72457
2025-11-23 15:30:00+00:00,4041.24,4045.31,4040.83,4043.81,244.228,987414.21966
2025-11-23 16:00:00+00:00,4043.81,4044.4,4039.34,4039.35,314.659,1271867.87411
2025-11-23 16:30:00+00:00,4039.35,4039.35,4036.37,4036.37,162.746,657203.42462
2025-11-23 17:00:00+00:00,4036.37,4046.04,4035.05,4046.0,241.903,977340.09016
2025-11-23 17:30:00+00:00,4046.0,4046.01,4038.23,4041.62,103.338,417692.74848
2025-11-23 18:00:00+00:00,4041.62,4044.64,4040.52,4042.68,81.483,329382.71951
2025-11-23 18:30:00+00:00,4042.68,4045.17,4040.97,4043.45,133.719,540624.44916
2025-11-23 19:00:00+00:00,4043.45,4043.46,4040.47,4041.0,162.984,658726.41088
2025-11-23 19:30:00+00:00,4041.0,4042.6,4037.78,4038.67,164.56,664946.32449
2025-11-23 20:00:00+00:00,4038.67,4042.78,4038.67,4042.41,114.898,464300.44385
2025-11-23 20:30:00+00:00,4042.41,4044.0,4040.9,4042.11,96.738,391090.73679
2025-11-23 21:00:00+00:00,4042.11,4043.65,4038.0,4043.45,136.694,552330.83055
2025-11-23 21:30:00+00:00,4043.45,4044.0,4040.71,4042.27,219.315,886490.0054
2025-11-23 22:00:00+00:00,4042.27,4045.5,4040.05,4044.64,168.452,680951.11759
2025-11-23 22:30:00+00:00,4044.64,4045.04,4039.88,4039.88,76.877,310753.93229
2025-11-23 23:00:00+00:00,4039.88,4056.0,4038.35,4050.7,1255.769,5086710.63811
2025-11-23 23:30:00+00:00,4050.7,4055.63,4046.01,4054.09,223.85,906920.50644
2025-11-24 00:00:00+00:00,4054.09,4055.92,4039.44,4044.6,541.03,2188705.08779
2025-11-24 00:30:00+00:00,4044.6,4050.0,4041.6,4049.78,333.971,1351045.56063
2025-11-24 01:00:00+00:00,4049.78,4054.17,4035.01,4037.87,339.887,1373705.33444
2025-11-24 01:30:00+00:00,4037.87,4039.29,4026.44,4029.03,455.49,1836957.57102
2025-11-24 02:00:00+00:00,4029.03,4035.81,4027.94,4033.44,704.406,2840848.55753
2025-11-24 02:30:00+00:00,4033.44,4035.47,4025.06,4027.78,417.204,1681252.79683
2025-11-24 03:00:00+00:00,4027.78,4034.22,4027.78,4033.41,444.408,1791506.2115
2025-11-24 03:30:00+00:00,4033.41,4040.66,4032.46,4032.96,224.695,907031.22936
2025-11-24 04:00:00+00:00,4032.96,4043.37,4032.96,4035.95,722.855,2918688.18625
2025-11-24 04:30:00+00:00,4035.95,4036.93,4026.7,4027.81,270.975,1092357.77662
2025-11-24 05:00:00+00:00,4027.81,4033.74,4025.24,4030.2,543.169,2189323.14372
2025-11-24 05:30:00+00:00,4030.2,4033.83,4025.01,4030.06,460.344,1854795.44931
2025-11-24 06:00:00+00:00,4030.06,4039.03,4029.6,4036.11,1184.327,4777371.60018
2025-11-24 06:30:00+00:00,4036.11,4039.13,4033.0,4035.78,769.383,3105666.17389
2025-11-24 07:00:00+00:00,4035.78,4038.08,4034.25,4035.45,438.215,1768735.59411
2025-11-24 07:30:00+00:00,4035.45,4050.85,4035.45,4043.66,1069.179,4323895.78226
2025-11-24 08:00:00+00:00,4043.66,4048.11,4042.58,4044.71,421.179,1703761.42889
2025-11-24 08:30:00+00:00,4044.71,4048.99,4043.36,4048.0,286.65,1159844.03786
2025-11-24 09:00:00+00:00,4048.0,4054.04,4046.01,4052.45,1002.571,4060452.86711
2025-11-24 09:30:00+00:00,4052.45,4054.72,4048.73,4053.67,512.549,2076605.62592
2025-11-24 10:00:00+00:00,4053.67,4059.7,4052.54,4055.1,444.882,1804331.51034
2025-11-24 10:30:00+00:00,4055.1,4055.34,4047.65,4047.76,177.535,719275.84621
2025-11-24 11:00:00+00:00,4047.76,4054.09,4047.51,4053.26,259.433,1050802.591
2025-11-24 11:30:00+00:00,4053.26,4054.26,4050.14,4053.61,256.32,1038752.96957
2025-11-24 12:00:00+00:00,4053.61,4056.48,4050.3,4054.34,228.162,924999.48684
2025-11-24 12:30:00+00:00,4054.34,4067.41,4053.64,4062.92,379.598,1541164.39721
2025-11-24 13:00:00+00:00,4062.92,4065.94,4058.69,4063.46,538.464,2187137.68985
2025-11-24 13:30:00+00:00,4063.46,4067.82,4055.65,4060.0,499.266,2028279.87347
2025-11-24 14:00:00+00:00,4060.0,4065.0,4058.08,4059.0,269.254,1093534.26859
2025-11-24 14:30:00+00:00,4059.0,4068.02,4049.17,4065.33,1773.537,7198406.66665
2025-11-24 15:00:00+00:00,4065.33,4075.57,4064.48,4071.02,1311.324,5337551.56287
2025-11-24 15:30:00+00:00,4071.02,4076.72,4070.75,4076.72,734.143,2991507.58495
2025-11-24 16:00:00+00:00,4076.72,4081.58,4074.35,4080.69,981.342,4002327.2209
2025-11-24 16:30:00+00:00,4080.69,4086.3,4078.69,4084.09,750.758,3065952.76863
2025-11-24 17:00:00+00:00,4084.09,4086.35,4074.29,4079.35,1835.956,7490305.69445
2025-11-24 17:30:00+00:00,4079.35,4083.85,4076.57,4079.2,1421.13,5798142.25005
2025-11-24 18:00:00+00:00,4079.2,4081.9,4072.03,4078.13,1267.529,5167138.42472
2025-11-24 18:30:00+00:00,4078.13,4109.13,4078.13,4104.28,1693.594,6934246.86381
2025-11-24 19:00:00+00:00,4104.28,4109.81,4099.15,4102.15,1007.687,4135385.27078
2025-11-24 19:30:00+00:00,4102.15,4104.29,4098.77,4101.95,624.85,2562666.67801
2025-11-24 20:00:00+00:00,4101.95,4109.89,4101.26,4109.85,1052.521,4321738.5605
2025-11-24 20:30:00+00:00,4109.85,4116.99,4109.84,4116.71,1058.545,4355218.62562
2025-11-24 21:00:00+00:00,4116.71,4117.4,4112.34,4115.96,295.803,1217079.28848
2025-11-24 21:30:00+00:00,4115.96,4123.14,4115.05,4119.36,837.455,3449738.65736
2025-11-24 22:00:00+00:00,4119.36,4122.65,4113.01,4116.41,672.005,2766685.99248
2025-11-24 22:30:00+00:00,4116.41,4119.14,4112.91,4118.37,277.384,1141978.11025
2025-11-24 23:00:00+00:00,4118.37,4119.3,4108.24,4113.29,676.927,2784400.16913
2025-11-24 23:30:00+00:00,4113.29,4125.07,4111.58,4125.07,615.491,2535288.94921
2025-11-25 00:00:00+00:00,4125.07,4125.44,4116.32,4117.39,416.212,1715168.56757
2025-11-25 00:30:00+00:00,4117.39,4118.87,4110.66,4112.2,267.927,1102683.80529
2025-11-25 01:00:00+00:00,4112.2,4118.07,4106.69,4110.22,339.083,1393604.82828
2025-11-25 01:30:00+00:00,4110.22,4119.77,4109.69,4115.36,420.757,1731967.47702
2025-11-25 02:00:00+00:00,4115.36,4126.36,4113.68,4124.5,497.384,2049880.39656
2025-11-25 02:30:00+00:00,4124.5,4137.2,4124.3,4131.77,467.129,1929711.88981
2025-11-25 03:00:00+00:00,4131.77,4131.77,4122.15,4127.61,309.954,1279391.59781
2025-11-25 03:30:00+00:00,4127.61,4127.75,4123.01,4126.24,258.346,1065686.16754
2025-11-25 04:00:00+00:00,4126.24,4131.46,4123.46,4130.48,170.914,705570.44402
2025-11-25 04:30:00+00:00,4130.48,4130.48,4123.03,4123.03,230.306,950748.65636
2025-11-25 05:00:00+00:00,4123.03,4129.0,4123.03,4125.59,116.817,481962.75242
2025-11-25 05:30:00+00:00,4125.59,4133.26,4123.81,4133.25,150.588,621823.37921
2025-11-25 06:00:00+00:00,4133.25,4133.27,4123.45,4124.01,216.26,892857.92312
2025-11-25 06:30:00+00:00,4124.01,4126.61,4121.29,4124.06,375.884,1550094.97392
2025-11-25 07:00:00+00:00,4124.06,4127.38,4118.45,4119.73,200.993,828507.66225
2025-11-25 07:30:00+00:00,4119.73,4120.35,4110.63,4113.28,554.495,2282175.97837
2025-11-25 08:00:00+00:00,4113.28,4121.41,4112.86,4118.78,254.627,1048427.93875
2025-11-25 08:30:00+00:00,4118.78,4118.78,4090.81,4098.17,853.201,3500883.51271
2025-11-25 09:00:00+00:00,4098.17,4110.18,4096.32,4107.4,354.497,1455678.73794
2025-11-25 09:30:00+00:00,4107.4,4113.54,4105.0,4111.28,310.696,1276658.65507
2025-11-25 10:00:00+00:00,4111.28,4119.53,4109.78,4112.26,229.272,943716.27819
2025-11-25 10:30:00+00:00,4112.26,4115.96,4110.22,4113.29,215.036,884354.13208
2025-11-25 11:00:00+00:00,4113.29,4121.0,4110.23,4115.47,300.103,1235461.02005
2025-11-25 11:30:00+00:00,4115.47,4116.75,4110.96,4114.4,157.828,649254.73294
2025-11-25 12:00:00+00:00,4114.4,4122.42,4114.4,4114.75,451.748,1860942.69701
2025-11-25 12:30:00+00:00,4114.75,4118.24,4098.44,4109.83,775.285,3182938.53039
2025-11-25 13:00:00+00:00,4109.83,4126.74,4109.34,4122.77,589.335,2427703.32484
2025-11-25 13:30:00+00:00,4122.77,4130.73,4122.77,4128.21,473.821,1955591.51755
2025-11-25 14:00:00+00:00,4128.21,4129.21,4116.01,4116.84,380.871,1570137.99064
2025-11-25 14:30:00+00:00,4116.84,4119.02,4093.76,4108.94,1241.788,5097487.88051
2025-11-25 15:00:00+00:00,4108.94,4117.22,4100.13,4113.18,747.503,3072286.61447
2025-11-25 15:30:00+00:00,4113.18,4117.14,4105.01,4107.38,356.24,1465075.34265
2025-11-25 16:00:00+00:00,4107.38,4123.35,4105.99,4123.32,383.051,1577247.37717
2025-11-25 16:30:00+00:00,4123.32,4123.68,4118.16,4118.8,238.558,983166.65363
2025-11-25 17:00:00+00:00,4118.8,4135.33,4118.8,4131.39,904.263,3733883.79884
2025-11-25 17:30:00+00:00,4131.39,4142.05,4127.3,4127.67,497.251,2056078.07405
2025-11-25 18:00:00+00:00,4127.67,4132.0,4124.66,4124.82,213.545,881523.98476
2025-11-25 18:30:00+00:00,4124.82,4127.26,4114.3,4116.99,267.674,1102876.53191
2025-11-25 19:00:00+00:00,4116.99,4121.68,4110.5,4112.22,342.341,1409436.62977
2025-11-25 19:30:00+00:00,4112.22,4116.16,4111.18,4115.25,151.323,622477.8305
2025-11-25 20:00:00+00:00,4115.25,4119.99,4115.25,4115.61,124.445,512478.31795
2025-11-25 20:30:00+00:00,4115.61,4118.55,4113.26,4114.93,122.842,505510.8732
2025-11-25 21:00:00+00:00,4114.93,4114.94,4111.04,4112.42,126.571,520616.51363
2025-11-25 21:30:00+00:00,4112.42,4114.77,4112.41,4113.03,72.991,300258.43438
2025-11-25 22:00:00+00:00,4113.03,4114.76,4110.94,4114.7,164.428,676188.18156
2025-11-25 22:30:00+00:00,4114.7,4124.4,4113.37,4123.85,444.306,1829593.12153
2025-11-25 23:00:00+00:00,4123.85,4124.15,4113.29,4114.51,594.627,2448284.01662
2025-11-25 23:30:00+00:00,4114.51,4116.62,4110.0,4115.5,464.85,1912020.41943
2025-11-26 00:00:00+00:00,4115.5,4126.01,4112.41,4125.96,835.272,3441386.06786
2025-11-26 00:30:00+00:00,4125.96,4126.66,4119.02,4125.52,292.399,1205674.05488
2025-11-26 01:00:00+00:00,4125.52,4127.8,4121.3,4125.53,314.328,1296752.0391
2025-11-26 01:30:00+00:00,4125.53,4134.07,4125.53,4131.85,332.104,1372113.8259
2025-11-26 02:00:00+00:00,4131.85,4144.92,4131.1,4143.28,309.659,1281519.37126
2025-11-26 02:30:00+00:00,4143.28,4145.84,4139.54,4141.52,250.742,1038948.44677
2025-11-26 03:00:00+00:00,4141.52,4148.49,4140.47,4145.23,167.411,693860.31826
2025-11-26 03:30:00+00:00,4145.23,4147.92,4142.9,4144.3,317.288,1315180.94255
2025-11-26 04:00:00+00:00,4144.3,4145.32,4138.77,4138.85,276.942,1146777.80835
2025-11-26 04:30:00+00:00,4138.85,4142.5,4138.2,4140.71,172.828,715557.59989
2025-11-26 05:00:00+00:00,4140.71,4148.8,4140.21,4147.26,290.963,1206468.52247
2025-11-26 05:30:00+00:00,4147.26,4147.4,4140.54,4142.09,122.484,507448.74135
2025-11-26 06:00:00+00:00,4142.09,4142.1,4132.11,4137.02,270.167,1117609.82445
2025-11-26 06:30:00+00:00,4137.02,4137.02,4127.01,4129.85,283.927,1172723.69813
2025-11-26 07:00:00+00:00,4129.85,4134.01,4129.65,4132.01,163.008,673551.78201
2025-11-26 07:30:00+00:00,4132.01,4140.9,4132.01,4138.4,202.162,836267.2972
2025-11-26 08:00:00+00:00,4138.4,4147.09,4138.4,4145.0,347.059,1438244.86171
2025-11-26 08:30:00+00:00,4145.0,4145.0,4135.19,4140.44,312.23,1292607.40787
2025-11-26 09:00:00+00:00,4140.44,4142.75,4136.73,4140.27,177.08,733061.06376
2025-11-26 09:30:00+00:00,4140.27,4141.35,4136.55,4141.31,224.178,927964.70892
2025-11-26 10:00:00+00:00,4141.31,4145.28,4141.31,4144.0,151.754,628785.98543
2025-11-26 10:30:00+00:00,4144.0,4144.01,4137.16,4140.4,215.807,893462.48638
2025-11-26 11:00:00+00:00,4140.4,4146.97,4139.21,4146.96,149.536,619662.74853
2025-11-26 11:30:00+00:00,4146.96,4155.85,4146.96,4154.1,550.414,2285818.66973
2025-11-26 12:00:00+00:00,4154.1,4155.68,4143.79,4144.86,591.443,2456136.54692
2025-11-26 12:30:00+00:00,4144.86,4146.52,4133.16,4138.59,310.448,1284973.21489
2025-11-26 13:00:00+00:00,4138.59,4151.46,4137.66,4150.0,342.135,1417799.77111
2025-11-26 13:30:00+00:00,4150.0,4150.0,4134.8,4138.86,472.843,1957792.09942
2025-11-26 14:00:00+00:00,4138.86,4140.77,4123.53,4126.23,592.419,2446639.71762
2025-11-26 14:30:00+00:00,4126.23,4136.0,4124.51,4124.51,536.763,2217773.14283
2025-11-26 15:00:00+00:00,4124.51,4139.51,4120.0,4138.99,723.728,2989490.36429
2025-11-26 15:30:00+00:00,4138.99,4147.46,4136.9,4146.63,612.114,2535665.21599
2025-11-26 16:00:00+00:00,4146.63,4147.94,4143.22,4143.53,358.562,1486510.53587
2025-11-26 16:30:00+00:00,4143.53,4148.65,4142.75,4147.0,289.322,1199523.72607
2025-11-26 17:00:00+00:00,4147.0,4152.6,4145.52,4151.23,398.917,1655426.03283
2025-11-26 17:30:00+00:00,4151.23,4153.38,4147.59,4147.71,1631.008,6769075.20551
2025-11-26 18:00:00+00:00,4147.71,4153.15,4147.71,4149.9,487.641,2023895.8369
2025-11-26 18:30:00+00:00,4149.9,4150.65,4138.91,4147.3,444.815,1843022.45563
2025-11-26 19:00:00+00:00,4147.3,4151.97,4145.65,4149.09,289.092,1199111.84527
2025-11-26 19:30:00+00:00,4149.09,4150.54,4144.77,4146.15,350.458,1453494.95327
2025-11-26 20:00:00+00:00,4146.15,4149.81,4144.02,4148.04,205.266,851085.5491
2025-11-26 20:30:00+00:00,4148.04,4149.98,4145.28,4146.46,120.658,500351.31964
2025-11-26 21:00:00+00:00,4146.46,4148.7,4145.42,4147.95,192.752,799283.43501
2025-11-26 21:30:00+00:00,4147.95,4151.0,4147.15,4148.01,242.77,1007242.02082
2025-11-26 22:00:00+00:00,4148.01,4150.74,4146.59,4146.73,219.113,909228.98347
2025-11-26 22:30:00+00:00,4146.73,4154.2,4146.38,4154.18,202.274,839172.75788
2025-11-26 23:00:00+00:00,4154.18,4154.18,4148.12,4148.4,251.265,1042971.07053
2025-11-26 23:30:00+00:00,4148.4,4152.21,4147.5,4149.18,224.252,930640.78059
2025-11-27 00:00:00+00:00,4149.18,4149.29,4143.66,4149.1,494.502,2050642.2237
2025-11-27 00:30:00+00:00,4149.1,4151.95,4145.89,4149.61,381.545,1582760.656
2025-11-27 01:00:00+00:00,4149.61,4149.99,4132.0,4135.55,839.512,3474825.90309
2025-11-27 01:30:00+00:00,4135.55,4139.51,4131.47,4138.75,587.141,2428634.48279
2025-11-27 02:00:00+00:00,4138.75,4139.39,4133.52,4135.35,350.342,1449406.71257
2025-11-27 02:30:00+00:00,4135.35,4136.72,4126.43,4127.1,645.473,2666582.69463
2025-11-27 03:00:00+00:00,4127.1,4134.84,4126.43,4132.04,239.164,987949.47815
2025-11-27 03:30:00+00:00,4132.04,4133.34,4128.38,4131.54,378.499,1563636.58567
2025-11-27 04:00:00+00:00,4131.54,4132.59,4126.78,4132.59,274.114,1131992.64749
2025-11-27 04:30:00+00:00,4132.59,4138.29,4132.59,4134.05,167.666,693452.73445
2025-11-27 05:00:00+00:00,4134.05,4137.03,4133.64,4135.77,151.624,627077.62572
2025-11-27 05:30:00+00:00,4135.77,4135.84,4127.05,4129.77,634.377,2620616.19652
2025-11-27 06:00:00+00:00,4129.77,4139.39,4129.77,4139.39,78.133,323094.09528
2025-11-27 06:30:00+00:00,4139.39,4140.78,4137.22,4139.42,165.934,686901.08654
2025-11-27 07:00:00+00:00,4139.42,4142.36,4137.72,4141.16,222.953,922935.65092
2025-11-27 07:30:00+00:00,4141.16,4141.75,4139.28,4141.75,194.547,805575.9582
2025-11-27 08:00:00+00:00,4141.75,4148.87,4141.75,4148.87,388.165,1609184.00191
2025-11-27 08:30:00+00:00,4148.87,4150.0,4146.84,4148.8,154.62,641422.50501
2025-11-27 09:00:00+00:00,4148.8,4148.91,4131.69,4138.03,899.794,3723887.65775
2025-11-27 09:30:00+00:00,4138.03,4143.8,4137.27,4141.05,337.285,1396420.81182
2025-11-27 10:00:00+00:00,4141.05,4142.75,4135.91,4135.91,320.414,1326269.93132
2025-11-27 10:30:00+00:00,4135.91,4139.83,4135.01,4139.67,180.905,748365.81324
2025-11-27 11:00:00+00:00,4139.67,4142.75,4139.22,4141.05,96.126,398048.68848
2025-11-27 11:30:00+00:00,4141.05,4145.5,4140.97,4142.55,137.261,568747.10527
2025-11-27 12:00:00+00:00,4142.55,4143.25,4140.73,4140.73,195.52,809887.78843
2025-11-27 12:30:00+00:00,4140.73,4142.67,4139.1,4139.1,215.271,891512.13257
2025-11-27 13:00:00+00:00,4139.1,4139.1,4133.6,4137.18,460.73,1905559.70443
2025-11-27 13:30:00+00:00,4137.18,4141.83,4137.18,4140.77,210.997,873652.06344
2025-11-27 14:00:00+00:00,4140.77,4144.64,4139.95,4142.65,148.863,616676.15515
2025-11-27 14:30:00+00:00,4142.65,4143.96,4137.21,4138.28,403.261,1669624.85437
2025-11-27 15:00:00+00:00,4138.28,4146.0,4138.28,4145.61,100.205,415146.27109
2025-11-27 15:30:00+00:00,4145.61,4145.95,4142.37,4143.17,152.958,633900.59384
2025-11-27 16:00:00+00:00,4143.17,4143.4,4136.51,4138.26,364.542,1509185.69332
2025-11-27 16:30:00+00:00,4138.26,4142.0,4138.26,4141.41,140.626,582274.46496
2025-11-27 17:00:00+00:00,4141.41,4141.6,4139.21,4141.06,133.57,553030.00406
2025-11-27 17:30:00+00:00,4141.06,4143.6,4141.06,4142.58,113.415,469844.80989
2025-11-27 18:00:00+00:00,4142.58,4143.35,4141.76,4141.95,101.32,419739.45282
2025-11-27 18:30:00+00:00,4141.95,4144.51,4141.95,4144.51,123.107,510106.01211
2025-11-27 19:00:00+00:00,4144.51,4144.51,4141.43,4141.43,67.972,281621.48858
2025-11-27 19:30:00+00:00,4141.43,4142.72,4141.19,4141.35,123.22,510356.05823
2025-11-27 20:00:00+00:00,4141.35,4141.37,4139.45,4140.1,68.766,284730.67994
2025-11-27 20:30:00+00:00,4140.1,4140.75,4139.4,4140.1,60.17,249099.33087
2025-11-27 21:00:00+00:00,4140.1,4142.13,4140.1,4141.45,45.055,186579.93159
2025-11-27 21:30:00+00:00,4141.45,4142.12,4140.45,4140.45,166.604,689997.85883
2025-11-27 22:00:00+00:00,4140.45,4141.57,4140.14,4140.4,64.556,267307.69416
2025-11-27 22:30:00+00:00,4140.4,4140.62,4134.15,4139.23,322.214,1333176.27034
2025-11-27 23:00:00+00:00,4139.23,4143.82,4139.22,4143.82,109.944,455344.29599
2025-11-27 23:30:00+00:00,4143.82,4147.46,4143.82,4147.21,126.813,525690.87075
2025-11-28 00:00:00+00:00,4147.21,4159.98,4147.2,4158.12,1719.379,7144885.98971
2025-11-28 00:30:00+00:00,4158.12,4168.0,4157.76,4167.63,1632.521,6794928.87101
2025-11-28 01:00:00+00:00,4167.63,4176.51,4166.97,4174.0,803.592,3352993.08315
2025-11-28 01:30:00+00:00,4174.0,4178.0,4173.01,4176.1,524.686,2190679.97628
2025-11-28 02:00:00+00:00,4176.1,4177.76,4173.85,4176.15,283.45,1183778.14649
2025-11-28 02:30:00+00:00,4176.15,4176.16,4170.65,4173.81,508.517,2122168.39955
2025-11-28 03:00:00+00:00,4173.81,4174.59,4169.05,4171.81,319.113,1331296.92963
2025-11-28 03:30:00+00:00,4171.81,4174.25,4168.12,4168.8,202.064,842825.32924
2025-11-28 04:00:00+00:00,4168.8,4173.32,4165.42,4165.42,349.194,1456444.58997
2025-11-28 04:30:00+00:00,4165.42,4172.67,4164.07,4172.67,323.932,1350229.95131
2025-11-28 05:00:00+00:00,4172.67,4173.11,4164.73,4170.28,527.858,2200389.8609
2025-11-28 05:30:00+00:00,4170.28,4174.98,4167.47,4169.65,331.737,1383858.2466
2025-11-28 06:00:00+00:00,4169.65,4171.4,4167.92,4169.99,292.412,1219405.64935
2025-11-28 06:30:00+00:00,4169.99,4176.5,4169.99,4174.69,221.881,926102.48808
2025-11-28 07:00:00+00:00,4174.69,4174.7,4169.01,4170.62,389.667,1625579.94131
2025-11-28 07:30:00+00:00,4170.62,4170.9,4163.3,4163.46,370.855,1545756.07429
2025-11-28 08:00:00+00:00,4163.46,4163.5,4143.29,4143.99,1769.12,7347057.44464
2025-11-28 08:30:00+00:00,4143.99,4153.16,4140.19,4153.16,1271.594,5273203.25693
2025-11-28 09:00:00+00:00,4153.16,4153.61,4145.88,4148.7,661.91,2746625.65234
2025-11-28 09:30:00+00:00,4148.7,4154.17,4147.98,4153.8,298.628,1239547.86565
2025-11-28 10:00:00+00:00,4153.8,4161.97,4153.55,4156.63,465.862,1936562.32993
2025-11-28 10:30:00+00:00,4156.63,4156.64,4147.29,4151.99,742.03,3080429.51783
2025-11-28 11:00:00+00:00,4151.99,4163.89,4151.99,4160.25,494.851,2058122.91314
2025-11-28 11:30:00+00:00,4160.25,4163.87,4158.42,4160.97,492.956,2051341.7502
2025-11-28 12:00:00+00:00,4160.97,4163.11,4156.61,4163.01,464.273,1931316.38859
2025-11-28 12:30:00+00:00,4163.01,4167.11,4162.21,4165.14,207.911,865850.57356
2025-11-28 13:00:00+00:00,4165.14,4167.36,4158.07,4160.38,433.873,1806066.39189
2025-11-28 13:30:00+00:00,4160.38,4169.8,4157.09,4169.22,1353.715,5635931.28549
2025-11-28 14:00:00+00:00,4169.22,4184.79,4169.21,4180.92,1391.51,5813355.98672
2025-11-28 14:30:00+00:00,4180.92,4190.73,4178.64,4181.58,1406.905,5885626.59792
2025-11-28 15:00:00+00:00,4181.58,4182.7,4170.88,4181.16,1064.158,4444214.7084
2025-11-28 15:30:00+00:00,4181.16,4190.15,4179.67,4190.14,693.65,2901922.39267
2025-11-28 16:00:00+00:00,4190.14,4196.67,4184.83,4196.66,879.834,3686514.67771
2025-11-28 16:30:00+00:00,4196.66,4199.46,4187.52,4194.26,1003.098,4206735.16024
2025-11-28 17:00:00+00:00,4194.26,4199.55,4189.59,4193.24,803.936,3371678.61109
2025-11-28 17:30:00+00:00,4193.24,4202.79,4192.96,4201.51,1197.327,5027455.93874
2025-11-28 18:00:00+00:00,4201.51,4206.39,4195.0,4205.0,788.556,3312196.74698
2025-11-28 18:30:00+00:00,4205.0,4212.1,4202.97,4211.43,820.651,3453641.80849
2025-11-28 19:00:00+00:00,4211.43,4211.43,4204.19,4206.95,489.521,2059446.37319
2025-11-28 19:30:00+00:00,4206.95,4209.33,4203.26,4204.53,131.158,551634.37697
2025-11-28 20:00:00+00:00,4204.53,4209.88,4201.45,4208.35,245.148,1031308.11709
2025-11-28 20:30:00+00:00,4208.35,4212.0,4208.34,4212.0,116.988,492576.57194
2025-11-28 21:00:00+00:00,4212.0,4212.01,4198.43,4201.26,469.088,1971638.02792
2025-11-28 21:30:00+00:00,4201.26,4202.76,4199.7,4199.76,87.583,367970.69726
2025-11-28 22:00:00+00:00,4199.76,4205.0,4198.03,4201.38,484.295,2034309.18661
2025-11-28 22:30:00+00:00,4201.38,4207.07,4201.37,4206.71,177.587,746786.96232
2025-11-28 23:00:00+00:00,4206.71,4207.29,4204.36,4206.97,83.539,351384.63919
2025-11-28 23:30:00+00:00,4206.97,4208.87,4205.2,4208.86,57.2,240629.18329
2025-11-29 00:00:00+00:00,4208.86,4211.5,4208.0,4210.5,297.065,1250580.27105
2025-11-29 00:30:00+00:00,4210.5,4211.68,4209.02,4211.61,112.089,471996.19066
2025-11-29 01:00:00+00:00,4211.61,4215.0,4210.25,4213.02,233.175,982443.03598
2025-11-29 01:30:00+00:00,4213.02,4213.02,4201.64,4207.65,339.807,1429205.68223
2025-11-29 02:00:00+00:00,4207.65,4210.0,4205.4,4205.4,265.498,1117202.8184
2025-11-29 02:30:00+00:00,4205.4,4206.81,4203.6,4206.35,155.829,655209.20291
2025-11-29 03:00:00+00:00,4206.35,4207.55,4203.95,4204.83,134.775,566809.12117
2025-11-29 03:30:00+00:00,4204.83,4206.76,4203.93,4206.73,116.318,489132.54259
2025-11-29 04:00:00+00:00,4206.73,4212.82,4205.88,4212.32,192.654,810788.6992
2025-11-29 04:30:00+00:00,4212.32,4216.84,4212.09,4213.23,393.54,1658390.40632
2025-11-29 05:00:00+00:00,4213.23,4214.96,4212.0,4212.85,177.013,745911.70119
2025-11-29 05:30:00+00:00,4212.85,4215.25,4212.01,4213.56,143.656,605227.12265
2025-11-29 06:00:00+00:00,4213.56,4213.56,4205.18,4209.46,383.297,1613206.15191
2025-11-29 06:30:00+00:00,4209.46,4211.02,4203.0,4209.54,446.703,1879000.35332
2025-11-29 07:00:00+00:00,4209.54,4212.88,4209.54,4212.66,105.702,445188.7268
2025-11-29 07:30:00+00:00,4212.66,4212.95,4210.94,4211.95,95.943,404098.52926
2025-11-29 08:00:00+00:00,4211.95,4214.39,4210.23,4213.39,150.644,634641.02915
2025-11-29 08:30:00+00:00,4213.39,4214.51,4213.16,4214.5,85.569,360577.90761
2025-11-29 09:00:00+00:00,4214.5,4214.7,4213.44,4214.35,85.733,361297.28361
2025-11-29 09:30:00+00:00,4214.35,4214.99,4214.35,4214.51,130.153,548561.85359
2025-11-29 10:00:00+00:00,4214.51,4215.99,4212.55,4214.74,331.313,1396424.03129
2025-11-29 10:30:00+00:00,4214.74,4215.9,4214.02,4214.21,149.605,630612.93228
2025-11-29 11:00:00+00:00,4214.21,4217.99,4214.2,4216.84,535.523,2258183.24169
2025-11-29 11:30:00+00:00,4216.84,4218.53,4215.8,4218.04,180.612,761633.87706
2025-11-29 12:00:00+00:00,4218.04,4218.05,4215.5,4215.57,157.991,666283.71219
2025-11-29 12:30:00+00:00,4215.57,4218.0,4215.56,4217.78,110.116,464374.19511
2025-11-29 13:00:00+00:00,4217.78,4218.0,4216.03,4217.97,60.688,255915.60971
2025-11-29 13:30:00+00:00,4217.97,4218.5,4217.66,4217.69,86.068,363049.61055
2025-11-29 14:00:00+00:00,4217.69,4217.7,4215.41,4216.7,72.352,305072.05603
2025-11-29 14:30:00+00:00,4216.7,4217.92,4216.69,4217.21,43.432,183152.29966
2025-11-29 15:00:00+00:00,4217.21,4222.38,4216.03,4216.03,355.569,1500382.34209
2025-11-29 15:30:00+00:00,4216.03,4216.04,4211.14,4215.36,109.992,463396.59368
2025-11-29 16:00:00+00:00,4215.36,4215.37,4208.77,4209.03,199.67,840802.78745
2025-11-29 16:30:00+00:00,4209.03,4211.07,4209.02,4210.57,81.924,344897.45271
2025-11-29 17:00:00+00:00,4210.57,4211.14,4208.02,4208.54,173.686,731073.22061
2025-11-29 17:30:00+00:00,4208.54,4212.83,4200.7,4210.85,709.845,2985559.53558
2025-11-29 18:00:00+00:00,4210.85,4216.99,4210.85,4216.97,543.005,2288651.80975
2025-11-29 18:30:00+00:00,4216.97,4220.68,4215.03,4219.45,422.386,1781665.03027
2025-11-29 19:00:00+00:00,4219.45,4220.38,4217.97,4218.79,105.634,445730.36897
2025-11-29 19:30:00+00:00,4218.79,4218.99,4212.38,4214.13,139.67,588542.78826
2025-11-29 20:00:00+00:00,4214.13,4214.33,4212.32,4214.31,95.26,401333.21505
2025-11-29 20:30:00+00:00,4214.31,4218.49,4213.86,4218.0,60.386,254575.51308
2025-11-29 21:00:00+00:00,4218.0,4218.2,4210.64,4215.72,217.713,917327.82631
2025-11-29 21:30:00+00:00,4215.72,4216.15,4214.8,4215.56,50.087,211146.07834
2025-11-29 22:00:00+00:00,4215.56,4215.57,4212.06,4214.62,123.491,520336.23315
2025-11-29 22:30:00+00:00,4214.62,4217.45,4214.62,4216.01,51.865,218689.25967
2025-11-29 23:00:00+00:00,4216.01,4217.57,4215.41,4217.35,59.096,249180.29743
2025-11-29 23:30:00+00:00,4217.35,4218.99,4213.43,4213.44,145.44,613372.3991
2025-11-30 00:00:00+00:00,4213.44,4217.94,4213.44,4216.84,84.551,356567.22308
2025-11-30 00:30:00+00:00,4216.84,4217.0,4214.6,4215.46,40.208,169494.10944
2025-11-30 01:00:00+00:00,4215.46,4220.34,4215.45,4218.22,184.917,780141.07823
2025-11-30 01:30:00+00:00,4218.22,4218.22,4215.0,4215.79,16.332,68864.56942
2025-11-30 02:00:00+00:00,4215.79,4217.37,4215.79,4217.25,15.748,66409.20203
2025-11-30 02:30:00+00:00,4217.25,4217.29,4213.71,4213.72,54.928,231541.86471
2025-11-30 03:00:00+00:00,4213.72,4215.39,4208.73,4212.85,426.209,1794864.35912
2025-11-30 03:30:00+00:00,4212.85,4218.25,4212.85,4215.76,236.231,995910.59692
2025-11-30 04:00:00+00:00,4215.76,4217.87,4214.62,4215.58,41.437,174691.81887
2025-11-30 04:30:00+00:00,4215.58,4217.57,4214.98,4217.56,61.254,258250.48539
2025-11-30 05:00:00+00:00,4217.56,4219.0,4213.43,4217.25,193.385,815415.96062
2025-11-30 05:30:00+00:00,4217.25,4219.45,4216.72,4219.16,96.356,406475.07179
2025-11-30 06:00:00+00:00,4219.16,4219.88,4218.56,4219.45,38.628,162990.16235
2025-11-30 06:30:00+00:00,4219.45,4220.0,4219.44,4219.65,37.965,160204.04846
2025-11-30 07:00:00+00:00,4219.65,4219.8,4218.72,4219.74,56.98,240428.59199
2025-11-30 07:30:00+00:00,4219.74,4220.0,4217.47,4218.95,66.843,282036.78303
2025-11-30 08:00:00+00:00,4218.95,4219.76,4215.0,4217.16,229.092,966183.58783
2025-11-30 08:30:00+00:00,4217.16,4217.99,4213.66,4213.95,270.631,1140882.6557
2025-11-30 09:00:00+00:00,4213.95,4216.66,4213.95,4215.33,136.521,575456.92235
2025-11-30 09:30:00+00:00,4215.33,4216.75,4215.33,4216.75,34.839,146874.36243
2025-11-30 10:00:00+00:00,4216.75,4218.8,4216.74,4218.31,111.005,468235.15733
2025-11-30 10:30:00+00:00,4218.31,4218.31,4215.22,4215.49,86.363,364103.51695
2025-11-30 11:00:00+00:00,4215.49,4218.99,4215.49,4216.06,135.388,570942.27647
2025-11-30 11:30:00+00:00,4216.06,4216.91,4215.01,4216.63,65.089,274409.62256
2025-11-30 12:00:00+00:00,4216.63,4217.8,4216.62,4217.55,31.792,134076.91003
2025-11-30 12:30:00+00:00,4217.55,4221.75,4216.21,4217.49,323.847,1366590.57368
2025-11-30 13:00:00+00:00,4217.49,4219.5,4216.21,4216.82,146.748,618955.05674
2025-11-30 13:30:00+00:00,4216.82,4216.84,4215.24,4215.31,150.527,634617.57182
2025-11-30 14:00:00+00:00,4215.31,4218.18,4215.0,4217.27,104.866,442125.42901
2025-11-30 14:30:00+00:00,4217.27,4219.42,4215.09,4219.42,152.546,643230.02056
2025-11-30 15:00:00+00:00,4219.42,4219.42,4216.16,4218.64,81.288,342856.17281
2025-11-30 15:30:00+00:00,4218.64,4219.9,4217.1,4217.1,46.543,196349.45832
2025-11-30 16:00:00+00:00,4217.1,4220.98,4217.1,4219.85,108.504,457901.92578
2025-11-30 16:30:00+00:00,4219.85,4220.15,4217.57,4220.15,66.33,279844.63823
2025-11-30 17:00:00+00:00,4220.15,4220.5,4218.34,4220.49,142.929,603081.36169
2025-11-30 17:30:00+00:00,4220.49,4220.95,4218.99,4219.92,83.463,352248.31579
2025-11-30 18:00:00+00:00,4219.92,4219.95,4218.04,4219.56,45.603,192388.61929
2025-11-30 18:30:00+00:00,4219.56,4220.4,4218.35,4220.4,33.961,143284.0069
2025-11-30 19:00:00+00:00,4220.4,4221.68,4219.94,4220.25,95.543,403282.85278
2025-11-30 19:30:00+00:00,4220.25,4220.79,4219.94,4220.45,48.31,203883.95809
2025-11-30 20:00:00+00:00,4220.45,4220.58,4220.15,4220.27,40.496,170906.33476
2025-11-30 20:30:00+00:00,4220.27,4221.15,4219.02,4220.91,61.592,259929.58022
2025-11-30 21:00:00+00:00,4220.91,4220.91,4217.24,4219.18,98.4,415123.56832
2025-11-30 21:30:00+00:00,4219.18,4222.38,4219.18,4221.16,180.617,762456.48556
2025-11-30 22:00:00+00:00,4221.16,4222.44,4220.31,4222.26,143.279,604858.16315
2025-11-30 22:30:00+00:00,4222.26,4222.27,4219.72,4219.72,117.041,494053.73807
2025-11-30 23:00:00+00:00,4219.72,4220.28,4206.37,4216.16,1297.116,5466325.49714
2025-11-30 23:30:00+00:00,4216.16,4219.85,4215.56,4217.03,295.619,1246932.78955
2025-12-01 00:00:00+00:00,4217.03,4220.9,4208.98,4218.2,1379.82,5814612.77332
2025-12-01 00:30:00+00:00,4218.2,4223.44,4216.89,4222.82,1065.567,4497000.08174
2025-12-01 01:00:00+00:00,4222.82,4229.86,4212.6,4229.75,1085.072,4579931.81762
2025-12-01 01:30:00+00:00,4229.75,4249.0,4229.74,4248.74,1104.602,4680188.72918
2025-12-01 02:00:00+00:00,4248.74,4251.53,4233.19,4234.48,2087.472,8856507.82691
2025-12-01 02:30:00+00:00,4234.48,4237.5,4223.23,4237.5,1690.084,7148814.70218
2025-12-01 03:00:00+00:00,4237.5,4238.1,4226.44,4230.32,1179.974,4993813.19272
2025-12-01 03:30:00+00:00,4230.32,4234.0,4227.23,4230.78,690.252,2920240.38123
2025-12-01 04:00:00+00:00,4230.78,4234.36,4228.45,4231.78,812.939,3439614.12194
2025-12-01 04:30:00+00:00,4231.78,4239.49,4231.77,4237.88,227.388,963260.02298
2025-12-01 05:00:00+00:00,4237.88,4237.88,4203.64,4209.34,1862.997,7857312.097
2025-12-01 05:30:00+00:00,4209.34,4221.15,4207.8,4218.56,1145.43,4828906.89169
2025-12-01 06:00:00+00:00,4218.56,4224.09,4214.58,4219.78,820.232,3461532.69902
2025-12-01 06:30:00+00:00,4219.78,4230.58,4219.58,4227.7,760.03,3211140.39493
2025-12-01 07:00:00+00:00,4227.7,4231.43,4220.25,4230.92,678.396,2866312.3509
2025-12-01 07:30:00+00:00,4230.92,4237.38,4228.8,4236.4,383.888,1624981.13096
2025-12-01 08:00:00+00:00,4236.4,4245.77,4236.4,4241.03,752.057,3190053.10621
2025-12-01 08:30:00+00:00,4241.03,4241.03,4229.05,4237.15,841.318,3562610.26853
2025-12-01 09:00:00+00:00,4237.15,4244.0,4237.15,4244.0,1157.083,4906689.59961
2025-12-01 09:30:00+00:00,4244.0,4244.03,4237.15,4242.98,637.304,2702865.75089
2025-12-01 10:00:00+00:00,4242.98,4254.93,4241.79,4246.11,715.455,3039686.84435
2025-12-01 10:30:00+00:00,4246.11,4250.0,4244.35,4248.42,400.148,1699440.64521
2025-12-01 11:00:00+00:00,4248.42,4249.81,4241.25,4247.21,566.596,2405374.31823
2025-12-01 11:30:00+00:00,4247.21,4251.99,4244.57,4250.24,552.329,2346816.66356
2025-12-01 12:00:00+00:00,4250.24,4250.57,4240.45,4246.44,965.947,4099738.76394
2025-12-01 12:30:00+00:00,4246.44,4249.7,4238.83,4240.8,1670.38,7088237.6957
2025-12-01 13:00:00+00:00,4240.8,4250.67,4239.65,4250.28,1508.447,6405879.88867
2025-12-01 13:30:00+00:00,4250.28,4259.44,4243.0,4243.0,808.535,3439182.59587
2025-12-01 14:00:00+00:00,4243.0,4246.24,4236.33,4242.8,1012.081,4294160.61808
2025-12-01 14:30:00+00:00,4242.8,4243.59,4215.98,4234.85,1606.024,6794895.76421
2025-12-01 15:00:00+00:00,4234.85,4237.54,4212.7,4220.16,1888.397,7971623.11541
2025-12-01 15:30:00+00:00,4220.16,4227.78,4212.6,4225.52,2630.862,11104922.08766
2025-12-01 16:00:00+00:00,4225.52,4232.8,4218.68,4232.36,1419.288,5998528.25273
2025-12-01 16:30:00+00:00,4232.36,4234.39,4218.33,4218.99,1211.09,5119113.00983
2025-12-01 17:00:00+00:00,4218.99,4231.17,4216.84,4229.61,1024.272,4326294.82895
2025-12-01 17:30:00+00:00,4229.61,4234.1,4223.82,4226.47,405.439,1714578.95628
2025-12-01 18:00:00+00:00,4226.47,4237.55,4226.19,4236.51,730.278,3090912.7201
2025-12-01 18:30:00+00:00,4236.51,4238.35,4230.45,4235.25,568.444,2407115.15446
2025-12-01 19:00:00+00:00,4235.25,4236.13,4230.78,4235.77,515.827,2183653.28661
2025-12-01 19:30:00+00:00,4235.77,4237.47,4223.27,4230.66,376.488,1592449.71145
2025-12-01 20:00:00+00:00,4230.66,4234.47,4227.37,4232.06,1149.56,4863813.9364
2025-12-01 20:30:00+00:00,4232.06,4237.7,4230.65,4232.88,1241.743,5256328.20357
2025-12-01 21:00:00+00:00,4232.88,4237.35,4230.98,4233.67,783.638,3318337.00524
2025-12-01 21:30:00+00:00,4233.67,4233.68,4225.37,4227.87,863.171,3650292.55595
2025-12-01 22:00:00+00:00,4227.87,4230.61,4221.15,4222.24,721.219,3047428.81807
2025-12-01 22:30:00+00:00,4222.24,4231.7,4221.09,4223.45,394.18,1664987.57577
2025-12-01 23:00:00+00:00,4223.45,4231.26,4222.48,4231.26,255.137,1078299.83828
2025-12-01 23:30:00+00:00,4231.26,4231.83,4219.35,4220.8,446.752,1888115.11108
2025-12-02 00:00:00+00:00,4220.8,4221.25,4215.51,4218.68,395.15,1666661.39937
2025-12-02 00:30:00+00:00,4218.68,4223.18,4218.0,4219.88,210.211,887226.68663
2025-12-02 01:00:00+00:00,4219.88,4220.1,4194.75,4207.11,1946.597,8183665.93347
2025-12-02 01:30:00+00:00,4207.11,4213.29,4202.87,4212.7,327.136,1376715.02217
2025-12-02 02:00:00+00:00,4212.7,4216.67,4209.4,4209.99,494.245,2082071.63035
2025-12-02 02:30:00+00:00,4209.99,4216.42,4208.21,4213.72,327.828,1381143.17653
2025-12-02 03:00:00+00:00,4213.72,4218.47,4213.72,4215.78,144.006,607234.41155
2025-12-02 03:30:00+00:00,4215.78,4217.98,4208.28,4208.8,344.226,1450427.70202
2025-12-02 04:00:00+00:00,4208.8,4212.57,4207.5,4208.43,405.065,1705301.13843
2025-12-02 04:30:00+00:00,4208.43,4210.67,4207.04,4210.27,213.563,898923.46989
2025-12-02 05:00:00+00:00,4210.27,4215.29,4207.43,4213.95,190.182,800864.09825
2025-12-02 05:30:00+00:00,4213.95,4218.17,4211.21,4218.17,188.998,796569.34743
2025-12-02 06:00:00+00:00,4218.17,4219.34,4197.86,4198.38,339.315,1428342.00134
2025-12-02 06:30:00+00:00,4198.38,4208.22,4197.14,4206.95,534.124,2244368.42759
2025-12-02 07:00:00+00:00,4206.95,4211.82,4203.5,4210.68,501.401,2109680.71197
2025-12-02 07:30:00+00:00,4210.68,4211.1,4203.93,4206.78,287.648,1210108.34411
2025-12-02 08:00:00+00:00,4206.78,4210.84,4201.11,4208.7,431.217,1813866.61358
2025-12-02 08:30:00+00:00,4208.7,4210.83,4201.64,4201.65,538.16,2262758.29604
2025-12-02 09:00:00+00:00,4201.65,4203.89,4181.61,4184.18,1420.363,5956191.46805
2025-12-02 09:30:00+00:00,4184.18,4185.94,4173.07,4183.91,1295.865,5416991.70703
2025-12-02 10:00:00+00:00,4183.91,4184.18,4174.15,4178.39,675.13,2821551.45699
2025-12-02 10:30:00+00:00,4178.39,4180.63,4172.59,4176.79,752.881,3144442.3405
2025-12-02 11:00:00+00:00,4176.79,4188.21,4175.83,4188.21,684.152,2859919.53349
2025-12-02 11:30:00+00:00,4188.21,4197.14,4185.59,4197.14,729.51,3057823.46141
2025-12-02 12:00:00+00:00,4197.14,4199.66,4193.22,4196.41,438.531,1840401.11014
2025-12-02 12:30:00+00:00,4196.41,4200.6,4193.81,4199.17,483.964,2031061.52
2025-12-02 13:00:00+00:00,4199.17,4205.75,4193.22,4194.36,1052.039,4416909.05374
2025-12-02 13:30:00+00:00,4194.36,4204.61,4194.33,4203.91,996.724,4185689.40835
2025-12-02 14:00:00+00:00,4203.91,4222.5,4203.56,4218.17,1884.053,7939333.00711
2025-12-02 14:30:00+00:00,4218.17,4220.49,4207.09,4210.71,3354.067,14129867.09122
2025-12-02 15:00:00+00:00,4210.71,4213.98,4176.8,4178.21,7165.532,30070194.11716
2025-12-02 15:30:00+00:00,4178.21,4186.18,4156.63,4162.09,3266.451,13643312.75755
2025-12-02 16:00:00+00:00,4162.09,4172.29,4159.17,4171.38,1336.141,5566693.44389
2025-12-02 16:30:00+00:00,4171.38,4181.04,4171.19,4175.78,1100.817,4597211.47318
2025-12-02 17:00:00+00:00,4175.78,4186.2,4175.78,4185.06,963.615,4029801.57033
2025-12-02 17:30:00+00:00,4185.06,4188.32,4182.61,4185.26,611.363,2559108.80867
2025-12-02 18:00:00+00:00,4185.26,4187.75,4179.64,4179.64,772.474,3232198.20671
2025-12-02 18:30:00+00:00,4179.64,4182.24,4174.72,4180.51,668.096,2791708.20695
2025-12-02 19:00:00+00:00,4180.51,4187.5,4180.51,4185.98,381.846,1597927.05133
2025-12-02 19:30:00+00:00,4185.98,4188.23,4182.3,4184.24,774.993,3243226.62941
2025-12-02 20:00:00+00:00,4184.24,4187.3,4182.8,4187.19,671.584,2811056.09912
2025-12-02 20:30:00+00:00,4187.19,4201.0,4187.19,4200.16,1374.676,5769880.09557
2025-12-02 21:00:00+00:00,4200.16,4201.52,4197.95,4200.73,353.181,1483389.76175
2025-12-02 21:30:00+00:00,4200.73,4202.53,4195.88,4196.22,176.565,741545.28264
2025-12-02 22:00:00+00:00,4196.22,4198.81,4192.02,4192.86,418.639,1756258.26419
2025-12-02 22:30:00+00:00,4192.86,4194.98,4190.19,4194.39,197.305,827012.1596
2025-12-02 23:00:00+00:00,4194.39,4199.99,4189.41,4198.69,831.597,3488843.64853
2025-12-02 23:30:00+00:00,4198.69,4205.86,4196.86,4202.85,674.844,2835950.90917
2025-12-03 00:00:00+00:00,4202.85,4202.86,4196.4,4199.15,704.305,2957823.70536
2025-12-03 00:30:00+00:00,4199.15,4203.13,4196.52,4203.13,418.888,1759086.79238
2025-12-03 01:00:00+00:00,4203.13,4211.22,4203.13,4208.83,730.527,3074195.80623
2025-12-03 01:30:00+00:00,4208.83,4210.28,4204.78,4205.84,627.144,2638586.81234
2025-12-03 02:00:00+00:00,4205.84,4219.57,4205.82,4215.31,1302.647,5491721.9587
2025-12-03 02:30:00+00:00,4215.31,4219.43,4213.75,4218.61,642.367,2709206.8952
2025-12-03 03:00:00+00:00,4218.61,4219.13,4211.9,4217.0,555.771,2342701.18815
2025-12-03 03:30:00+00:00,4217.0,4217.23,4211.91,4212.81,230.548,971330.80364
2025-12-03 04:00:00+00:00,4212.81,4218.25,4210.99,4215.4,721.06,3039459.02563
2025-12-03 04:30:00+00:00,4215.4,4217.87,4213.41,4214.81,289.155,1218879.94246
2025-12-03 05:00:00+00:00,4214.81,4215.26,4211.52,4212.21,162.427,684377.99358
2025-12-03 05:30:00+00:00,4212.21,4212.21,4195.33,4199.76,915.062,3844454.62186
2025-12-03 06:00:00+00:00,4199.76,4202.87,4198.31,4200.59,268.845,1129190.02086
2025-12-03 06:30:00+00:00,4200.59,4201.35,4195.52,4199.75,396.746,1665792.58397
2025-12-03 07:00:00+00:00,4199.75,4201.11,4194.01,4194.01,179.323,752804.59939
2025-12-03 07:30:00+00:00,4194.01,4197.76,4190.36,4196.85,473.724,1986861.73246
2025-12-03 08:00:00+00:00,4196.85,4198.61,4196.1,4198.29,112.214,471016.07329
2025-12-03 08:30:00+00:00,4198.29,4200.9,4196.01,4199.25,176.712,742045.65691
2025-12-03 09:00:00+00:00,4199.25,4199.25,4187.6,4191.67,495.138,2075731.5318
2025-12-03 09:30:00+00:00,4191.67,4193.94,4191.66,4193.56,110.048,461428.41505
2025-12-03 10:00:00+00:00,4193.56,4195.0,4185.73,4194.02,531.247,2226123.84518
2025-12-03 10:30:00+00:00,4194.02,4194.81,4190.21,4192.2,308.931,1295356.31848
2025-12-03 11:00:00+00:00,4192.2,4198.42,4189.26,4198.42,162.454,681153.67157
2025-12-03 11:30:00+00:00,4198.42,4201.75,4196.23,4201.75,90.601,380406.79025
2025-12-03 12:00:00+00:00,4201.75,4202.82,4198.67,4201.76,208.814,877169.11138
2025-12-03 12:30:00+00:00,4201.76,4209.04,4201.44,4208.2,290.33,1221268.60509
2025-12-03 13:00:00+00:00,4208.2,4215.72,4205.66,4214.45,347.632,1463847.08759
2025-12-03 13:30:00+00:00,4214.45,4231.57,4210.25,4230.4,722.96,3053220.43297
2025-12-03 14:00:00+00:00,4230.4,4233.9,4212.33,4218.48,1002.287,4232371.42419
2025-12-03 14:30:00+00:00,4218.48,4234.44,4199.34,4206.55,811.048,3420767.24784
2025-12-03 15:00:00+00:00,4206.55,4217.55,4200.06,4215.87,626.248,2636813.65275
2025-12-03 15:30:00+00:00,4215.87,4221.86,4206.68,4208.05,1052.609,4435463.469
2025-12-03 16:00:00+00:00,4208.05,4214.09,4205.56,4212.57,231.35,973957.79199
2025-12-03 16:30:00+00:00,4212.57,4220.93,4190.01,4195.0,1193.054,5022507.91271
2025-12-03 17:00:00+00:00,4195.0,4206.01,4194.07,4201.97,247.227,1038772.27923
2025-12-03 17:30:00+00:00,4201.97,4208.11,4201.54,4203.62,224.045,942330.73907
2025-12-03 18:00:00+00:00,4203.62,4204.41,4193.0,4195.49,231.169,970505.71862
2025-12-03 18:30:00+00:00,4195.49,4199.95,4187.18,4190.69,329.958,1383621.5977
2025-12-03 19:00:00+00:00,4190.69,4199.56,4190.68,4199.36,161.214,676373.61937
2025-12-03 19:30:00+00:00,4199.36,4202.43,4198.12,4200.6,81.496,342348.09783
2025-12-03 20:00:00+00:00,4200.6,4205.01,4200.6,4202.78,107.832,453186.58174
2025-12-03 20:30:00+00:00,4202.78,4203.32,4197.29,4200.08,51.54,216515.34751
2025-12-03 21:00:00+00:00,4200.08,4203.15,4200.07,4200.44,60.727,255146.11895
2025-12-03 21:30:00+00:00,4200.44,4203.39,4196.72,4196.72,119.157,500376.61693
2025-12-03 22:00:00+00:00,4196.72,4197.11,4193.36,4197.11,79.029,331511.69032
2025-12-03 22:30:00+00:00,4197.11,4199.85,4197.1,4198.7,129.434,543442.1295
2025-12-03 23:00:00+00:00,4198.7,4202.86,4198.06,4202.14,199.233,836850.71109
2025-12-03 23:30:00+00:00,4202.14,4202.19,4197.25,4201.33,93.01,390600.67729
2025-12-04 00:00:00+00:00,4201.33,4206.19,4199.03,4205.6,86.553,363760.94814
2025-12-04 00:30:00+00:00,4205.6,4208.61,4203.39,4205.63,66.198,278470.35852
2025-12-04 01:00:00+00:00,4205.63,4208.48,4200.09,4207.4,337.607,1420044.51857
2025-12-04 01:30:00+00:00,4207.4,4210.57,4203.57,4204.19,100.652,423496.85375
2025-12-04 02:00:00+00:00,4204.19,4204.2,4195.05,4202.42,126.09,529575.20008
2025-12-04 02:30:00+00:00,4202.42,4202.43,4196.52,4196.52,76.286,320335.93634
2025-12-04 03:00:00+00:00,4196.52,4197.46,4182.02,4188.15,462.294,1935791.5898
2025-12-04 03:30:00+00:00,4188.15,4192.16,4185.23,4191.52,139.26,583321.97993
2025-12-04 04:00:00+00:00,4191.52,4193.92,4188.74,4193.92,49.145,205984.03015
2025-12-04 04:30:00+00:00,4193.92,4193.92,4190.46,4192.21,48.729,204280.66682
2025-12-04 05:00:00+00:00,4192.21,4193.87,4186.0,4191.97,116.759,489299.41239
2025-12-04 05:30:00+00:00,4191.97,4193.23,4171.46,4177.14,644.49,2693857.67926
2025-12-04 06:00:00+00:00,4177.14,4181.18,4175.36,4177.71,146.242,611138.38215
2025-12-04 06:30:00+00:00,4177.71,4185.4,4177.71,4184.56,168.341,704237.24271
2025-12-04 07:00:00+00:00,4184.56,4188.74,4181.87,4185.71,212.337,888812.51097
2025-12-04 07:30:00+00:00,4185.71,4188.02,4181.82,4188.02,170.877,715183.37444
2025-12-04 08:00:00+00:00,4188.02,4190.94,4184.82,4188.16,213.188,892793.40253
2025-12-04 08:30:00+00:00,4188.16,4188.7,4180.96,4180.96,49.524,207267.23158
2025-12-04 09:00:00+00:00,4180.96,4185.99,4179.52,4185.82,103.994,434980.92071
2025-12-04 09:30:00+00:00,4185.82,4196.41,4185.81,4194.9,153.666,644139.36024
2025-12-04 10:00:00+00:00,4194.9,4197.0,4194.08,4194.23,90.868,381254.09297
2025-12-04 10:30:00+00:00,4194.23,4197.5,4192.86,4192.9,122.001,511852.65328
2025-12-04 11:00:00+00:00,4192.9,4202.2,4192.9,4194.9,185.561,779089.23836
2025-12-04 11:30:00+00:00,4194.9,4196.78,4192.83,4193.75,100.041,419600.78063
2025-12-04 12:00:00+00:00,4193.75,4196.23,4188.59,4189.72,281.567,1180804.43234
2025-12-04 12:30:00+00:00,4189.72,4189.76,4184.76,4187.23,165.992,695023.59285
2025-12-04 13:00:00+00:00,4187.23,4192.19,4182.08,4191.8,385.396,1613030.39495
2025-12-04 13:30:00+00:00,4191.8,4192.78,4183.8,4192.29,439.59,1840935.14181
2025-12-04 14:00:00+00:00,4192.29,4203.39,4192.29,4201.31,538.32,2260117.89193
2025-12-04 14:30:00+00:00,4201.31,4205.0,4186.97,4194.07,518.329,2175090.55179
2025-12-04 15:00:00+00:00,4194.07,4198.67,4185.35,4198.55,424.805,1781229.66078
2025-12-04 15:30:00+00:00,4198.55,4202.75,4195.27,4200.21,184.542,774990.74164
2025-12-04 16:00:00+00:00,4200.21,4211.35,4199.06,4208.54,449.974,1892984.344
2025-12-04 16:30:00+00:00,4208.54,4209.0,4200.51,4208.63,99.358,417852.58215
2025-12-04 17:00:00+00:00,4208.63,4209.09,4201.86,4203.4,125.904,529400.95741
2025-12-04 17:30:00+00:00,4203.4,4210.0,4202.21,4209.0,378.198,1590525.45347
2025-12-04 18:00:00+00:00,4209.0,4209.77,4203.01,4205.48,141.909,596939.94501
2025-12-04 18:30:00+00:00,4205.48,4206.05,4200.27,4200.28,93.531,393117.31749
2025-12-04 19:00:00+00:00,4200.28,4201.61,4191.84,4197.96,609.965,2559034.01551
2025-12-04 19:30:00+00:00,4197.96,4202.3,4197.0,4201.28,133.627,561263.44883
2025-12-04 20:00:00+00:00,4201.28,4202.43,4199.38,4200.47,64.137,269456.28392
2025-12-04 20:30:00+00:00,4200.47,4203.31,4198.46,4203.31,77.281,324671.8929
2025-12-04 21:00:00+00:00,4203.31,4204.31,4201.67,4201.71,91.291,383688.83986
2025-12-04 21:30:00+00:00,4201.71,4203.83,4201.71,4201.84,49.608,208495.58646
2025-12-04 22:00:00+00:00,4201.84,4204.01,4201.78,4204.01,21.539,90536.97922
2025-12-04 22:30:00+00:00,4204.01,4206.86,4204.0,4205.08,59.061,248380.12536
2025-12-04 23:00:00+00:00,4205.08,4205.08,4201.36,4202.39,178.922,752114.67974
2025-12-04 23:30:00+00:00,4202.39,4202.55,4197.37,4199.64,105.132,441402.59321
2025-12-05 00:00:00+00:00,4199.64,4203.33,4198.12,4198.12,82.935,348404.85057
2025-12-05 00:30:00+00:00,4198.12,4199.49,4196.06,4196.06,99.38,417178.37288
2025-12-05 01:00:00+00:00,4196.06,4197.63,4189.26,4194.53,206.258,864950.18266
2025-12-05 01:30:00+00:00,4194.53,4197.34,4192.65,4197.34,42.157,176838.03095
2025-12-05 02:00:00+00:00,4197.34,4198.74,4192.36,4193.27,99.611,417927.36147
2025-12-05 02:30:00+00:00,4193.27,4201.5,4192.05,4200.09,99.441,417527.15623
2025-12-05 03:00:00+00:00,4200.09,4202.69,4197.0,4198.26,54.461,228735.76345
2025-12-05 03:30:00+00:00,4198.26,4204.74,4198.26,4203.02,55.299,232383.69094
2025-12-05 04:00:00+00:00,4203.02,4207.61,4202.75,4205.81,83.508,351212.26443
2025-12-05 04:30:00+00:00,4205.81,4210.0,4205.81,4210.0,65.707,276510.40087
2025-12-05 05:00:00+00:00,4210.0,4213.85,4209.27,4213.85,101.685,428186.77826
2025-12-05 05:30:00+00:00,4213.85,4216.61,4211.94,4215.88,304.438,1283075.78266
2025-12-05 06:00:00+00:00,4215.88,4222.92,4214.25,4222.4,327.162,1380307.38474
2025-12-05 06:30:00+00:00,4222.4,4222.41,4217.18,4220.11,192.824,813806.1382
2025-12-05 07:00:00+00:00,4220.11,4224.36,4219.85,4224.35,100.419,423987.3187
2025-12-05 07:30:00+00:00,4224.35,4224.35,4216.86,4218.11,171.735,724738.30057
2025-12-05 08:00:00+00:00,4218.11,4220.76,4215.72,4217.21,161.123,679527.15196
2025-12-05 08:30:00+00:00,4217.21,4219.32,4215.27,4216.47,133.445,562838.91178
2025-12-05 09:00:00+00:00,4216.47,4217.12,4211.53,4215.25,138.032,581636.07682
2025-12-05 09:30:00+00:00,4215.25,4218.13,4213.45,4217.5,147.742,622832.87781
2025-12-05 10:00:00+00:00,4217.5,4221.25,4217.42,4218.77,263.192,1110354.57894
2025-12-05 10:30:00+00:00,4218.77,4220.21,4217.73,4218.4,178.859,754637.8932
2025-12-05 11:00:00+00:00,4218.4,4219.97,4215.0,4216.65,77.696,327670.59027
2025-12-05 11:30:00+00:00,4216.65,4219.03,4215.74,4218.75,129.581,546527.15556
2025-12-05 12:00:00+00:00,4218.75,4224.57,4218.74,4220.12,478.103,2018474.76343
2025-12-05 12:30:00+00:00,4220.12,4224.36,4218.32,4223.41,104.567,441427.28223
2025-12-05 13:00:00+00:00,4223.41,4228.14,4216.74,4226.77,422.566,1784767.52554
2025-12-05 13:30:00+00:00,4226.77,4231.71,4224.35,4227.99,629.514,2661494.57063
2025-12-05 14:00:00+00:00,4227.99,4233.44,4225.21,4225.75,271.519,1148446.84725
2025-12-05 14:30:00+00:00,4225.75,4238.0,4223.71,4236.0,744.805,3152670.8056
2025-12-05 15:00:00+00:00,4236.0,4241.84,4228.05,4241.84,484.332,2051022.21358
2025-12-05 15:30:00+00:00,4241.84,4250.72,4230.45,4236.02,843.837,3581667.37179
2025-12-05 16:00:00+00:00,4236.02,4237.69,4193.51,4213.04,1713.844,7216310.4428
2025-12-05 16:30:00+00:00,4213.04,4213.05,4200.43,4207.99,513.54,2159928.51692
2025-12-05 17:00:00+00:00,4207.99,4211.91,4204.19,4211.75,223.001,938505.05426
2025-12-05 17:30:00+00:00,4211.75,4213.72,4201.53,4212.75,334.268,1405697.8325
2025-12-05 18:00:00+00:00,4212.75,4214.77,4206.13,4207.58,260.839,1098361.06889
2025-12-05 18:30:00+00:00,4207.58,4210.76,4202.46,4204.28,158.439,666440.8572
2025-12-05 19:00:00+00:00,4204.28,4205.62,4200.27,4205.62,128.566,540317.38809
2025-12-05 19:30:00+00:00,4205.62,4206.11,4199.55,4203.92,96.002,403439.65073
2025-12-05 20:00:00+00:00,4203.92,4203.92,4199.5,4199.94,67.669,284270.45165
2025-12-05 20:30:00+00:00,4199.94,4201.11,4195.81,4198.3,73.408,308113.68779
2025-12-05 21:00:00+00:00,4198.3,4198.3,4189.41,4193.0,194.021,813664.70275
2025-12-05 21:30:00+00:00,4193.0,4193.48,4189.28,4192.58,424.722,1779828.68258
2025-12-05 22:00:00+00:00,4192.58,4192.82,4192.57,4192.58,55.1,231022.95567
2025-12-05 22:30:00+00:00,4192.58,4199.51,4192.57,4198.14,330.913,1388787.67528
2025-12-05 23:00:00+00:00,4198.14,4199.55,4196.73,4196.74,70.529,296120.2916
2025-12-05 23:30:00+00:00,4196.74,4199.8,4195.67,4199.79,30.377,127506.03341
2025-12-06 00:00:00+00:00,4199.79,4200.6,4198.45,4198.99,50.869,213628.13823
2025-12-06 00:30:00+00:00,4198.99,4201.78,4198.98,4200.74,70.598,296568.7083
2025-12-06 01:00:00+00:00,4200.74,4201.6,4200.72,4201.05,62.529,262698.29354
2025-12-06 01:30:00+00:00,4201.05,4201.05,4199.46,4199.47,8.088,33974.76991
2025-12-06 02:00:00+00:00,4199.47,4199.47,4195.29,4195.4,40.645,170587.81981
2025-12-06 02:30:00+00:00,4195.4,4197.9,4195.4,4197.3,37.285,156479.58116
2025-12-06 03:00:00+00:00,4197.3,4199.48,4197.16,4199.46,152.114,638667.10339
2025-12-06 03:30:00+00:00,4199.46,4199.73,4199.46,4199.73,59.884,251493.18364
2025-12-06 04:00:00+00:00,4199.73,4200.11,4198.21,4198.99,31.03,130301.5706
2025-12-06 04:30:00+00:00,4198.99,4199.71,4198.99,4199.7,7.286,30598.11237
2025-12-06 05:00:00+00:00,4199.7,4200.67,4199.7,4200.38,36.235,152186.00666
2025-12-06 05:30:00+00:00,4200.38,4200.39,4198.51,4198.6,34.666,145585.29526
2025-12-06 06:00:00+00:00,4198.6,4199.44,4197.17,4199.44,31.263,131246.3297
2025-12-06 06:30:00+00:00,4199.44,4200.44,4198.46,4198.47,38.183,160347.6509
2025-12-06 07:00:00+00:00,4198.47,4198.47,4197.21,4197.21,34.64,145419.33945
2025-12-06 07:30:00+00:00,4197.21,4200.96,4197.21,4199.65,82.844,347918.99167
2025-12-06 08:00:00+00:00,4199.65,4200.53,4199.22,4200.52,41.915,176032.53492
2025-12-06 08:30:00+00:00,4200.52,4200.53,4198.6,4199.42,17.134,71947.61264
2025-12-06 09:00:00+00:00,4199.42,4200.9,4199.41,4200.89,15.872,66670.13072
2025-12-06 09:30:00+00:00,4200.89,4200.99,4200.85,4200.85,33.396,140293.20004
2025-12-06 10:00:00+00:00,4200.85,4201.0,4200.85,4201.0,26.304,110500.2229
2025-12-06 10:30:00+00:00,4201.0,4201.0,4200.99,4200.99,19.003,79831.59877
2025-12-06 11:00:00+00:00,4200.99,4203.0,4200.99,4202.91,97.134,408161.31862
2025-12-06 11:30:00+00:00,4202.91,4202.91,4201.87,4202.04,35.202,147944.44799
2025-12-06 12:00:00+00:00,4202.04,4202.05,4201.05,4201.19,17.604,73962.47925
2025-12-06 12:30:00+00:00,4201.19,4201.2,4200.61,4200.61,10.608,44563.42834
2025-12-06 13:00:00+00:00,4200.61,4200.62,4200.0,4200.62,52.743,221540.25455
2025-12-06 13:30:00+00:00,4200.62,4200.62,4200.61,4200.61,9.153,38448.25678
2025-12-06 14:00:00+00:00,4200.61,4201.34,4200.61,4201.27,38.456,161558.92095
2025-12-06 14:30:00+00:00,4201.27,4201.27,4199.62,4199.62,19.949,83804.05662
2025-12-06 15:00:00+00:00,4199.62,4199.63,4199.2,4199.25,37.882,159079.24231
2025-12-06 15:30:00+00:00,4199.25,4201.36,4199.25,4201.36,12.517,52578.35577
2025-12-06 16:00:00+00:00,4201.36,4201.36,4201.35,4201.35,10.519,44194.01078
2025-12-06 16:30:00+00:00,4201.35,4201.36,4200.1,4200.1,12.22,51337.16736
2025-12-06 17:00:00+00:00,4200.1,4200.11,4198.53,4199.24,74.423,312526.03379
2025-12-06 17:30:00+00:00,4199.24,4199.24,4198.94,4198.95,41.164,172847.17817
2025-12-06 18:00:00+00:00,4198.95,4199.0,4198.94,4198.96,51.213,215041.27673
2025-12-06 18:30:00+00:00,4198.96,4198.96,4198.28,4198.28,15.62,65579.6373
2025-12-06 19:00:00+00:00,4198.28,4198.29,4197.85,4197.9,37.072,155629.12147
2025-12-06 19:30:00+00:00,4197.9,4197.91,4197.9,4197.9,13.753,57733.8186
2025-12-06 20:00:00+00:00,4197.9,4197.9,4197.87,4197.89,19.191,80561.6669
2025-12-06 20:30:00+00:00,4197.89,4197.9,4197.89,4197.89,6.842,28721.97847
2025-12-06 21:00:00+00:00,4197.89,4199.39,4197.89,4199.36,33.767,141789.39428
2025-12-06 21:30:00+00:00,4199.36,4199.75,4199.35,4199.75,1.247,5236.63708
2025-12-06 22:00:00+00:00,4199.75,4199.75,4199.74,4199.74,7.651,32132.24378
2025-12-06 22:30:00+00:00,4199.74,4202.01,4199.74,4201.62,33.601,141155.50482
2025-12-06 23:00:00+00:00,4201.62,4201.63,4200.16,4200.16,10.604,44544.44139
2025-12-06 23:30:00+00:00,4200.16,4200.17,4200.16,4200.16,6.188,25990.60219
2025-12-07 00:00:00+00:00,4200.16,4200.17,4200.16,4200.16,2.18,9156.36578
2025-12-07 00:30:00+00:00,4200.16,4200.17,4200.16,4200.17,14.736,61893.60173
2025-12-07 01:00:00+00:00,4200.17,4200.17,4200.16,4200.16,9.694,40716.4418
2025-12-07 01:30:00+00:00,4200.16,4200.17,4200.16,4200.17,3.922,16473.06437
2025-12-07 02:00:00+00:00,4200.17,4200.17,4200.16,4200.17,2.326,9769.59236
2025-12-07 02:30:00+00:00,4200.17,4200.17,4200.16,4200.17,12.245,51431.06345
2025-12-07 03:00:00+00:00,4200.17,4201.42,4200.16,4201.41,14.478,60819.36007
2025-12-07 03:30:00+00:00,4201.41,4201.42,4201.41,4201.42,17.364,72953.31673
2025-12-07 04:00:00+00:00,4201.42,4201.42,4201.41,4201.41,7.588,31880.32499
2025-12-07 04:30:00+00:00,4201.41,4201.42,4201.41,4201.42,13.142,55215.03334
2025-12-07 05:00:00+00:00,4201.42,4201.42,4201.41,4201.42,5.671,23826.23109
2025-12-07 05:30:00+00:00,4201.42,4201.42,4201.41,4201.41,3.0,12604.23882
2025-12-07 06:00:00+00:00,4201.41,4201.42,4201.41,4201.42,1.002,4209.81984
2025-12-07 06:30:00+00:00,4201.42,4201.42,4201.41,4201.42,2.978,12511.81642
2025-12-07 07:00:00+00:00,4201.42,4201.42,4200.65,4200.65,12.9,54194.51691
2025-12-07 07:30:00+00:00,4200.65,4200.66,4200.65,4200.65,3.325,13967.17129
2025-12-07 08:00:00+00:00,4200.65,4201.51,4199.85,4199.87,53.898,226422.66421
2025-12-07 08:30:00+00:00,4199.87,4200.67,4199.86,4200.67,21.866,91839.82819
2025-12-07 09:00:00+00:00,4200.67,4200.67,4200.66,4200.67,11.004,46224.1033
2025-12-07 09:30:00+00:00,4200.67,4200.67,4200.3,4200.31,19.06,80063.04815
2025-12-07 10:00:00+00:00,4200.31,4200.31,4199.2,4199.85,34.076,143118.40247
2025-12-07 10:30:00+00:00,4199.85,4200.67,4199.84,4200.66,13.651,57340.69524
2025-12-07 11:00:00+00:00,4200.66,4200.67,4200.66,4200.67,2.856,11997.1098
2025-12-07 11:30:00+00:00,4200.67,4200.7,4200.66,4200.69,26.291,110440.07749
2025-12-07 12:00:00+00:00,4200.69,4200.8,4200.69,4200.8,15.977,67114.90684
2025-12-07 12:30:00+00:00,4200.8,4200.8,4200.79,4200.8,9.696,40730.94618
2025-12-07 13:00:00+00:00,4200.8,4200.8,4200.22,4200.23,18.53,77834.42404
2025-12-07 13:30:00+00:00,4200.23,4200.35,4200.23,4200.34,19.068,80090.37026
2025-12-07 14:00:00+00:00,4200.34,4200.35,4197.4,4197.4,83.164,349232.79501
2025-12-07 14:30:00+00:00,4197.4,4197.43,4195.09,4195.1,135.847,570034.89544
2025-12-07 15:00:00+00:00,4195.1,4195.74,4194.33,4194.51,84.667,355159.39473
2025-12-07 15:30:00+00:00,4194.51,4200.02,4194.5,4199.33,254.843,1069661.2092
2025-12-07 16:00:00+00:00,4199.33,4199.84,4198.13,4199.83,153.387,644053.23571
2025-12-07 16:30:00+00:00,4199.83,4199.84,4199.28,4199.8,48.944,205546.32286
2025-12-07 17:00:00+00:00,4199.8,4202.0,4199.8,4201.99,68.14,286247.89626
2025-12-07 17:30:00+00:00,4201.99,4203.06,4199.86,4199.86,201.19,845360.82457
2025-12-07 18:00:00+00:00,4199.86,4201.85,4199.02,4201.36,33.313,139912.14738
2025-12-07 18:30:00+00:00,4201.36,4201.52,4199.23,4199.5,85.335,358475.51222
2025-12-07 19:00:00+00:00,4199.5,4201.41,4198.0,4198.1,99.93,419675.95786
2025-12-07 19:30:00+00:00,4198.1,4199.21,4197.02,4197.02,79.836,335157.55006
2025-12-07 20:00:00+00:00,4197.02,4197.92,4197.0,4197.11,35.36,148419.60302
2025-12-07 20:30:00+00:00,4197.11,4198.4,4197.11,4198.4,8.866,37216.31714
2025-12-07 21:00:00+00:00,4198.4,4199.8,4198.39,4199.8,26.417,110943.29448
2025-12-07 21:30:00+00:00,4199.8,4199.8,4199.11,4199.12,34.907,146594.79653
2025-12-07 22:00:00+00:00,4199.12,4199.12,4196.04,4198.26,164.762,691553.05776
2025-12-07 22:30:00+00:00,4198.26,4198.97,4197.34,4198.96,61.801,259447.25089
2025-12-07 23:00:00+00:00,4198.96,4200.66,4196.25,4200.1,607.078,2548928.53855
2025-12-07 23:30:00+00:00,4200.1,4200.57,4196.84,4200.32,134.339,564060.52918
2025-12-08 00:00:00+00:00,4200.32,4206.09,4198.52,4204.82,144.714,608132.58734
2025-12-08 00:30:00+00:00,4204.82,4209.21,4204.82,4208.6,65.877,277165.66943
2025-12-08 01:00:00+00:00,4208.6,4209.91,4200.83,4207.37,130.776,549877.23043
2025-12-08 01:30:00+00:00,4207.37,4208.99,4198.75,4201.49,136.561,574183.70548
2025-12-08 02:00:00+00:00,4201.49,4203.37,4199.05,4203.13,52.928,222375.0043
2025-12-08 02:30:00+00:00,4203.13,4210.74,4199.4,4207.23,103.146,433810.22974
2025-12-08 03:00:00+00:00,4207.23,4211.99,4206.66,4209.24,74.106,311910.61604
2025-12-08 03:30:00+00:00,4209.24,4211.28,4207.45,4209.24,57.806,243290.9833
2025-12-08 04:00:00+00:00,4209.24,4210.73,4208.36,4208.89,25.215,106147.12633
2025-12-08 04:30:00+00:00,4208.89,4212.0,4207.61,4208.71,56.817,239189.73201
2025-12-08 05:00:00+00:00,4208.71,4208.94,4205.76,4207.17,37.02,155785.90958
2025-12-08 05:30:00+00:00,4207.17,4215.29,4207.17,4215.29,86.679,365180.50083
2025-12-08 06:00:00+00:00,4215.29,4216.99,4211.83,4214.31,105.335,443978.36664
2025-12-08 06:30:00+00:00,4214.31,4215.87,4213.61,4215.18,38.878,163877.52983
2025-12-08 07:00:00+00:00,4215.18,4215.6,4212.2,4212.87,44.731,188471.86985
2025-12-08 07:30:00+00:00,4212.87,4214.89,4206.0,4206.48,208.028,875632.84938
2025-12-08 08:00:00+00:00,4206.48,4213.01,4202.52,4209.0,239.791,1009098.46586
2025-12-08 08:30:00+00:00,4209.0,4209.91,4205.01,4208.15,95.29,400930.05055
2025-12-08 09:00:00+00:00,4208.15,4208.82,4204.01,4208.0,155.338,653412.48455
2025-12-08 09:30:00+00:00,4208.0,4210.22,4204.76,4206.48,110.601,465442.5088
2025-12-08 10:00:00+00:00,4206.48,4208.5,4205.0,4205.01,532.403,2240229.86823
2025-12-08 10:30:00+00:00,4205.01,4207.34,4201.41,4203.06,144.151,606040.53624
2025-12-08 11:00:00+00:00,4203.06,4207.13,4199.15,4207.13,116.314,488706.44206
2025-12-08 11:30:00+00:00,4207.13,4211.75,4207.02,4207.02,241.481,1016547.64052
2025-12-08 12:00:00+00:00,4207.02,4210.91,4206.9,4210.26,55.003,231536.73914
2025-12-08 12:30:00+00:00,4210.26,4212.69,4209.61,4211.99,78.109,328897.62002
2025-12-08 13:00:00+00:00,4211.99,4212.67,4201.13,4201.85,287.825,1210767.90097
2025-12-08 13:30:00+00:00,4201.85,4204.52,4197.41,4199.72,170.088,714365.76256
2025-12-08 14:00:00+00:00,4199.72,4208.57,4196.88,4206.63,261.131,1098047.02915
2025-12-08 14:30:00+00:00,4206.63,4208.32,4194.76,4196.28,594.857,2498737.3104
2025-12-08 15:00:00+00:00,4196.28,4196.28,4175.68,4189.67,1815.341,7602923.99841
2025-12-08 15:30:00+00:00,4189.67,4190.99,4181.2,4181.93,395.809,1656494.65848
2025-12-08 16:00:00+00:00,4181.93,4193.51,4176.43,4192.66,437.99,1833638.51964
2025-12-08 16:30:00+00:00,4192.66,4194.93,4186.0,4188.45,192.552,807085.65334
2025-12-08 17:00:00+00:00,4188.45,4189.68,4184.37,4189.62,34.927,146230.16969
2025-12-08 17:30:00+00:00,4189.62,4192.91,4186.64,4192.9,53.945,226041.50553
2025-12-08 18:00:00+00:00,4192.9,4193.33,4186.16,4187.19,44.148,184912.59807
2025-12-08 18:30:00+00:00,4187.19,4190.19,4183.3,4184.36,142.164,595221.20419
2025-12-08 19:00:00+00:00,4184.36,4186.56,4183.55,4185.62,45.495,190399.13324
2025-12-08 19:30:00+00:00,4185.62,4186.74,4184.2,4185.14,44.906,187952.27964
2025-12-08 20:00:00+00:00,4185.14,4189.31,4184.41,4188.01,49.665,207970.02313
2025-12-08 20:30:00+00:00,4188.01,4193.86,4188.01,4190.11,190.729,799593.94446
2025-12-08 21:00:00+00:00,4190.11,4190.91,4188.63,4188.86,77.392,324235.55333
2025-12-08 21:30:00+00:00,4188.86,4189.37,4188.25,4189.31,35.655,149343.28579
2025-12-08 22:00:00+00:00,4189.31,4192.45,4189.3,4191.55,323.091,1353997.69704
2025-12-08 22:30:00+00:00,4191.55,4192.64,4190.13,4191.7,49.828,208858.60649
2025-12-08 23:00:00+00:00,4191.7,4192.29,4189.55,4190.87,78.154,327551.46321
2025-12-08 23:30:00+00:00,4190.87,4193.33,4189.98,4193.33,34.375,144095.86756
2025-12-09 00:00:00+00:00,4193.33,4193.94,4191.01,4191.51,22.48,94242.57452
2025-12-09 00:30:00+00:00,4191.51,4192.5,4188.69,4188.95,23.893,100130.22576
2025-12-09 01:00:00+00:00,4188.95,4194.79,4187.79,4192.02,29.435,123424.90955
2025-12-09 01:30:00+00:00,4192.02,4194.98,4192.01,4193.5,93.436,391861.37603
2025-12-09 02:00:00+00:00,4193.5,4194.41,4188.13,4188.66,106.484,446235.82235
2025-12-09 02:30:00+00:00,4188.66,4188.75,4184.73,4187.91,144.252,603914.92106
2025-12-09 03:00:00+00:00,4187.91,4194.56,4187.91,4194.01,56.558,237076.00482
2025-12-09 03:30:00+00:00,4194.01,4195.0,4192.35,4192.84,21.644,90774.88508
2025-12-09 04:00:00+00:00,4192.84,4193.49,4191.39,4192.0,25.631,107455.11643
2025-12-09 04:30:00+00:00,4192.0,4193.12,4184.04,4185.95,80.911,338828.7126
2025-12-09 05:00:00+00:00,4185.95,4185.95,4182.8,4182.85,134.4,562381.5449
2025-12-09 05:30:00+00:00,4182.85,4183.85,4178.28,4178.78,95.457,399088.4574
2025-12-09 06:00:00+00:00,4178.78,4178.89,4167.79,4175.92,629.176,2625335.14924
2025-12-09 06:30:00+00:00,4175.92,4182.01,4174.82,4182.01,129.719,542281.17961
2025-12-09 07:00:00+00:00,4182.01,4184.42,4176.11,4177.84,90.68,379077.18426
2025-12-09 07:30:00+00:00,4177.84,4181.62,4177.36,4180.26,78.978,330032.10317
2025-12-09 08:00:00+00:00,4180.26,4186.94,4180.26,4184.18,144.309,603874.03398
2025-12-09 08:30:00+00:00,4184.18,4188.6,4183.9,4188.6,151.398,633805.23338
2025-12-09 09:00:00+00:00,4188.6,4206.64,4188.59,4203.26,619.676,2601933.55854
2025-12-09 09:30:00+00:00,4203.26,4204.83,4197.32,4198.77,147.965,621493.87309
2025-12-09 10:00:00+00:00,4198.77,4204.19,4197.45,4200.96,113.296,475946.48159
2025-12-09 10:30:00+00:00,4200.96,4202.03,4197.65,4200.34,235.047,987016.59574
2025-12-09 11:00:00+00:00,4200.34,4200.35,4197.4,4198.87,96.886,406847.13631
2025-12-09 11:30:00+00:00,4198.87,4201.06,4198.74,4198.74,74.429,312585.05404
2025-12-09 12:00:00+00:00,4198.74,4200.23,4194.5,4197.85,169.465,711175.85188
2025-12-09 12:30:00+00:00,4197.85,4202.24,4197.01,4199.46,140.931,591789.17758
2025-12-09 13:00:00+00:00,4199.46,4203.86,4195.17,4197.87,287.497,1207909.86189
2025-12-09 13:30:00+00:00,4197.87,4199.79,4193.06,4198.72,177.174,743313.60896
2025-12-09 14:00:00+00:00,4198.72,4198.72,4187.39,4191.7,232.504,974197.75437
2025-12-09 14:30:00+00:00,4191.7,4205.46,4190.52,4200.15,278.245,1168321.95029
2025-12-09 15:00:00+00:00,4200.15,4204.0,4188.3,4202.15,470.242,1973362.18692
2025-12-09 15:30:00+00:00,4202.15,4210.22,4196.47,4207.77,280.752,1180127.19311
2025-12-09 16:00:00+00:00,4207.77,4214.04,4205.29,4209.39,370.976,1561854.24994
2025-12-09 16:30:00+00:00,4209.39,4215.75,4207.07,4207.24,216.898,913563.13519
2025-12-09 17:00:00+00:00,4207.24,4210.25,4199.67,4202.05,444.042,1866814.77048
2025-12-09 17:30:00+00:00,4202.05,4202.98,4196.89,4198.15,271.654,1140949.53124
2025-12-09 18:00:00+00:00,4198.15,4202.78,4196.81,4201.48,53.72,225614.67008
2025-12-09 18:30:00+00:00,4201.48,4204.42,4199.13,4204.42,32.103,134874.07464
2025-12-09 19:00:00+00:00,4204.42,4206.65,4202.75,4203.6,71.836,302064.43662
2025-12-09 19:30:00+00:00,4203.6,4208.2,4203.0,4207.31,46.566,195845.21114
2025-12-09 20:00:00+00:00,4207.31,4209.68,4205.0,4206.48,55.221,232338.78068
2025-12-09 20:30:00+00:00,4206.48,4208.13,4204.91,4206.72,65.155,274049.84135
2025-12-09 21:00:00+00:00,4206.72,4207.18,4204.46,4205.7,279.313,1174866.2026
2025-12-09 21:30:00+00:00,4205.7,4207.36,4203.34,4204.32,196.252,825421.65025
2025-12-09 22:00:00+00:00,4204.32,4205.46,4204.32,4205.45,10.561,44405.34307
2025-12-09 22:30:00+00:00,4205.45,4208.01,4205.45,4206.52,54.209,228043.52956
2025-12-09 23:00:00+00:00,4206.52,4206.56,4203.76,4205.85,57.984,243829.60433
2025-12-09 23:30:00+00:00,4205.85,4208.06,4204.9,4206.19,66.42,279356.05329
2025-12-10 00:00:00+00:00,4206.19,4207.69,4202.63,4205.13,79.369,333687.72329
2025-12-10 00:30:00+00:00,4205.13,4205.14,4202.9,4203.63,29.29,123140.5728
2025-12-10 01:00:00+00:00,4203.63,4211.6,4202.64,4210.91,116.748,491271.11116
2025-12-10 01:30:00+00:00,4210.91,4212.37,4207.28,4209.58,76.882,323650.55268
2025-12-10 02:00:00+00:00,4209.58,4211.95,4207.28,4209.04,44.909,189066.62428
2025-12-10 02:30:00+00:00,4209.04,4213.74,4209.04,4212.5,47.153,198609.5104
2025-12-10 03:00:00+00:00,4212.5,4212.5,4204.38,4204.74,71.309,300075.58094
2025-12-10 03:30:00+00:00,4204.74,4206.39,4201.01,4202.81,113.654,477759.54888
2025-12-10 04:00:00+00:00,4202.81,4205.6,4202.4,4203.06,39.148,164578.40106
2025-12-10 04:30:00+00:00,4203.06,4205.1,4201.76,4203.66,30.766,129310.04674
2025-12-10 05:00:00+00:00,4203.66,4203.66,4198.93,4202.08,55.133,231583.1229
2025-12-10 05:30:00+00:00,4202.08,4208.36,4202.08,4206.17,40.326,169601.02368
2025-12-10 06:00:00+00:00,4206.17,4206.87,4201.79,4204.13,69.182,290875.78321
2025-12-10 06:30:00+00:00,4204.13,4204.38,4200.8,4204.38,45.394,190783.49341
2025-12-10 07:00:00+00:00,4204.38,4205.63,4201.86,4202.84,22.118,92969.28171
2025-12-10 07:30:00+00:00,4202.84,4204.21,4201.09,4201.11,54.583,229422.67908
2025-12-10 08:00:00+00:00,4201.11,4202.53,4197.48,4200.85,122.87,515979.78001
2025-12-10 08:30:00+00:00,4200.85,4200.85,4195.0,4195.01,141.172,592552.56787
2025-12-10 09:00:00+00:00,4195.01,4197.49,4192.42,4195.88,103.245,433080.49929
2025-12-10 09:30:00+00:00,4195.88,4195.88,4190.78,4192.34,81.092,339988.76514
2025-12-10 10:00:00+00:00,4192.34,4194.02,4190.08,4190.47,74.775,313453.73801
2025-12-10 10:30:00+00:00,4190.47,4191.7,4185.01,4191.08,591.964,2479031.72639
2025-12-10 11:00:00+00:00,4191.08,4193.94,4190.55,4192.62,50.725,212636.58189
2025-12-10 11:30:00+00:00,4192.62,4196.0,4192.53,4196.0,193.291,810842.74366
2025-12-10 12:00:00+00:00,4196.0,4199.41,4195.52,4195.53,128.58,539715.7181
2025-12-10 12:30:00+00:00,4195.53,4197.24,4193.43,4194.71,45.68,191643.30354
2025-12-10 13:00:00+00:00,4194.71,4198.89,4192.51,4197.27,489.575,2054493.3181
2025-12-10 13:30:00+00:00,4197.27,4201.7,4195.06,4198.42,215.106,903143.2834
2025-12-10 14:00:00+00:00,4198.42,4203.86,4194.46,4195.19,269.56,1131830.39408
2025-12-10 14:30:00+00:00,4195.19,4198.61,4191.0,4191.0,259.441,1088231.22598
2025-12-10 15:00:00+00:00,4191.0,4197.95,4188.23,4194.5,182.165,763585.37454
2025-12-10 15:30:00+00:00,4194.5,4196.0,4189.11,4191.13,204.997,859065.08475
2025-12-10 16:00:00+00:00,4191.13,4197.56,4191.13,4197.56,165.021,692273.10177
2025-12-10 16:30:00+00:00,4197.56,4200.97,4196.95,4200.66,207.533,871522.92697
2025-12-10 17:00:00+00:00,4200.66,4200.84,4196.31,4197.78,70.057,294091.3593
2025-12-10 17:30:00+00:00,4197.78,4198.56,4194.58,4197.14,20.838,87447.46853
2025-12-10 18:00:00+00:00,4197.14,4197.59,4191.16,4193.55,75.674,317325.11854
2025-12-10 18:30:00+00:00,4193.55,4193.82,4190.39,4192.16,74.777,313471.59589
2025-12-10 19:00:00+00:00,4192.16,4212.93,4189.03,4194.79,1403.599,5897025.68751
2025-12-10 19:30:00+00:00,4194.79,4211.64,4179.56,4210.17,1478.918,6204606.84695
2025-12-10 20:00:00+00:00,4210.17,4230.31,4205.77,4225.86,1340.656,5659993.498
2025-12-10 20:30:00+00:00,4225.86,4229.51,4222.25,4223.64,553.1,2337023.09679
2025-12-10 21:00:00+00:00,4223.64,4225.86,4215.41,4219.46,443.691,1873090.96979
2025-12-10 21:30:00+00:00,4219.46,4223.44,4219.46,4222.98,90.884,383676.52742
2025-12-10 22:00:00+00:00,4222.98,4226.14,4218.93,4223.43,111.059,468963.2955
2025-12-10 22:30:00+00:00,4223.43,4226.34,4222.63,4225.84,81.931,346147.16582
2025-12-10 23:00:00+00:00,4225.84,4225.84,4218.92,4220.7,205.059,865779.84388
2025-12-10 23:30:00+00:00,4220.7,4229.36,4220.7,4228.34,549.191,2320523.15698
2025-12-11 00:00:00+00:00,4228.34,4238.87,4228.21,4234.77,302.277,1280154.5069
2025-12-11 00:30:00+00:00,4234.77,4237.78,4228.86,4230.3,192.047,813033.73109
2025-12-11 01:00:00+00:00,4230.3,4239.37,4230.01,4230.07,226.438,958845.58959
2025-12-11 01:30:00+00:00,4230.07,4232.33,4228.17,4232.09,99.198,419632.92401
2025-12-11 02:00:00+00:00,4232.09,4232.77,4224.07,4224.07,215.091,909264.79774
2025-12-11 02:30:00+00:00,4224.07,4224.3,4216.46,4218.03,194.308,820003.0291
2025-12-11 03:00:00+00:00,4218.03,4218.8,4206.01,4209.8,349.565,1472074.05069
2025-12-11 03:30:00+00:00,4209.8,4215.0,4209.26,4214.31,123.415,519844.60705
2025-12-11 04:00:00+00:00,4214.31,4215.27,4209.37,4210.34,128.636,541814.10047
2025-12-11 04:30:00+00:00,4210.34,4213.5,4207.84,4212.59,160.094,673953.6737
2025-12-11 05:00:00+00:00,4212.59,4213.75,4209.66,4210.74,57.117,240530.67138
2025-12-11 05:30:00+00:00,4210.74,4210.89,4206.11,4207.15,213.978,900374.30556
2025-12-11 06:00:00+00:00,4207.15,4213.27,4205.0,4213.18,231.775,975687.01905
2025-12-11 06:30:00+00:00,4213.18,4213.6,4210.84,4212.1,212.527,895267.53573
2025-12-11 07:00:00+00:00,4212.1,4212.1,4209.72,4211.99,89.463,376703.05776
2025-12-11 07:30:00+00:00,4211.99,4215.08,4210.55,4214.06,93.995,396060.24038
2025-12-11 08:00:00+00:00,4214.06,4214.98,4212.0,4212.18,122.119,514547.07657
2025-12-11 08:30:00+00:00,4212.18,4215.84,4212.18,4214.3,240.552,1013709.7461
2025-12-11 09:00:00+00:00,4214.3,4214.73,4209.15,4212.01,109.057,459332.19487
2025-12-11 09:30:00+00:00,4212.01,4217.2,4211.99,4215.99,104.548,440688.3268
2025-12-11 10:00:00+00:00,4215.99,4221.99,4214.16,4214.28,224.338,946362.90456
2025-12-11 10:30:00+00:00,4214.28,4216.01,4210.19,4214.41,94.714,398966.60746
2025-12-11 11:00:00+00:00,4214.41,4215.79,4211.36,4212.05,88.586,373216.76996
2025-12-11 11:30:00+00:00,4212.05,4212.05,4207.76,4209.16,277.52,1168174.10001
2025-12-11 12:00:00+00:00,4209.16,4216.54,4207.88,4216.36,221.768,934107.27574
2025-12-11 12:30:00+00:00,4216.36,4218.13,4214.08,4216.14,180.072,759308.38409
2025-12-11 13:00:00+00:00,4216.14,4218.92,4202.88,4210.01,328.805,1383781.64343
2025-12-11 13:30:00+00:00,4210.01,4217.9,4206.76,4216.95,298.346,1257243.91342
2025-12-11 14:00:00+00:00,4216.95,4226.89,4215.4,4226.0,209.139,882994.72473
2025-12-11 14:30:00+00:00,4226.0,4237.59,4223.42,4224.45,600.127,2539503.75338
2025-12-11 15:00:00+00:00,4224.45,4237.0,4221.26,4232.2,291.909,1235064.65792
2025-12-11 15:30:00+00:00,4232.2,4252.92,4232.2,4246.54,1025.586,4353894.63492
2025-12-11 16:00:00+00:00,4246.54,4254.46,4242.85,4250.31,340.839,1447948.99099
2025-12-11 16:30:00+00:00,4250.31,4270.99,4247.96,4267.1,892.864,3803779.22364
2025-12-11 17:00:00+00:00,4267.1,4275.75,4265.1,4272.06,757.3,3235002.81616
2025-12-11 17:30:00+00:00,4272.06,4275.25,4268.7,4274.2,259.971,1110491.27196
2025-12-11 18:00:00+00:00,4274.2,4281.58,4274.0,4278.51,375.615,1607262.25859
2025-12-11 18:30:00+00:00,4278.51,4279.95,4263.56,4264.45,388.396,1659423.11519
2025-12-11 19:00:00+00:00,4264.45,4269.9,4260.14,4269.36,287.99,1228264.4895
2025-12-11 19:30:00+00:00,4269.36,4272.7,4267.48,4269.6,290.529,1240564.81977
2025-12-11 20:00:00+00:00,4269.6,4270.17,4261.51,4264.48,123.831,528134.32347
2025-12-11 20:30:00+00:00,4264.48,4271.74,4264.48,4271.74,40.218,171706.83645
2025-12-11 21:00:00+00:00,4271.74,4274.3,4269.95,4274.3,128.595,549277.70593
2025-12-11 21:30:00+00:00,4274.3,4277.24,4272.9,4274.85,256.17,1095245.67652
2025-12-11 22:00:00+00:00,4274.85,4274.86,4272.0,4273.97,129.843,554835.11785
2025-12-11 22:30:00+00:00,4273.97,4274.86,4272.99,4272.99,136.467,583242.67464
2025-12-11 23:00:00+00:00,4272.99,4277.06,4272.99,4275.59,241.037,1030466.60463
2025-12-11 23:30:00+00:00,4275.59,4276.11,4268.01,4271.15,408.637,1745355.09926
2025-12-12 00:00:00+00:00,4271.15,4275.4,4269.88,4273.68,63.41,270931.44338
2025-12-12 00:30:00+00:00,4273.68,4274.06,4265.01,4265.01,104.218,444974.23266
2025-12-12 01:00:00+00:00,4265.01,4272.67,4263.7,4264.65,417.868,1782469.0742
2025-12-12 01:30:00+00:00,4264.65,4270.2,4264.11,4268.4,66.927,285579.30145
2025-12-12 02:00:00+00:00,4268.4,4272.19,4268.39,4270.09,246.317,1051733.56904
2025-12-12 02:30:00+00:00,4270.09,4273.14,4267.05,4267.59,60.696,259230.63345
2025-12-12 03:00:00+00:00,4267.59,4271.0,4266.23,4267.4,43.689,186467.81877
2025-12-12 03:30:00+00:00,4267.4,4270.39,4266.96,4268.88,85.068,363167.903
2025-12-12 04:00:00+00:00,4268.88,4268.88,4265.28,4265.8,33.724,143886.39343
2025-12-12 04:30:00+00:00,4265.8,4266.59,4264.7,4265.54,144.247,615269.32292
2025-12-12 05:00:00+00:00,4265.54,4271.6,4265.15,4271.34,134.026,572187.68194
2025-12-12 05:30:00+00:00,4271.34,4276.81,4271.34,4276.76,125.623,537002.6718
2025-12-12 06:00:00+00:00,4276.76,4279.17,4274.56,4279.05,179.346,767038.83069
2025-12-12 06:30:00+00:00,4279.05,4280.9,4277.69,4280.89,100.158,428594.55305
2025-12-12 07:00:00+00:00,4280.89,4286.8,4278.95,4284.79,331.317,1419267.9997
2025-12-12 07:30:00+00:00,4284.79,4287.96,4283.35,4283.35,138.273,592561.78861
2025-12-12 08:00:00+00:00,4283.35,4292.99,4283.35,4292.35,259.836,1114575.04084
2025-12-12 08:30:00+00:00,4292.35,4307.71,4292.07,4307.35,551.718,2372629.73499
2025-12-12 09:00:00+00:00,4307.35,4315.08,4306.01,4310.51,839.832,3620797.4989
2025-12-12 09:30:00+00:00,4310.51,4317.36,4304.77,4316.6,371.213,1600070.15554
2025-12-12 10:00:00+00:00,4316.6,4318.59,4314.3,4315.76,323.733,1397577.16467
2025-12-12 10:30:00+00:00,4315.76,4329.0,4315.76,4327.05,366.0,1582401.84067
2025-12-12 11:00:00+00:00,4327.05,4337.1,4324.68,4332.54,611.877,2650926.93625
2025-12-12 11:30:00+00:00,4332.54,4338.02,4329.63,4336.3,419.536,1818086.44026
2025-12-12 12:00:00+00:00,4336.3,4337.78,4328.39,4330.07,540.313,2339838.11704
2025-12-12 12:30:00+00:00,4330.07,4331.2,4322.67,4322.97,414.303,1792317.53452
2025-12-12 13:00:00+00:00,4322.97,4337.5,4318.41,4334.94,674.374,2921361.52336
2025-12-12 13:30:00+00:00,4334.94,4344.0,4332.06,4339.4,483.841,2100119.31611
2025-12-12 14:00:00+00:00,4339.4,4342.96,4336.53,4338.75,259.862,1127807.38734
2025-12-12 14:30:00+00:00,4338.75,4351.67,4329.01,4345.87,682.546,2962761.73526
2025-12-12 15:00:00+00:00,4345.87,4348.66,4296.27,4298.61,2098.436,9054638.07298
2025-12-12 15:30:00+00:00,4298.61,4319.99,4283.4,4290.46,1537.428,6615128.17046
2025-12-12 16:00:00+00:00,4290.46,4296.87,4274.75,4292.56,1823.219,7809434.93367
2025-12-12 16:30:00+00:00,4292.56,4292.56,4260.69,4283.0,1268.715,5420095.11498
2025-12-12 17:00:00+00:00,4283.0,4289.99,4274.0,4281.3,716.694,3069306.98229
2025-12-12 17:30:00+00:00,4281.3,4297.86,4281.3,4294.26,354.517,1521408.73702
2025-12-12 18:00:00+00:00,4294.26,4304.24,4291.97,4295.36,462.172,1986994.12623
2025-12-12 18:30:00+00:00,4295.36,4300.12,4291.41,4294.65,205.357,882169.35989
2025-12-12 19:00:00+00:00,4294.65,4299.26,4291.14,4296.46,123.982,532460.58669
2025-12-12 19:30:00+00:00,4296.46,4298.6,4295.02,4297.83,72.308,310711.80825
2025-12-12 20:00:00+00:00,4297.83,4302.66,4291.1,4292.61,250.215,1075474.44286
2025-12-12 20:30:00+00:00,4292.61,4300.75,4288.55,4299.0,246.093,1056830.48658
2025-12-12 21:00:00+00:00,4299.0,4301.85,4297.94,4301.64,71.464,307265.67266
2025-12-12 21:30:00+00:00,4301.64,4302.05,4298.39,4298.4,54.383,233886.57129
2025-12-12 22:00:00+00:00,4298.4,4299.81,4298.39,4298.42,61.032,262395.55737
2025-12-12 22:30:00+00:00,4298.42,4300.25,4296.25,4299.71,60.084,258224.46019
2025-12-12 23:00:00+00:00,4299.71,4299.71,4296.13,4297.97,34.953,150210.25902
2025-12-12 23:30:00+00:00,4297.97,4298.29,4297.25,4297.29,20.681,88886.01553
2025-12-13 00:00:00+00:00,4297.29,4299.25,4295.9,4299.2,43.568,187211.24872
2025-12-13 00:30:00+00:00,4299.2,4299.2,4296.54,4296.67,23.659,101684.42165
2025-12-13 01:00:00+00:00,4296.67,4298.18,4296.66,4298.18,15.567,66898.95611
2025-12-13 01:30:00+00:00,4298.18,4298.7,4295.92,4295.93,24.248,104208.80125
2025-12-13 02:00:00+00:00,4295.93,4301.41,4295.9,4301.25,70.427,302713.24493
2025-12-13 02:30:00+00:00,4301.25,4301.25,4300.12,4300.13,42.212,181523.85488
2025-12-13 03:00:00+00:00,4300.13,4300.13,4299.17,4299.18,19.564,84114.03621
2025-12-13 03:30:00+00:00,4299.18,4302.03,4298.13,4300.55,96.272,413914.04887
2025-12-13 04:00:00+00:00,4300.55,4300.55,4298.7,4298.74,23.71,101937.02659
2025-12-13 04:30:00+00:00,4298.74,4298.74,4298.7,4298.71,1.804,7754.88812
2025-12-13 05:00:00+00:00,4298.71,4299.53,4298.7,4298.96,10.406,44735.63581
2025-12-13 05:30:00+00:00,4298.96,4299.6,4298.95,4299.56,15.551,66861.26579
2025-12-13 06:00:00+00:00,4299.56,4302.0,4298.91,4302.0,79.09,340104.89715
2025-12-13 06:30:00+00:00,4302.0,4302.0,4300.46,4301.75,28.601,123031.18805
2025-12-13 07:00:00+00:00,4301.75,4301.75,4300.46,4300.47,17.914,77055.05042
2025-12-13 07:30:00+00:00,4300.47,4300.47,4299.86,4300.0,22.109,95067.91934
2025-12-13 08:00:00+00:00,4300.0,4301.4,4299.47,4299.5,32.04,137794.55992
2025-12-13 08:30:00+00:00,4299.5,4299.9,4299.2,4299.7,25.879,111265.98071
2025-12-13 09:00:00+00:00,4299.7,4300.7,4299.6,4300.5,15.132,65068.4213
2025-12-13 09:30:00+00:00,4300.5,4300.9,4300.4,4300.9,2.497,10738.5967
2025-12-13 10:00:00+00:00,4300.9,4300.9,4300.8,4300.9,4.433,19065.6963
2025-12-13 10:30:00+00:00,4300.9,4301.1,4300.5,4300.6,19.81,85195.581
2025-12-13 11:00:00+00:00,4300.6,4300.6,4298.1,4300.5,60.407,259718.26958
2025-12-13 11:30:00+00:00,4300.5,4300.8,4298.3,4298.4,60.609,260612.1685
2025-12-13 12:00:00+00:00,4298.4,4299.9,4298.3,4299.9,15.919,68439.2972
2025-12-13 12:30:00+00:00,4299.9,4299.9,4299.6,4299.9,14.828,63757.5678
2025-12-13 13:00:00+00:00,4299.9,4300.4,4299.7,4300.3,8.531,36683.8535
2025-12-13 13:30:00+00:00,4300.3,4301.0,4299.8,4300.2,19.359,83250.9297
2025-12-13 14:00:00+00:00,4300.2,4300.8,4299.0,4299.1,25.492,109611.0022
2025-12-13 14:30:00+00:00,4299.1,4300.2,4298.5,4299.6,27.822,119611.0602
2025-12-13 15:00:00+00:00,4299.6,4300.3,4299.6,4300.2,7.642,32859.8844
2025-12-13 15:30:00+00:00,4300.2,4300.9,4300.2,4300.4,31.457,135279.7208
2025-12-13 16:00:00+00:00,4300.4,4300.9,4299.6,4300.3,39.695,170700.1079
2025-12-13 16:30:00+00:00,4300.3,4300.3,4300.0,4300.3,12.846,55239.3433
2025-12-13 17:00:00+00:00,4300.3,4300.3,4299.6,4300.1,7.059,30352.8936
2025-12-13 17:30:00+00:00,4300.1,4300.4,4300.1,4300.4,11.602,49891.4393
2025-12-13 18:00:00+00:00,4300.4,4300.9,4300.4,4300.8,7.687,33059.5512
2025-12-13 18:30:00+00:00,4300.8,4301.7,4300.7,4301.3,39.88,171533.2442
2025-12-13 19:00:00+00:00,4301.3,4302.2,4301.2,4301.6,54.02,232381.89264
2025-12-13 19:30:00+00:00,4301.6,4303.8,4301.6,4303.2,47.346,203733.40542
2025-12-13 20:00:00+00:00,4303.2,4303.2,4302.2,4302.2,12.716,54712.1028
2025-12-13 20:30:00+00:00,4302.2,4302.6,4302.0,4302.5,3.797,16336.2654
2025-12-13 21:00:00+00:00,4302.5,4303.2,4301.9,4303.2,16.823,72381.9988
2025-12-13 21:30:00+00:00,4303.2,4303.4,4302.6,4302.9,21.847,94009.0945
2025-12-13 22:00:00+00:00,4302.9,4304.84,4302.9,4303.8,95.028,408990.83013
2025-12-13 22:30:00+00:00,4303.8,4303.8,4301.0,4301.5,26.06,112125.4991
2025-12-13 23:00:00+00:00,4301.5,4301.6,4300.0,4300.0,20.9,89881.7699
2025-12-13 23:30:00+00:00,4300.0,4303.2,4300.0,4303.0,30.409,130783.6792
2025-12-14 00:00:00+00:00,4303.0,4303.1,4302.4,4302.5,4.966,21367.044
2025-12-14 00:30:00+00:00,4302.5,4303.3,4302.4,4303.3,14.441,62137.2741
2025-12-14 01:00:00+00:00,4303.3,4304.3,4303.2,4304.1,54.54,234735.1851
2025-12-14 01:30:00+00:00,4304.1,4304.1,4302.8,4303.6,26.403,113627.4276
2025-12-14 02:00:00+00:00,4303.6,4303.6,4303.2,4303.2,2.113,9092.742
2025-12-14 02:30:00+00:00,4303.2,4303.3,4302.5,4302.5,14.524,62498.9208
2025-12-14 03:00:00+00:00,4302.5,4302.6,4302.5,4302.5,3.064,13182.8923
2025-12-14 03:30:00+00:00,4302.5,4302.6,4302.5,4302.5,1.527,6569.9776
2025-12-14 04:00:00+00:00,4302.5,4302.9,4302.5,4302.9,3.659,15743.213
2025-12-14 04:30:00+00:00,4302.9,4303.1,4302.8,4303.0,1.982,8528.5065
2025-12-14 05:00:00+00:00,4303.0,4303.5,4303.0,4303.5,17.838,76761.1744
2025-12-14 05:30:00+00:00,4303.5,4303.9,4303.4,4303.9,12.079,51983.4333
2025-12-14 06:00:00+00:00,4303.9,4303.9,4303.5,4303.6,5.11,21992.4709
2025-12-14 06:30:00+00:00,4303.6,4303.6,4303.4,4303.4,2.355,10134.5909
2025-12-14 07:00:00+00:00,4303.4,4304.4,4303.4,4304.4,34.239,147363.5603
2025-12-14 07:30:00+00:00,4304.4,4304.7,4304.3,4304.7,12.716,54736.9827
2025-12-14 08:00:00+00:00,4304.7,4304.7,4301.0,4301.1,133.967,576515.3639
2025-12-14 08:30:00+00:00,4301.1,4301.6,4301.0,4301.6,20.761,89298.4155
2025-12-14 09:00:00+00:00,4301.6,4302.7,4301.5,4302.6,49.462,212801.9077
2025-12-14 09:30:00+00:00,4302.6,4303.1,4302.4,4302.9,70.236,302198.8207
2025-12-14 10:00:00+00:00,4302.9,4302.9,4301.9,4302.3,63.34,272511.8277
2025-12-14 10:30:00+00:00,4302.3,4303.1,4302.3,4303.1,16.618,71499.2976
2025-12-14 11:00:00+00:00,4303.1,4303.3,4303.0,4303.1,35.001,150616.4211
2025-12-14 11:30:00+00:00,4303.1,4303.2,4301.0,4301.1,174.989,752842.7351
2025-12-14 12:00:00+00:00,4301.1,4301.2,4299.5,4300.0,211.914,911292.799
2025-12-14 12:30:00+00:00,4300.0,4300.0,4299.0,4299.4,112.162,482225.5676
2025-12-14 13:00:00+00:00,4299.4,4299.4,4299.0,4299.1,30.848,132625.3063
2025-12-14 13:30:00+00:00,4299.1,4299.1,4296.8,4297.0,177.081,761002.80019
2025-12-14 14:00:00+00:00,4297.0,4298.0,4296.9,4298.0,93.631,402341.1647
2025-12-14 14:30:00+00:00,4298.0,4299.3,4297.3,4297.4,87.465,375954.4342
2025-12-14 15:00:00+00:00,4297.4,4297.4,4296.2,4296.3,62.751,269624.43284
2025-12-14 15:30:00+00:00,4296.3,4300.4,4296.3,4300.3,130.386,560283.9278
2025-12-14 16:00:00+00:00,4300.3,4301.9,4300.2,4301.5,106.703,458986.1197
2025-12-14 16:30:00+00:00,4301.5,4301.5,4301.4,4301.4,9.87,42455.6573
2025-12-14 17:00:00+00:00,4301.4,4302.4,4301.4,4302.4,50.265,216243.0522
2025-12-14 17:30:00+00:00,4302.4,4302.9,4302.4,4302.9,45.474,195658.9657
2025-12-14 18:00:00+00:00,4302.9,4303.5,4302.8,4303.4,30.562,131513.7236
2025-12-14 18:30:00+00:00,4303.4,4303.8,4303.3,4303.5,25.219,108528.6727
2025-12-14 19:00:00+00:00,4303.5,4303.6,4303.5,4303.6,13.43,57796.6746
2025-12-14 19:30:00+00:00,4303.6,4303.6,4303.5,4303.5,10.839,46645.7609
2025-12-14 20:00:00+00:00,4303.5,4303.5,4303.0,4303.2,19.311,83098.8273
2025-12-14 20:30:00+00:00,4303.2,4303.5,4303.1,4303.4,10.712,46096.2935
2025-12-14 21:00:00+00:00,4303.4,4304.4,4303.4,4304.4,12.589,54181.7825
2025-12-14 21:30:00+00:00,4304.4,4305.5,4303.3,4305.4,105.118,452493.02219
2025-12-14 22:00:00+00:00,4305.4,4306.7,4305.4,4306.7,65.488,281986.41253
2025-12-14 22:30:00+00:00,4306.7,4306.7,4299.4,4299.5,147.075,632652.8865
2025-12-14 23:00:00+00:00,4299.5,4307.65,4296.5,4305.7,335.778,1444955.63119
2025-12-14 23:30:00+00:00,4305.7,4307.6,4304.4,4304.4,198.902,856474.0468
2025-12-15 00:00:00+00:00,4304.4,4307.1,4303.0,4304.2,79.999,344375.3724
2025-12-15 00:30:00+00:00,4304.2,4307.1,4304.2,4306.9,79.16,340889.8613
2025-12-15 01:00:00+00:00,4306.9,4317.2,4306.8,4316.9,293.399,1265105.04006
2025-12-15 01:30:00+00:00,4316.9,4325.9,4316.9,4323.2,191.263,826559.95675
2025-12-15 02:00:00+00:00,4323.2,4327.2,4323.2,4325.7,129.996,562271.54285
2025-12-15 02:30:00+00:00,4325.7,4330.8,4325.7,4327.2,264.451,1144657.45587
2025-12-15 03:00:00+00:00,4327.2,4330.3,4321.3,4325.0,141.829,613557.9777
2025-12-15 03:30:00+00:00,4325.0,4329.8,4325.0,4327.3,68.289,295548.691
2025-12-15 04:00:00+00:00,4327.3,4329.6,4325.2,4328.0,85.349,369351.9732
2025-12-15 04:30:00+00:00,4328.0,4328.1,4324.9,4326.5,48.11,208157.2373
2025-12-15 05:00:00+00:00,4326.5,4330.3,4326.3,4330.2,71.101,307699.5617
2025-12-15 05:30:00+00:00,4330.2,4342.2,4329.9,4342.2,311.84,1351897.95333
2025-12-15 06:00:00+00:00,4342.2,4343.7,4340.7,4341.9,187.214,812859.40123
2025-12-15 06:30:00+00:00,4341.9,4346.4,4341.2,4343.6,235.392,1022567.59613
2025-12-15 07:00:00+00:00,4343.6,4344.8,4341.4,4344.2,263.046,1142427.1018
2025-12-15 07:30:00+00:00,4344.2,4344.3,4336.3,4341.1,370.89,1610210.7337
2025-12-15 08:00:00+00:00,4341.1,4347.5,4340.1,4347.3,199.401,866170.96492
2025-12-15 08:30:00+00:00,4347.3,4349.6,4345.0,4348.0,328.726,1429135.2732
2025-12-15 09:00:00+00:00,4348.0,4349.9,4345.0,4348.1,123.955,538913.62296
2025-12-15 09:30:00+00:00,4348.1,4351.5,4343.8,4345.1,243.852,1060316.92931
2025-12-15 10:00:00+00:00,4345.1,4349.2,4342.5,4344.8,215.406,936051.1865
2025-12-15 10:30:00+00:00,4344.8,4345.1,4339.8,4339.9,239.551,1039926.8852
2025-12-15 11:00:00+00:00,4339.9,4341.4,4335.6,4340.4,176.761,766751.3837
2025-12-15 11:30:00+00:00,4340.4,4343.2,4339.8,4342.4,70.682,306875.893
2025-12-15 12:00:00+00:00,4342.4,4346.0,4341.9,4345.1,224.706,976075.4917
2025-12-15 12:30:00+00:00,4345.1,4347.4,4343.1,4345.1,98.027,426026.2112
2025-12-15 13:00:00+00:00,4345.1,4345.2,4333.3,4339.4,461.141,2000245.3193
2025-12-15 13:30:00+00:00,4339.4,4343.0,4332.2,4332.7,299.583,1299433.3374
2025-12-15 14:00:00+00:00,4332.7,4335.6,4321.6,4326.1,433.978,1878297.7919
2025-12-15 14:30:00+00:00,4326.1,4334.0,4315.6,4322.2,693.939,3000558.2799
2025-12-15 15:00:00+00:00,4322.2,4325.3,4312.2,4314.0,726.838,3138832.7206
2025-12-15 15:30:00+00:00,4314.0,4327.0,4313.6,4318.7,216.435,935424.4833
2025-12-15 16:00:00+00:00,4318.7,4319.3,4297.1,4298.8,819.571,3528593.6436
2025-12-15 16:30:00+00:00,4298.8,4302.9,4288.6,4300.4,443.204,1903902.66261
2025-12-15 17:00:00+00:00,4300.4,4304.7,4293.4,4303.8,217.495,935090.6307
2025-12-15 17:30:00+00:00,4303.8,4307.0,4302.7,4304.5,170.301,733153.129
2025-12-15 18:00:00+00:00,4304.5,4306.2,4301.0,4305.6,95.056,409112.3856
2025-12-15 18:30:00+00:00,4305.6,4314.1,4302.8,4313.5,139.497,601189.9779
2025-12-15 19:00:00+00:00,4313.5,4317.5,4310.1,4310.2,123.532,532998.4277
2025-12-15 19:30:00+00:00,4310.2,4314.9,4308.8,4314.9,114.601,494230.178
2025-12-15 20:00:00+00:00,4314.9,4314.9,4301.0,4305.6,130.901,563970.4074
2025-12-15 20:30:00+00:00,4305.6,4307.4,4301.7,4305.1,64.067,275810.4865
2025-12-15 21:00:00+00:00,4305.1,4305.5,4301.6,4304.9,65.729,282861.9221
2025-12-15 21:30:00+00:00,4304.9,4305.9,4302.3,4305.7,32.894,141576.9185
2025-12-15 22:00:00+00:00,4305.7,4306.3,4303.7,4306.3,14.025,60376.7726
2025-12-15 22:30:00+00:00,4306.3,4307.9,4302.5,4302.7,76.099,327593.484
2025-12-15 23:00:00+00:00,4302.7,4309.7,4302.7,4308.4,100.269,431836.8015
2025-12-15 23:30:00+00:00,4308.4,4309.2,4304.5,4304.5,50.832,218939.0534
2025-12-16 00:00:00+00:00,4304.5,4310.3,4304.0,4310.0,24.589,105906.9644
2025-12-16 00:30:00+00:00,4310.0,4313.0,4307.4,4308.0,61.835,266565.2114
2025-12-16 01:00:00+00:00,4308.0,4311.4,4302.0,4311.4,63.321,272654.2544
2025-12-16 01:30:00+00:00,4311.4,4317.1,4307.2,4309.8,149.935,646783.6552
2025-12-16 02:00:00+00:00,4309.8,4313.2,4307.8,4312.9,61.717,266052.4859
2025-12-16 02:30:00+00:00,4312.9,4312.9,4286.1,4292.3,362.143,1555145.63521
2025-12-16 03:00:00+00:00,4292.3,4295.0,4281.7,4287.3,461.736,1978878.34405
2025-12-16 03:30:00+00:00,4287.3,4291.2,4284.0,4290.6,164.422,704850.46
2025-12-16 04:00:00+00:00,4290.6,4291.5,4287.0,4288.6,40.984,175780.8324
2025-12-16 04:30:00+00:00,4288.6,4290.4,4287.9,4288.5,63.581,272673.5126
2025-12-16 05:00:00+00:00,4288.5,4291.6,4281.0,4281.0,171.783,736294.97592
2025-12-16 05:30:00+00:00,4281.0,4286.0,4274.1,4284.2,227.181,971856.11903
2025-12-16 06:00:00+00:00,4284.2,4288.5,4280.6,4285.9,162.801,697535.3441
2025-12-16 06:30:00+00:00,4285.9,4290.0,4285.1,4289.4,37.772,161996.0993
2025-12-16 07:00:00+00:00,4289.4,4289.4,4281.1,4282.0,84.954,364006.3376
2025-12-16 07:30:00+00:00,4282.0,4288.6,4281.1,4288.3,85.993,368529.5835
2025-12-16 08:00:00+00:00,4288.3,4290.0,4276.1,4278.6,142.604,610452.22
2025-12-16 08:30:00+00:00,4278.6,4284.7,4276.0,4284.3,173.711,743602.4149
2025-12-16 09:00:00+00:00,4284.3,4284.4,4280.4,4280.4,39.185,167793.671
2025-12-16 09:30:00+00:00,4280.4,4281.5,4275.2,4277.7,141.012,603250.0337
2025-12-16 10:00:00+00:00,4277.7,4282.1,4275.5,4276.5,96.705,413668.9191
2025-12-16 10:30:00+00:00,4276.5,4280.0,4273.9,4276.0,127.71,546136.41444
2025-12-16 11:00:00+00:00,4276.0,4276.6,4273.2,4276.4,77.79,332501.6575
2025-12-16 11:30:00+00:00,4276.4,4278.1,4275.4,4278.1,55.925,239175.2112
2025-12-16 12:00:00+00:00,4278.1,4291.7,4277.3,4291.1,232.529,996677.7917
2025-12-16 12:30:00+00:00,4291.1,4294.3,4287.4,4294.1,152.681,655343.5848
2025-12-16 13:00:00+00:00,4294.1,4300.9,4290.9,4300.9,195.858,841311.9061
2025-12-16 13:30:00+00:00,4300.9,4312.3,4300.2,4311.2,764.507,3293002.6283
2025-12-16 14:00:00+00:00,4311.2,4329.3,4310.5,4323.3,511.32,2209202.5502
2025-12-16 14:30:00+00:00,4323.3,4330.0,4321.1,4322.6,222.679,963295.2148
2025-12-16 15:00:00+00:00,4322.6,4333.9,4311.9,4320.2,533.692,2305738.8401
2025-12-16 15:30:00+00:00,4320.2,4327.5,4318.8,4319.6,188.26,813989.1969
2025-12-16 16:00:00+00:00,4319.6,4322.0,4304.7,4306.8,284.141,1224758.9565
2025-12-16 16:30:00+00:00,4306.8,4306.8,4292.2,4300.5,512.967,2204649.5011
2025-12-16 17:00:00+00:00,4300.5,4309.4,4300.0,4301.5,152.66,656981.7307
2025-12-16 17:30:00+00:00,4301.5,4306.8,4300.1,4303.0,241.844,1040988.4672
2025-12-16 18:00:00+00:00,4303.0,4305.0,4298.9,4301.6,134.643,579285.319
2025-12-16 18:30:00+00:00,4301.6,4311.6,4301.3,4310.4,131.797,567891.5965
2025-12-16 19:00:00+00:00,4310.4,4310.9,4297.5,4303.7,114.229,491545.3436
2025-12-16 19:30:00+00:00,4303.7,4314.6,4303.6,4309.4,69.476,299438.7822
2025-12-16 20:00:00+00:00,4309.4,4313.1,4307.3,4309.9,34.593,149100.479
2025-12-16 20:30:00+00:00,4309.9,4310.3,4302.8,4303.6,47.731,205535.4349
2025-12-16 21:00:00+00:00,4303.6,4304.3,4300.1,4301.5,47.874,205931.1321
2025-12-16 21:30:00+00:00,4301.5,4303.3,4301.0,4301.5,42.013,180730.3842
2025-12-16 22:00:00+00:00,4301.5,4301.8,4300.9,4301.5,9.592,41258.8755
2025-12-16 22:30:00+00:00,4301.5,4304.4,4301.4,4304.4,28.173,121234.3406
2025-12-16 23:00:00+00:00,4304.4,4305.7,4301.5,4305.1,57.017,245397.265
2025-12-16 23:30:00+00:00,4305.1,4308.6,4305.1,4308.3,50.066,215660.8191
2025-12-17 00:00:00+00:00,4308.3,4314.2,4308.2,4313.5,88.428,381277.7223
2025-12-17 00:30:00+00:00,4313.5,4313.8,4311.1,4313.2,17.127,73865.425
2025-12-17 01:00:00+00:00,4313.2,4318.0,4311.8,4316.5,79.541,343285.7137
2025-12-17 01:30:00+00:00,4316.5,4324.4,4316.2,4324.4,174.968,756278.2701
2025-12-17 02:00:00+00:00,4324.4,4325.2,4318.0,4318.6,69.022,298344.9631
2025-12-17 02:30:00+00:00,4318.6,4321.0,4311.6,4313.8,83.72,361204.5536
2025-12-17 03:00:00+00:00,4313.8,4317.9,4312.8,4317.0,68.688,296470.4666
2025-12-17 03:30:00+00:00,4317.0,4322.6,4317.0,4322.5,66.323,286551.1818
2025-12-17 04:00:00+00:00,4322.5,4323.3,4321.0,4321.0,21.729,93917.1473
2025-12-17 04:30:00+00:00,4321.0,4327.8,4319.5,4327.3,157.933,683118.6081
2025-12-17 05:00:00+00:00,4327.3,4336.5,4326.3,4330.9,253.728,1098951.1658
2025-12-17 05:30:00+00:00,4330.9,4339.9,4330.9,4333.6,139.767,606027.0597
2025-12-17 06:00:00+00:00,4333.6,4337.0,4330.4,4332.3,159.029,689304.5805
2025-12-17 06:30:00+00:00,4332.3,4332.9,4326.0,4328.2,125.899,545029.8549
2025-12-17 07:00:00+00:00,4328.2,4328.3,4320.3,4322.3,115.72,500361.6023
2025-12-17 07:30:00+00:00,4322.3,4324.2,4316.0,4318.8,144.773,625191.305
2025-12-17 08:00:00+00:00,4318.8,4321.2,4309.7,4317.2,248.165,1070762.6505
2025-12-17 08:30:00+00:00,4317.2,4321.3,4314.5,4319.3,180.457,779151.629
2025-12-17 09:00:00+00:00,4319.3,4324.1,4319.1,4322.9,67.689,292551.8939
2025-12-17 09:30:00+00:00,4322.9,4322.9,4317.3,4317.4,85.849,370885.3447
2025-12-17 10:00:00+00:00,4317.4,4322.3,4317.2,4320.2,66.818,288621.7567
2025-12-17 10:30:00+00:00,4320.2,4320.3,4308.0,4316.7,339.242,1463167.4715
2025-12-17 11:00:00+00:00,4316.7,4318.7,4315.0,4316.6,134.663,581312.2135
2025-12-17 11:30:00+00:00,4316.6,4317.7,4314.0,4315.3,82.383,355523.58
2025-12-17 12:00:00+00:00,4315.3,4321.7,4315.0,4319.8,125.117,540287.5519
2025-12-17 12:30:00+00:00,4319.8,4321.3,4315.8,4316.4,65.414,282468.2321
2025-12-17 13:00:00+00:00,4316.4,4330.4,4314.7,4328.4,309.152,1337710.9297
2025-12-17 13:30:00+00:00,4328.4,4341.9,4328.4,4340.6,301.784,1308533.2644
2025-12-17 14:00:00+00:00,4340.6,4343.7,4323.2,4327.9,491.901,2131224.7871
2025-12-17 14:30:00+00:00,4327.9,4339.6,4325.4,4336.9,321.901,1395213.371
2025-12-17 15:00:00+00:00,4336.9,4342.4,4332.2,4340.8,272.922,1183861.2529
2025-12-17 15:30:00+00:00,4340.8,4347.0,4323.7,4328.6,657.822,2851332.2712
2025-12-17 16:00:00+00:00,4328.6,4331.7,4320.4,4323.2,296.12,1280774.0001
2025-12-17 16:30:00+00:00,4323.2,4335.6,4322.1,4332.4,125.817,544798.6417
2025-12-17 17:00:00+00:00,4332.4,4338.4,4327.8,4337.5,99.475,431070.4091
2025-12-17 17:30:00+00:00,4337.5,4340.3,4335.0,4339.5,114.2,495436.3128
2025-12-17 18:00:00+00:00,4339.5,4344.2,4337.0,4340.2,188.971,820312.1992
2025-12-17 18:30:00+00:00,4340.2,4341.7,4329.4,4334.2,128.274,555764.1885
2025-12-17 19:00:00+00:00,4334.2,4339.9,4332.5,4339.0,135.295,586561.4076
2025-12-17 19:30:00+00:00,4339.0,4339.7,4330.3,4336.4,100.128,434030.9123
2025-12-17 20:00:00+00:00,4336.4,4341.2,4334.6,4340.0,65.884,285799.4964
2025-12-17 20:30:00+00:00,4340.0,4344.0,4337.8,4339.7,289.659,1257682.8757
2025-12-17 21:00:00+00:00,4339.7,4344.1,4338.9,4344.1,237.333,1030503.0126
2025-12-17 21:30:00+00:00,4344.1,4344.2,4338.7,4338.7,325.496,1413449.9712
2025-12-17 22:00:00+00:00,4338.7,4344.8,4338.7,4344.8,61.336,266381.7563
2025-12-17 22:30:00+00:00,4344.8,4344.8,4342.5,4343.7,57.773,250947.8827
2025-12-17 23:00:00+00:00,4343.7,4343.8,4335.3,4337.6,154.594,670945.2437
2025-12-17 23:30:00+00:00,4337.6,4343.1,4337.6,4339.7,48.629,211110.3071
2025-12-18 00:00:00+00:00,4339.7,4343.2,4337.0,4339.7,62.269,270252.1317
2025-12-18 00:30:00+00:00,4339.7,4341.2,4335.1,4335.7,80.147,347663.4005
2025-12-18 01:00:00+00:00,4335.7,4337.9,4325.1,4325.1,227.32,984222.8478
2025-12-18 01:30:00+00:00,4325.1,4332.0,4324.5,4331.4,120.556,521616.495
2025-12-18 02:00:00+00:00,4331.4,4335.6,4331.1,4333.8,87.326,378396.7055
2025-12-18 02:30:00+00:00,4333.8,4336.4,4330.5,4331.5,57.519,249233.3793
2025-12-18 03:00:00+00:00,4331.5,4335.4,4330.7,4332.1,32.193,139492.5312
2025-12-18 03:30:00+00:00,4332.1,4334.4,4330.9,4333.9,47.142,204241.5454
2025-12-18 04:00:00+00:00,4333.9,4333.9,4329.2,4331.4,44.002,190579.7271
2025-12-18 04:30:00+00:00,4331.4,4332.9,4330.5,4332.9,30.613,132596.9921
2025-12-18 05:00:00+00:00,4332.9,4337.9,4332.2,4336.8,70.053,303682.4454
2025-12-18 05:30:00+00:00,4336.8,4337.5,4333.6,4334.2,49.789,215856.8131
2025-12-18 06:00:00+00:00,4334.2,4335.8,4331.6,4334.1,47.031,203834.2377
2025-12-18 06:30:00+00:00,4334.1,4336.2,4333.2,4334.4,24.317,105411.6221
2025-12-18 07:00:00+00:00,4334.4,4334.5,4330.1,4333.9,68.834,298168.8475
2025-12-18 07:30:00+00:00,4333.9,4337.0,4332.5,4332.5,87.775,380470.6801
2025-12-18 08:00:00+00:00,4332.5,4332.9,4325.8,4326.4,297.987,1289870.6635
2025-12-18 08:30:00+00:00,4326.4,4328.5,4322.0,4325.9,277.379,1199772.0603
2025-12-18 09:00:00+00:00,4325.9,4326.6,4323.5,4323.5,113.437,490644.2486
2025-12-18 09:30:00+00:00,4323.5,4325.7,4319.5,4321.5,169.838,734020.9145
2025-12-18 10:00:00+00:00,4321.5,4324.8,4321.5,4323.6,72.079,311676.7139
2025-12-18 10:30:00+00:00,4323.6,4326.6,4322.5,4325.0,71.954,311122.9807
2025-12-18 11:00:00+00:00,4325.0,4327.9,4324.5,4325.8,69.944,302640.2666
2025-12-18 11:30:00+00:00,4325.8,4326.6,4324.6,4324.9,55.152,238582.8315
2025-12-18 12:00:00+00:00,4324.9,4325.6,4317.5,4318.2,118.664,512685.7642
2025-12-18 12:30:00+00:00,4318.2,4322.6,4318.2,4320.8,162.818,703417.3037
2025-12-18 13:00:00+00:00,4320.8,4323.3,4315.4,4320.0,214.793,927607.9019
2025-12-18 13:30:00+00:00,4320.0,4341.3,4319.9,4335.3,947.625,4105664.6872
2025-12-18 14:00:00+00:00,4335.3,4339.8,4332.6,4333.2,298.779,1295774.2286
2025-12-18 14:30:00+00:00,4333.2,4339.0,4308.7,4328.3,1133.102,4895221.9814
2025-12-18 15:00:00+00:00,4328.3,4334.9,4325.1,4331.9,250.913,1086749.0717
2025-12-18 15:30:00+00:00,4331.9,4339.4,4331.2,4336.7,217.704,944179.915
2025-12-18 16:00:00+00:00,4336.7,4372.4,4336.7,4365.4,1562.425,6811389.49348
2025-12-18 16:30:00+00:00,4365.4,4369.4,4354.2,4358.1,609.466,2658009.4492
2025-12-18 17:00:00+00:00,4358.1,4360.8,4322.8,4328.9,1220.004,5287775.9365
2025-12-18 17:30:00+00:00,4328.9,4342.7,4326.7,4334.1,595.217,2581074.3246
2025-12-18 18:00:00+00:00,4334.1,4342.3,4332.6,4334.4,222.095,963422.0289
2025-12-18 18:30:00+00:00,4334.4,4341.2,4328.3,4333.5,167.384,725196.19
2025-12-18 19:00:00+00:00,4333.5,4334.7,4329.1,4334.6,105.215,455736.6039
2025-12-18 19:30:00+00:00,4334.6,4335.7,4324.6,4326.7,170.495,738268.7224
2025-12-18 20:00:00+00:00,4326.7,4337.2,4326.6,4334.3,166.683,722430.5045
2025-12-18 20:30:00+00:00,4334.3,4339.1,4333.0,4335.3,61.446,266419.211
2025-12-18 21:00:00+00:00,4335.3,4335.8,4331.8,4333.2,47.813,207208.7919
2025-12-18 21:30:00+00:00,4333.2,4335.0,4331.7,4334.4,59.278,256871.6046
2025-12-18 22:00:00+00:00,4334.4,4334.4,4331.5,4331.6,30.5,132129.1484
2025-12-18 22:30:00+00:00,4331.6,4333.9,4330.9,4333.4,45.071,195258.9988
2025-12-18 23:00:00+00:00,4333.4,4336.9,4333.3,4335.5,48.456,210050.7743
2025-12-18 23:30:00+00:00,4335.5,4336.8,4335.1,4336.1,23.024,99820.7302
2025-12-19 00:00:00+00:00,4336.1,4336.2,4330.5,4333.1,51.076,221295.5315
2025-12-19 00:30:00+00:00,4333.1,4333.1,4328.5,4328.5,26.823,116164.7641
2025-12-19 01:00:00+00:00,4328.5,4328.7,4313.5,4315.3,361.016,1560131.7031
2025-12-19 01:30:00+00:00,4315.3,4324.6,4312.0,4324.3,111.042,479335.5296
2025-12-19 02:00:00+00:00,4324.3,4327.5,4323.0,4324.7,62.269,269317.7612
2025-12-19 02:30:00+00:00,4324.7,4325.9,4316.7,4317.0,45.791,197809.9016
2025-12-19 03:00:00+00:00,4317.0,4323.1,4315.0,4321.6,132.069,570345.8315
2025-12-19 03:30:00+00:00,4321.6,4324.1,4319.3,4319.3,113.971,492592.5804
2025-12-19 04:00:00+00:00,4319.3,4321.0,4317.8,4317.8,44.196,190908.7194
2025-12-19 04:30:00+00:00,4317.8,4324.0,4317.8,4323.9,37.753,163100.3605
2025-12-19 05:00:00+00:00,4323.9,4324.8,4320.1,4321.6,23.428,101249.1584
2025-12-19 05:30:00+00:00,4321.6,4329.4,4321.5,4327.5,123.074,532561.9379
2025-12-19 06:00:00+00:00,4327.5,4329.9,4326.6,4329.0,41.746,180712.7711
2025-12-19 06:30:00+00:00,4329.0,4329.1,4324.6,4327.7,77.996,337453.3919
2025-12-19 07:00:00+00:00,4327.7,4329.1,4325.4,4327.8,88.205,381638.8469
2025-12-19 07:30:00+00:00,4327.8,4329.7,4325.0,4325.5,64.81,280499.1782
2025-12-19 08:00:00+00:00,4325.5,4325.5,4321.0,4324.9,244.492,1057099.1051
2025-12-19 08:30:00+00:00,4324.9,4330.0,4324.8,4326.7,66.361,287234.3075
2025-12-19 09:00:00+00:00,4326.7,4328.2,4325.5,4327.4,87.098,376839.4172
2025-12-19 09:30:00+00:00,4327.4,4333.4,4326.3,4329.6,117.634,509277.8045
2025-12-19 10:00:00+00:00,4329.6,4331.7,4328.6,4328.6,69.926,302813.3436
2025-12-19 10:30:00+00:00,4328.6,4330.2,4323.7,4329.2,115.693,500532.6628
2025-12-19 11:00:00+00:00,4329.2,4329.7,4327.1,4327.1,58.238,252066.2285
2025-12-19 11:30:00+00:00,4327.1,4329.5,4326.5,4328.1,56.039,242524.7381
2025-12-19 12:00:00+00:00,4328.1,4328.2,4322.1,4326.8,54.832,237143.5656
2025-12-19 12:30:00+00:00,4326.8,4328.2,4324.1,4326.9,28.508,123339.3266
2025-12-19 13:00:00+00:00,4326.9,4335.2,4326.9,4334.5,204.027,883956.161
2025-12-19 13:30:00+00:00,4334.5,4335.5,4328.8,4329.1,142.879,619026.4995
2025-12-19 14:00:00+00:00,4329.1,4334.0,4327.3,4328.9,65.933,285492.4784
2025-12-19 14:30:00+00:00,4328.9,4337.7,4322.5,4332.7,510.829,2212327.4131
2025-12-19 15:00:00+00:00,4332.7,4345.5,4332.7,4338.7,606.802,2633921.9059
2025-12-19 15:30:00+00:00,4338.7,4348.2,4337.4,4348.2,241.218,1047596.2799
2025-12-19 16:00:00+00:00,4348.2,4353.8,4342.5,4345.8,293.314,1275433.7469
2025-12-19 16:30:00+00:00,4345.8,4349.5,4343.5,4348.8,150.138,652484.0937
2025-12-19 17:00:00+00:00,4348.8,4352.2,4346.8,4351.1,99.822,434215.3415
2025-12-19 17:30:00+00:00,4351.1,4353.4,4348.9,4351.7,183.88,800092.7912
2025-12-19 18:00:00+00:00,4351.7,4354.0,4349.6,4353.3,73.168,318396.4737
2025-12-19 18:30:00+00:00,4353.3,4354.1,4343.3,4346.8,144.195,626789.4987
2025-12-19 19:00:00+00:00,4346.8,4348.1,4345.7,4346.5,33.778,146829.6917
2025-12-19 19:30:00+00:00,4346.5,4347.3,4344.5,4344.5,34.16,148461.5095
2025-12-19 20:00:00+00:00,4344.5,4345.0,4341.6,4344.1,59.87,260031.137
2025-12-19 20:30:00+00:00,4344.1,4344.1,4337.8,4338.9,94.322,409353.292
2025-12-19 21:00:00+00:00,4338.9,4339.5,4337.9,4338.0,80.965,351306.7816
2025-12-19 21:30:00+00:00,4338.0,4338.8,4337.5,4338.7,48.742,211444.8963
2025-12-19 22:00:00+00:00,4338.7,4339.1,4338.7,4338.8,58.005,251680.203
2025-12-19 22:30:00+00:00,4338.8,4343.0,4338.8,4341.8,44.581,193535.881
2025-12-19 23:00:00+00:00,4341.8,4341.9,4339.8,4340.5,11.075,48073.7171
2025-12-19 23:30:00+00:00,4340.5,4341.8,4340.5,4341.7,52.856,229452.8428
2025-12-20 00:00:00+00:00,4341.7,4341.8,4339.7,4341.4,108.002,468827.9989
2025-12-20 00:30:00+00:00,4341.4,4343.1,4341.4,4343.1,33.493,145439.9589
2025-12-20 01:00:00+00:00,4343.1,4343.1,4343.0,4343.1,3.774,16390.5967
2025-12-20 01:30:00+00:00,4343.1,4343.6,4343.0,4343.6,8.564,37196.6836
2025-12-20 02:00:00+00:00,4343.6,4343.6,4341.4,4342.3,70.968,308177.8495
2025-12-20 02:30:00+00:00,4342.3,4342.4,4342.3,4342.3,3.66,15893.0447
2025-12-20 03:00:00+00:00,4342.3,4342.7,4342.3,4342.5,44.358,192625.6863
2025-12-20 03:30:00+00:00,4342.5,4342.6,4342.5,4342.6,7.189,31218.4893
2025-12-20 04:00:00+00:00,4342.6,4342.6,4342.5,4342.5,5.229,22707.3183
2025-12-20 04:30:00+00:00,4342.5,4343.8,4342.5,4343.8,61.673,267866.1929
2025-12-20 05:00:00+00:00,4343.8,4343.8,4343.7,4343.7,4.896,21267.0712
2025-12-20 05:30:00+00:00,4343.7,4343.8,4343.7,4343.7,8.316,36122.4782
2025-12-20 06:00:00+00:00,4343.7,4343.8,4343.7,4343.8,3.658,15889.3919
2025-12-20 06:30:00+00:00,4343.8,4343.8,4343.7,4343.8,4.146,18009.0651
2025-12-20 07:00:00+00:00,4343.8,4343.8,4343.7,4343.7,3.566,15489.7913
2025-12-20 07:30:00+00:00,4343.7,4343.8,4343.7,4343.7,22.162,96266.1508
2025-12-20 08:00:00+00:00,4343.7,4343.8,4343.1,4343.4,36.063,156634.2373
2025-12-20 08:30:00+00:00,4343.4,4343.6,4343.4,4343.5,18.737,81384.3879
2025-12-20 09:00:00+00:00,4343.5,4345.0,4343.5,4344.5,104.536,454140.4809
2025-12-20 09:30:00+00:00,4344.5,4344.8,4344.5,4344.8,28.667,124547.8887
2025-12-20 10:00:00+00:00,4344.8,4344.8,4344.5,4344.5,20.889,90756.0843
2025-12-20 10:30:00+00:00,4344.5,4344.6,4344.3,4344.3,41.4,179861.5286
2025-12-20 11:00:00+00:00,4344.3,4344.5,4344.3,4344.4,13.633,59227.3428
2025-12-20 11:30:00+00:00,4344.4,4344.5,4344.4,4344.5,9.873,42892.922
2025-12-20 12:00:00+00:00,4344.5,4344.5,4344.4,4344.4,16.277,70714.6419
2025-12-20 12:30:00+00:00,4344.4,4344.5,4344.4,4344.4,18.932,82249.6882
2025-12-20 13:00:00+00:00,4344.4,4344.5,4344.3,4344.3,62.817,272902.2467
2025-12-20 13:30:00+00:00,4344.3,4344.5,4344.3,4344.5,50.402,218965.3181
2025-12-20 14:00:00+00:00,4344.5,4344.5,4344.4,4344.5,32.617,141703.2641
2025-12-20 14:30:00+00:00,4344.5,4345.2,4344.4,4345.1,43.176,187594.2894
2025-12-20 15:00:00+00:00,4345.1,4345.1,4345.0,4345.0,3.818,16589.4602
2025-12-20 15:30:00+00:00,4345.0,4345.1,4345.0,4345.1,37.756,164051.3879
2025-12-20 16:00:00+00:00,4345.1,4345.1,4345.0,4345.0,4.288,18631.5029
2025-12-20 16:30:00+00:00,4345.0,4345.2,4345.0,4345.1,26.484,115075.6225
2025-12-20 17:00:00+00:00,4345.1,4345.2,4345.1,4345.1,4.127,17932.4593
2025-12-20 17:30:00+00:00,4345.1,4345.2,4344.7,4344.8,34.79,151161.2626
2025-12-20 18:00:00+00:00,4344.8,4344.8,4344.7,4344.7,4.371,18990.8771
2025-12-20 18:30:00+00:00,4344.7,4344.8,4344.7,4344.7,3.616,15710.5506
2025-12-20 19:00:00+00:00,4344.7,4344.8,4344.7,4344.7,10.968,47653.4447
2025-12-20 19:30:00+00:00,4344.7,4344.8,4344.2,4344.2,14.004,60839.6764
2025-12-20 20:00:00+00:00,4344.2,4344.3,4344.2,4344.2,10.068,43738.3269
2025-12-20 20:30:00+00:00,4344.2,4344.6,4344.2,4344.6,27.243,118355.9842
2025-12-20 21:00:00+00:00,4344.6,4344.6,4344.5,4344.6,17.044,74049.2799
2025-12-20 21:30:00+00:00,4344.6,4345.1,4344.5,4344.6,95.112,413243.1123
2025-12-20 22:00:00+00:00,4344.6,4344.7,4344.5,4344.6,19.179,83325.4353
2025-12-20 22:30:00+00:00,4344.6,4344.7,4344.5,4344.6,21.176,92000.9875
2025-12-20 23:00:00+00:00,4344.6,4344.8,4344.6,4344.8,17.835,77487.8352
2025-12-20 23:30:00+00:00,4344.8,4344.8,4343.9,4344.0,10.738,46647.4539
2025-12-21 00:00:00+00:00,4344.0,4344.1,4344.0,4344.0,1.943,8440.4434
2025-12-21 00:30:00+00:00,4344.0,4344.1,4344.0,4344.0,0.247,1072.9723
2025-12-21 01:00:00+00:00,4344.0,4344.1,4344.0,4344.1,2.029,8814.0121
2025-12-21 01:30:00+00:00,4344.1,4344.1,4344.0,4344.1,8.393,36460.0052
2025-12-21 02:00:00+00:00,4344.1,4344.5,4344.1,4344.5,3.085,13402.6348
2025-12-21 02:30:00+00:00,4344.5,4344.8,4344.4,4344.6,34.894,151602.5221
2025-12-21 03:00:00+00:00,4344.6,4345.0,4344.5,4344.9,37.995,165080.9328
2025-12-21 03:30:00+00:00,4344.9,4344.9,4341.9,4342.0,38.386,166698.3817
2025-12-21 04:00:00+00:00,4342.0,4342.0,4340.7,4340.8,24.288,105443.6983
2025-12-21 04:30:00+00:00,4340.8,4341.8,4340.7,4341.8,22.476,97574.5803
2025-12-21 05:00:00+00:00,4341.8,4343.5,4341.8,4343.3,28.39,123289.9499
2025-12-21 05:30:00+00:00,4343.3,4343.3,4343.2,4343.2,0.792,3439.852
2025-12-21 06:00:00+00:00,4343.2,4345.3,4343.2,4345.3,53.947,234393.9796
2025-12-21 06:30:00+00:00,4345.3,4345.4,4345.2,4345.4,8.18,35544.7322
2025-12-21 07:00:00+00:00,4345.4,4345.4,4345.3,4345.3,20.221,87866.7632
2025-12-21 07:30:00+00:00,4345.3,4345.8,4345.2,4345.5,36.771,159792.6955
2025-12-21 08:00:00+00:00,4345.5,4345.5,4340.1,4343.0,93.93,407826.1177
2025-12-21 08:30:00+00:00,4343.0,4343.2,4343.0,4343.1,40.615,176397.1047
2025-12-21 09:00:00+00:00,4343.1,4343.2,4343.1,4343.2,13.69,59457.395
2025-12-21 09:30:00+00:00,4343.2,4343.4,4342.4,4342.5,18.744,81408.2412
2025-12-21 10:00:00+00:00,4342.5,4343.6,4342.4,4343.6,10.372,45044.5424
2025-12-21 10:30:00+00:00,4343.6,4344.3,4343.5,4344.3,10.67,46349.9678
2025-12-21 11:00:00+00:00,4344.3,4344.4,4344.3,4344.3,9.283,40328.4107
2025-12-21 11:30:00+00:00,4344.3,4344.4,4344.3,4344.4,15.4,66902.9439
2025-12-21 12:00:00+00:00,4344.4,4344.4,4344.2,4344.2,15.057,65412.1817
2025-12-21 12:30:00+00:00,4344.2,4344.3,4344.2,4344.3,8.466,36778.5482
2025-12-21 13:00:00+00:00,4344.3,4344.4,4344.2,4344.4,18.166,78918.0308
2025-12-21 13:30:00+00:00,4344.4,4344.4,4344.2,4344.2,23.016,99989.6191
2025-12-21 14:00:00+00:00,4344.2,4344.3,4344.2,4344.3,32.899,142921.9879
2025-12-21 14:30:00+00:00,4344.3,4344.5,4344.2,4344.4,17.784,77259.4536
2025-12-21 15:00:00+00:00,4344.4,4345.9,4344.4,4345.8,48.86,212301.2734
2025-12-21 15:30:00+00:00,4345.8,4347.0,4345.8,4346.6,106.811,464245.5591
2025-12-21 16:00:00+00:00,4346.6,4346.9,4346.5,4346.9,35.711,155223.1591
2025-12-21 16:30:00+00:00,4346.9,4347.1,4346.9,4347.1,52.711,229134.024
2025-12-21 17:00:00+00:00,4347.1,4347.2,4347.0,4347.2,32.002,139116.6321
2025-12-21 17:30:00+00:00,4347.2,4347.2,4347.1,4347.1,19.822,86170.0168
2025-12-21 18:00:00+00:00,4347.1,4347.2,4347.1,4347.2,13.656,59364.2015
2025-12-21 18:30:00+00:00,4347.2,4347.2,4347.1,4347.1,9.976,43366.8763
2025-12-21 19:00:00+00:00,4347.1,4347.2,4347.1,4347.1,7.806,33933.8053
2025-12-21 19:30:00+00:00,4347.1,4347.3,4347.1,4347.1,14.922,64868.5784
2025-12-21 20:00:00+00:00,4347.1,4347.2,4347.1,4347.1,9.556,41541.1359
2025-12-21 20:30:00+00:00,4347.1,4347.2,4347.1,4347.2,26.843,116690.3986
2025-12-21 21:00:00+00:00,4347.2,4348.3,4347.1,4348.3,76.226,331400.7667
2025-12-21 21:30:00+00:00,4348.3,4348.4,4348.3,4348.4,38.792,168679.4992
2025-12-21 22:00:00+00:00,4348.4,4349.1,4348.3,4349.1,63.959,278146.9941
2025-12-21 22:30:00+00:00,4349.1,4349.1,4346.2,4347.5,53.596,233033.0552
2025-12-21 23:00:00+00:00,4347.5,4348.0,4342.2,4348.0,792.518,3443872.1538
2025-12-21 23:30:00+00:00,4348.0,4355.9,4348.0,4355.3,338.865,1474792.0545
2025-12-22 00:00:00+00:00,4355.3,4365.4,4355.3,4362.9,321.272,1401173.6148
2025-12-22 00:30:00+00:00,4362.9,4366.4,4362.6,4365.2,117.589,513249.0773
2025-12-22 01:00:00+00:00,4365.2,4370.0,4362.1,4367.9,241.191,1053544.8446
2025-12-22 01:30:00+00:00,4367.9,4382.5,4367.9,4382.1,621.511,2720154.91226
2025-12-22 02:00:00+00:00,4382.1,4382.7,4376.8,4378.1,325.213,1424154.52901
2025-12-22 02:30:00+00:00,4378.1,4388.4,4377.8,4388.0,538.25,2360650.93811
2025-12-22 03:00:00+00:00,4388.0,4390.8,4386.7,4389.5,225.282,988774.60047
2025-12-22 03:30:00+00:00,4389.5,4393.2,4384.6,4393.1,418.835,1838341.60861
2025-12-22 04:00:00+00:00,4393.1,4395.9,4392.6,4395.4,492.165,2162596.70071
2025-12-22 04:30:00+00:00,4395.4,4399.4,4393.2,4398.1,211.632,930577.8617
2025-12-22 05:00:00+00:00,4398.1,4404.4,4397.5,4403.9,504.337,2219642.75165
2025-12-22 05:30:00+00:00,4403.9,4410.0,4399.7,4401.1,840.059,3701398.6851
2025-12-22 06:00:00+00:00,4401.1,4404.6,4397.3,4400.6,301.155,1325181.1393
2025-12-22 06:30:00+00:00,4400.6,4419.1,4400.5,4418.8,340.595,1502996.36408
2025-12-22 07:00:00+00:00,4418.8,4419.0,4410.5,4415.6,190.551,841252.0476
2025-12-22 07:30:00+00:00,4415.6,4417.6,4413.0,4414.0,152.748,674318.5038
2025-12-22 08:00:00+00:00,4414.0,4414.0,4410.0,4413.5,454.075,2003288.2835
2025-12-22 08:30:00+00:00,4413.5,4415.4,4406.7,4408.3,194.61,858252.2554
2025-12-22 09:00:00+00:00,4408.3,4414.0,4407.6,4412.5,197.121,869844.9894
2025-12-22 09:30:00+00:00,4412.5,4415.1,4412.4,4413.0,80.991,357482.2151
2025-12-22 10:00:00+00:00,4413.0,4416.9,4412.8,4412.8,212.835,939704.9759
2025-12-22 10:30:00+00:00,4412.8,4412.8,4408.8,4409.1,134.728,594213.1011
2025-12-22 11:00:00+00:00,4409.1,4409.5,4407.1,4408.6,151.619,668332.39
2025-12-22 11:30:00+00:00,4408.6,4410.1,4407.8,4408.9,215.917,951950.2886
2025-12-22 12:00:00+00:00,4408.9,4412.4,4405.9,4408.5,222.959,983054.4434
2025-12-22 12:30:00+00:00,4408.5,4414.7,4407.8,4414.7,121.869,537521.9943
2025-12-22 13:00:00+00:00,4414.7,4428.0,4413.9,4419.0,1036.503,4582043.24213
2025-12-22 13:30:00+00:00,4419.0,4425.9,4418.9,4423.6,234.567,1037323.1984
2025-12-22 14:00:00+00:00,4423.6,4430.0,4423.0,4427.5,327.419,1449591.45024
2025-12-22 14:30:00+00:00,4427.5,4429.9,4416.8,4420.8,481.488,2129990.9597
2025-12-22 15:00:00+00:00,4420.8,4424.5,4414.7,4419.2,299.387,1323175.6559
2025-12-22 15:30:00+00:00,4419.2,4436.9,4418.3,4433.6,467.087,2069277.78258
2025-12-22 16:00:00+00:00,4433.6,4442.4,4430.2,4439.7,510.783,2266829.08499
2025-12-22 16:30:00+00:00,4439.7,4443.1,4435.9,4439.5,414.085,1838189.42431
2025-12-22 17:00:00+00:00,4439.5,4442.5,4436.6,4436.6,242.426,1076210.5792
2025-12-22 17:30:00+00:00,4436.6,4439.6,4434.8,4439.0,167.929,745271.2009
2025-12-22 18:00:00+00:00,4439.0,4439.0,4435.5,4435.6,141.975,630024.7009
2025-12-22 18:30:00+00:00,4435.6,4437.9,4432.5,4437.9,116.501,516726.5228
2025-12-22 19:00:00+00:00,4437.9,4437.9,4432.3,4434.4,197.84,877558.5407
2025-12-22 19:30:00+00:00,4434.4,4435.0,4433.5,4434.8,82.888,367548.0668
2025-12-22 20:00:00+00:00,4434.8,4440.5,4434.8,4436.1,232.967,1033895.5667
2025-12-22 20:30:00+00:00,4436.1,4441.9,4435.7,4441.9,149.597,663869.3446
2025-12-22 21:00:00+00:00,4441.9,4452.9,4441.8,4452.8,479.606,2133148.91345
2025-12-22 21:30:00+00:00,4452.8,4452.8,4449.1,4449.7,140.041,623311.9032
2025-12-22 22:00:00+00:00,4449.7,4449.8,4446.8,4446.9,106.33,473069.3346
2025-12-22 22:30:00+00:00,4446.9,4446.9,4443.6,4446.1,89.901,399578.3281
2025-12-22 23:00:00+00:00,4446.1,4464.8,4446.1,4462.9,593.676,2646014.01516
2025-12-22 23:30:00+00:00,4462.9,4466.0,4456.8,4464.8,280.86,1253343.22332
2025-12-23 00:00:00+00:00,4464.8,4472.8,4462.8,4472.0,314.597,1406155.35224
2025-12-23 00:30:00+00:00,4472.0,4474.9,4470.5,4474.8,177.131,792298.71515
2025-12-23 01:00:00+00:00,4474.8,4493.4,4474.8,4482.0,766.28,3436398.54935
2025-12-23 01:30:00+00:00,4482.0,4493.9,4482.0,4491.1,407.418,1828968.79384
2025-12-23 02:00:00+00:00,4491.1,4493.1,4487.0,4488.7,163.495,734060.8278
2025-12-23 02:30:00+00:00,4488.7,4498.9,4488.7,4495.4,316.517,1422738.31467
2025-12-23 03:00:00+00:00,4495.4,4498.8,4486.1,4488.7,291.592,1309817.4106
2025-12-23 03:30:00+00:00,4488.7,4490.4,4486.5,4487.9,164.048,736256.4754
2025-12-23 04:00:00+00:00,4487.9,4489.8,4486.6,4487.8,130.538,585878.2315
2025-12-23 04:30:00+00:00,4487.8,4489.4,4482.6,4485.9,146.376,656619.6971
2025-12-23 05:00:00+00:00,4485.9,4487.7,4479.2,4482.9,226.553,1015540.2449
2025-12-23 05:30:00+00:00,4482.9,4487.6,4478.3,4478.3,187.758,841995.0874
2025-12-23 06:00:00+00:00,4478.3,4480.6,4471.9,4476.3,433.619,1940287.7863
2025-12-23 06:30:00+00:00,4476.3,4484.5,4476.3,4484.4,142.556,638700.5143
2025-12-23 07:00:00+00:00,4484.4,4488.8,4482.6,4488.4,121.722,545999.7912
2025-12-23 07:30:00+00:00,4488.4,4492.2,4488.0,4489.9,207.641,932264.6044
2025-12-23 08:00:00+00:00,4489.9,4495.7,4488.3,4492.7,579.474,2603740.5681
2025-12-23 08:30:00+00:00,4492.7,4498.9,4490.4,4494.0,407.088,1830246.9668
2025-12-23 09:00:00+00:00,4494.0,4495.0,4485.6,4488.0,329.485,1479179.5453
2025-12-23 09:30:00+00:00,4488.0,4490.4,4483.3,4484.9,193.922,869933.1369
2025-12-23 10:00:00+00:00,4484.9,4489.6,4481.1,4488.6,628.142,2817274.2319
2025-12-23 10:30:00+00:00,4488.6,4488.7,4485.3,4488.0,87.185,391183.3261
2025-12-23 11:00:00+00:00,4488.0,4489.2,4486.7,4486.8,73.803,331206.8726
2025-12-23 11:30:00+00:00,4486.8,4497.4,4486.7,4496.9,597.253,2682707.9817
2025-12-23 12:00:00+00:00,4496.9,4496.9,4487.7,4489.0,171.49,770199.2733
2025-12-23 12:30:00+00:00,4489.0,4492.7,4488.4,4490.8,123.198,553190.0173
2025-12-23 13:00:00+00:00,4490.8,4499.5,4490.4,4492.1,524.771,2358718.00548
2025-12-23 13:30:00+00:00,4492.1,4495.3,4476.9,4482.7,848.565,3806490.4946
2025-12-23 14:00:00+00:00,4482.7,4483.0,4462.5,4467.6,1761.903,7873788.841
2025-12-23 14:30:00+00:00,4467.6,4467.6,4445.3,4449.4,2028.275,9035947.1785
2025-12-23 15:00:00+00:00,4449.4,4454.9,4434.5,4445.6,1804.205,8020786.1586
2025-12-23 15:30:00+00:00,4445.6,4461.8,4445.1,4461.8,571.708,2547840.8194
2025-12-23 16:00:00+00:00,4461.8,4467.6,4459.7,4465.1,879.626,3926849.5495
2025-12-23 16:30:00+00:00,4465.1,4480.4,4460.0,4477.5,519.642,2323997.4237
2025-12-23 17:00:00+00:00,4477.5,4483.2,4473.0,4479.1,403.251,1805867.0339
2025-12-23 17:30:00+00:00,4479.1,4480.5,4471.5,4473.5,301.069,1347710.1197
2025-12-23 18:00:00+00:00,4473.5,4481.8,4473.5,4480.2,217.445,973816.442
2025-12-23 18:30:00+00:00,4480.2,4486.1,4475.0,4485.5,205.317,919945.4288
2025-12-23 19:00:00+00:00,4485.5,4496.9,4485.5,4493.2,619.655,2783653.0628
2025-12-23 19:30:00+00:00,4493.2,4495.9,4491.3,4493.3,205.158,921859.1931
2025-12-23 20:00:00+00:00,4493.3,4496.0,4492.2,4494.1,208.503,937058.7467
2025-12-23 20:30:00+00:00,4494.1,4499.8,4491.3,4498.6,97.851,439983.3389
2025-12-23 21:00:00+00:00,4498.6,4498.6,4488.9,4490.6,236.305,1061582.2076
2025-12-23 21:30:00+00:00,4490.6,4491.0,4482.6,4485.1,324.275,1455291.6662
2025-12-23 22:00:00+00:00,4485.1,4488.6,4485.0,4485.9,162.066,727070.471
2025-12-23 22:30:00+00:00,4485.9,4489.8,4485.8,4489.6,163.944,735795.0986
2025-12-23 23:00:00+00:00,4489.6,4497.1,4488.6,4493.1,273.018,1226578.5948
2025-12-23 23:30:00+00:00,4493.1,4515.6,4493.1,4509.1,1445.159,6514210.41287
2025-12-24 00:00:00+00:00,4509.1,4518.0,4506.1,4516.3,663.839,2997525.98244
2025-12-24 00:30:00+00:00,4516.3,4522.3,4513.9,4516.8,362.361,1637582.70079
2025-12-24 01:00:00+00:00,4516.8,4529.5,4512.3,4525.3,632.768,2861026.89113
2025-12-24 01:30:00+00:00,4525.3,4527.1,4521.5,4523.8,422.221,1910145.2825
2025-12-24 02:00:00+00:00,4523.8,4523.8,4508.6,4509.5,427.737,1930581.9281
2025-12-24 02:30:00+00:00,4509.5,4515.1,4482.9,4483.5,971.284,4366799.4207
2025-12-24 03:00:00+00:00,4483.5,4499.5,4476.6,4496.3,1021.0,4580617.377
2025-12-24 03:30:00+00:00,4496.3,4503.1,4494.6,4496.4,481.375,2165583.3598
2025-12-24 04:00:00+00:00,4496.4,4500.6,4494.8,4500.2,138.79,624196.7544
2025-12-24 04:30:00+00:00,4500.2,4504.3,4499.4,4501.1,167.615,754683.3583
2025-12-24 05:00:00+00:00,4501.1,4502.9,4488.4,4496.1,394.932,1775315.4858
2025-12-24 05:30:00+00:00,4496.1,4498.9,4492.4,4493.7,306.771,1379043.418
2025-12-24 06:00:00+00:00,4493.7,4497.1,4491.1,4493.0,173.549,779886.48
2025-12-24 06:30:00+00:00,4493.0,4501.6,4493.0,4498.6,157.907,710487.5485
2025-12-24 07:00:00+00:00,4498.6,4499.3,4495.1,4495.2,140.502,631863.2354
2025-12-24 07:30:00+00:00,4495.2,4495.2,4487.6,4488.2,162.694,730593.2317
2025-12-24 08:00:00+00:00,4488.2,4494.2,4483.8,4490.4,192.499,863978.4939
2025-12-24 08:30:00+00:00,4490.4,4496.0,4485.4,4485.4,226.926,1018925.3348
2025-12-24 09:00:00+00:00,4485.4,4494.3,4484.7,4493.1,178.676,802116.1738
2025-12-24 09:30:00+00:00,4493.1,4497.9,4490.2,4497.4,152.372,684895.7802
2025-12-24 10:00:00+00:00,4497.4,4502.3,4493.8,4497.1,248.807,1119078.4454
2025-12-24 10:30:00+00:00,4497.1,4497.1,4486.8,4492.8,260.416,1169212.2376
2025-12-24 11:00:00+00:00,4492.8,4493.0,4488.8,4490.8,115.224,517450.9667
2025-12-24 11:30:00+00:00,4490.8,4494.5,4488.0,4494.4,172.968,776754.9184
2025-12-24 12:00:00+00:00,4494.4,4499.0,4494.4,4497.1,125.302,563516.5025
2025-12-24 12:30:00+00:00,4497.1,4497.1,4493.2,4494.3,38.86,174660.9257
2025-12-24 13:00:00+00:00,4494.3,4495.4,4478.7,4482.5,337.403,1513045.232
2025-12-24 13:30:00+00:00,4482.5,4490.9,4481.0,4490.9,240.863,1080680.6745
2025-12-24 14:00:00+00:00,4490.9,4491.5,4484.7,4487.2,184.951,830225.0535
2025-12-24 14:30:00+00:00,4487.2,4491.2,4463.6,4467.9,1193.866,5340427.7025
2025-12-24 15:00:00+00:00,4467.9,4477.6,4464.7,4471.4,582.998,2607069.2821
2025-12-24 15:30:00+00:00,4471.4,4474.5,4452.4,4462.0,726.152,3239163.8835
2025-12-24 16:00:00+00:00,4462.0,4474.7,4460.4,4472.0,233.915,1045625.1372
2025-12-24 16:30:00+00:00,4472.0,4481.2,4471.5,4480.7,229.354,1026562.5365
2025-12-24 17:00:00+00:00,4480.7,4489.4,4479.0,4479.8,402.868,1806573.3934
2025-12-24 17:30:00+00:00,4479.8,4486.2,4479.8,4484.1,110.429,495142.9345
2025-12-24 18:00:00+00:00,4484.1,4485.4,4480.9,4484.7,48.398,216960.4733
2025-12-24 18:30:00+00:00,4484.7,4485.4,4483.2,4484.2,61.255,274663.2169
2025-12-24 19:00:00+00:00,4484.2,4484.2,4483.6,4483.7,25.261,113269.8269
2025-12-24 19:30:00+00:00,4483.7,4483.7,4483.5,4483.5,17.495,78441.3559
2025-12-24 20:00:00+00:00,4483.5,4483.5,4481.9,4482.0,76.126,341248.7826
2025-12-24 20:30:00+00:00,4482.0,4482.2,4480.9,4480.9,54.546,244444.7254
2025-12-24 21:00:00+00:00,4480.9,4481.0,4479.6,4479.6,22.837,102319.7438
2025-12-24 21:30:00+00:00,4479.6,4479.7,4479.1,4479.1,21.973,98430.0707
2025-12-24 22:00:00+00:00,4479.1,4481.0,4477.2,4478.8,212.838,953314.3122
2025-12-24 22:30:00+00:00,4478.8,4478.8,4476.1,4476.6,72.164,323102.0345
2025-12-24 23:00:00+00:00,4476.6,4477.3,4476.6,4476.9,42.806,191640.3229
2025-12-24 23:30:00+00:00,4476.9,4481.0,4476.1,4481.0,90.72,406306.5597
2025-12-25 00:00:00+00:00,4481.0,4483.7,4480.9,4483.6,126.35,566233.1954
2025-12-25 00:30:00+00:00,4483.6,4484.4,4483.6,4483.8,52.501,235413.9363
2025-12-25 01:00:00+00:00,4483.8,4483.8,4475.1,4475.5,231.035,1034393.715
2025-12-25 01:30:00+00:00,4475.5,4477.4,4474.1,4477.4,267.776,1198273.4206
2025-12-25 02:00:00+00:00,4477.4,4478.0,4477.3,4477.9,73.025,327001.7671
2025-12-25 02:30:00+00:00,4477.9,4478.0,4473.7,4477.1,199.886,894579.4313
2025-12-25 03:00:00+00:00,4477.1,4478.2,4477.0,4477.0,127.495,570869.4287
2025-12-25 03:30:00+00:00,4477.0,4480.1,4477.0,4480.1,136.553,611531.2368
2025-12-25 04:00:00+00:00,4480.1,4483.9,4480.0,4483.8,181.638,813905.9391
2025-12-25 04:30:00+00:00,4483.8,4483.9,4482.8,4482.9,93.382,418657.5705
2025-12-25 05:00:00+00:00,4482.9,4483.0,4481.3,4481.3,14.172,63517.4594
2025-12-25 05:30:00+00:00,4481.3,4482.7,4481.0,4482.1,33.551,150360.3382
2025-12-25 06:00:00+00:00,4482.1,4482.2,4481.8,4481.9,50.749,227456.2665
2025-12-25 06:30:00+00:00,4481.9,4483.0,4481.9,4482.4,18.362,82311.5838
2025-12-25 07:00:00+00:00,4482.4,4484.6,4482.4,4484.5,24.235,108660.8878
2025-12-25 07:30:00+00:00,4484.5,4484.6,4480.4,4484.4,49.209,220611.0891
2025-12-25 08:00:00+00:00,4484.4,4484.5,4479.1,4479.8,64.835,290541.8204
2025-12-25 08:30:00+00:00,4479.8,4481.0,4478.7,4480.9,49.914,223626.6731
2025-12-25 09:00:00+00:00,4480.9,4483.2,4480.9,4483.1,24.601,110267.505
2025-12-25 09:30:00+00:00,4483.1,4483.2,4481.7,4482.9,40.938,183514.9294
2025-12-25 10:00:00+00:00,4482.9,4483.8,4480.9,4483.8,64.698,290032.6697
2025-12-25 10:30:00+00:00,4483.8,4483.8,4480.7,4482.1,120.189,538728.8625
2025-12-25 11:00:00+00:00,4482.1,4484.3,4481.9,4482.9,82.661,370576.5591
2025-12-25 11:30:00+00:00,4482.9,4482.9,4482.1,4482.3,12.939,58000.2202
2025-12-25 12:00:00+00:00,4482.3,4482.4,4478.8,4479.0,161.226,722472.2604
2025-12-25 12:30:00+00:00,4479.0,4482.3,4478.9,4482.3,19.86,88973.8666
2025-12-25 13:00:00+00:00,4482.3,4485.8,4482.2,4485.6,76.488,342999.9195
2025-12-25 13:30:00+00:00,4485.6,4486.5,4485.1,4485.7,106.29,476775.2742
2025-12-25 14:00:00+00:00,4485.7,4486.8,4485.6,4486.8,21.44,96180.1037
2025-12-25 14:30:00+00:00,4486.8,4489.1,4486.7,4489.1,59.609,267517.7578
2025-12-25 15:00:00+00:00,4489.1,4489.5,4487.7,4488.7,199.544,895737.9704
2025-12-25 15:30:00+00:00,4488.7,4489.8,4486.5,4489.8,94.654,424827.3325
2025-12-25 16:00:00+00:00,4489.8,4490.8,4485.0,4487.7,140.719,631683.4517
2025-12-25 16:30:00+00:00,4487.7,4489.6,4485.5,4487.0,123.878,555967.4894
2025-12-25 17:00:00+00:00,4487.0,4490.5,4487.0,4490.5,28.034,125852.0258
2025-12-25 17:30:00+00:00,4490.5,4491.8,4489.4,4489.5,28.428,127672.1599
2025-12-25 18:00:00+00:00,4489.5,4489.5,4487.0,4489.4,15.851,71146.828
2025-12-25 18:30:00+00:00,4489.4,4492.9,4489.4,4492.7,119.652,537418.7835
2025-12-25 19:00:00+00:00,4492.7,4492.7,4491.9,4492.0,50.13,225195.1168
2025-12-25 19:30:00+00:00,4492.0,4492.3,4492.0,4492.2,23.69,106419.3172
2025-12-25 20:00:00+00:00,4492.2,4493.2,4492.1,4493.1,34.767,156190.0283
2025-12-25 20:30:00+00:00,4493.1,4496.8,4493.1,4495.5,221.958,997779.8764
2025-12-25 21:00:00+00:00,4495.5,4496.9,4495.1,4496.2,115.974,521414.2689
2025-12-25 21:30:00+00:00,4496.2,4496.2,4494.0,4494.1,38.274,172045.7604
2025-12-25 22:00:00+00:00,4494.1,4494.1,4491.7,4491.8,69.7,313151.0755
2025-12-25 22:30:00+00:00,4491.8,4491.8,4487.3,4489.6,161.832,726476.317
2025-12-25 23:00:00+00:00,4489.6,4502.8,4489.2,4501.2,1328.696,5971416.6519
2025-12-25 23:30:00+00:00,4501.2,4503.2,4495.1,4498.8,159.916,719599.2525
2025-12-26 00:00:00+00:00,4498.8,4511.1,4496.9,4511.1,345.168,1555836.2469
2025-12-26 00:30:00+00:00,4511.1,4519.4,4508.9,4519.4,296.583,1338917.4142
2025-12-26 01:00:00+00:00,4519.4,4534.7,4510.2,4513.5,1041.431,4709952.90954
2025-12-26 01:30:00+00:00,4513.5,4520.2,4503.2,4509.3,436.56,1970205.963
2025-12-26 02:00:00+00:00,4509.3,4515.1,4503.9,4506.2,351.139,1582809.47
2025-12-26 02:30:00+00:00,4506.2,4512.5,4496.6,4512.4,299.525,1348763.778
2025-12-26 03:00:00+00:00,4512.4,4517.8,4506.0,4508.5,215.883,974376.5398
2025-12-26 03:30:00+00:00,4508.5,4510.4,4503.3,4507.1,95.54,430546.656
2025-12-26 04:00:00+00:00,4507.1,4514.4,4506.1,4513.3,74.762,337263.7257
2025-12-26 04:30:00+00:00,4513.3,4514.4,4509.8,4512.4,86.306,389437.0026
2025-12-26 05:00:00+00:00,4512.4,4514.9,4511.4,4512.8,78.675,355037.1833
2025-12-26 05:30:00+00:00,4512.8,4519.4,4512.7,4515.7,222.714,1005905.3115
2025-12-26 06:00:00+00:00,4515.7,4522.4,4513.8,4521.7,82.269,371720.4705
2025-12-26 06:30:00+00:00,4521.7,4522.5,4512.5,4516.6,175.338,792334.8182
2025-12-26 07:00:00+00:00,4516.6,4519.3,4512.4,4513.1,75.743,342107.0877
2025-12-26 07:30:00+00:00,4513.1,4516.7,4511.1,4514.3,147.857,667425.0848
2025-12-26 08:00:00+00:00,4514.3,4520.9,4514.0,4519.7,143.85,649827.4751
2025-12-26 08:30:00+00:00,4519.7,4524.6,4519.0,4524.2,249.163,1126532.0452
2025-12-26 09:00:00+00:00,4524.2,4525.8,4520.7,4523.1,101.025,456947.9868
2025-12-26 09:30:00+00:00,4523.1,4523.2,4516.8,4517.1,89.917,406332.7687
2025-12-26 10:00:00+00:00,4517.1,4527.0,4517.1,4525.0,141.498,640097.9636
2025-12-26 10:30:00+00:00,4525.0,4525.2,4515.7,4518.2,163.675,739818.2127
2025-12-26 11:00:00+00:00,4518.2,4518.7,4509.4,4509.9,172.463,778320.7327
2025-12-26 11:30:00+00:00,4509.9,4512.8,4507.9,4512.3,189.047,852568.4141
2025-12-26 12:00:00+00:00,4512.3,4515.9,4511.3,4515.9,71.637,323342.9988
2025-12-26 12:30:00+00:00,4515.9,4518.8,4511.4,4512.4,244.316,1103292.6934
2025-12-26 13:00:00+00:00,4512.4,4523.1,4509.3,4521.5,178.592,806836.8373
2025-12-26 13:30:00+00:00,4521.5,4533.1,4520.2,4528.3,423.28,1915711.8467
2025-12-26 14:00:00+00:00,4528.3,4533.0,4525.7,4531.5,194.793,882214.5727
2025-12-26 14:30:00+00:00,4531.5,4538.5,4518.2,4526.3,850.562,3851321.06743
2025-12-26 15:00:00+00:00,4526.3,4541.2,4524.9,4537.9,756.313,3427987.19794
2025-12-26 15:30:00+00:00,4537.9,4552.4,4536.7,4550.8,1041.18,4733700.47239
2025-12-26 16:00:00+00:00,4550.8,4556.4,4541.7,4551.5,851.503,3874090.71494
2025-12-26 16:30:00+00:00,4551.5,4551.6,4538.9,4543.1,243.581,1107169.3191
2025-12-26 17:00:00+00:00,4543.1,4544.3,4526.6,4527.6,645.887,2927682.4759
2025-12-26 17:30:00+00:00,4527.6,4532.8,4520.7,4528.0,664.891,3008873.0532
2025-12-26 18:00:00+00:00,4528.0,4532.4,4524.6,4528.1,305.086,1381668.01
2025-12-26 18:30:00+00:00,4528.1,4539.5,4525.7,4538.0,291.635,1322363.6136
2025-12-26 19:00:00+00:00,4538.0,4542.0,4533.4,4537.0,163.421,741700.5941
2025-12-26 19:30:00+00:00,4537.0,4537.3,4528.4,4530.9,164.762,746642.1256
2025-12-26 20:00:00+00:00,4530.9,4541.0,4529.6,4530.3,257.188,1166287.5139
2025-12-26 20:30:00+00:00,4530.3,4539.5,4530.2,4538.4,179.577,814421.6056
2025-12-26 21:00:00+00:00,4538.4,4539.7,4535.0,4538.0,87.548,397163.2356
2025-12-26 21:30:00+00:00,4538.0,4541.2,4537.6,4538.6,158.431,719206.1578
2025-12-26 22:00:00+00:00,4538.6,4541.8,4533.5,4540.9,156.403,709765.9202
2025-12-26 22:30:00+00:00,4540.9,4544.8,4540.9,4542.3,127.126,577617.2022
2025-12-26 23:00:00+00:00,4542.3,4543.2,4536.2,4537.0,89.683,407106.1825
2025-12-26 23:30:00+00:00,4537.0,4538.8,4537.0,4538.0,42.629,193451.4077
2025-12-27 00:00:00+00:00,4538.0,4542.3,4538.0,4541.1,73.245,332615.5315
2025-12-27 00:30:00+00:00,4541.1,4543.4,4538.0,4538.7,79.047,358966.996
2025-12-27 01:00:00+00:00,4538.7,4538.8,4530.4,4533.5,240.56,1090520.4037
2025-12-27 01:30:00+00:00,4533.5,4537.2,4533.4,4537.1,27.954,126777.0426
2025-12-27 02:00:00+00:00,4537.1,4538.9,4537.1,4538.8,33.961,154116.5518
2025-12-27 02:30:00+00:00,4538.8,4540.9,4538.8,4540.2,75.886,344531.6251
2025-12-27 03:00:00+00:00,4540.2,4541.1,4538.8,4541.0,114.765,521050.9119
2025-12-27 03:30:00+00:00,4541.0,4541.4,4537.1,4537.2,40.693,184692.8905
2025-12-27 04:00:00+00:00,4537.2,4537.3,4537.1,4537.2,36.857,167225.8289
2025-12-27 04:30:00+00:00,4537.2,4540.6,4537.2,4540.6,27.393,124324.8307
2025-12-27 05:00:00+00:00,4540.6,4540.6,4540.3,4540.4,21.323,96815.9296
2025-12-27 05:30:00+00:00,4540.4,4540.4,4538.6,4538.9,80.021,363229.645
2025-12-27 06:00:00+00:00,4538.9,4539.4,4538.5,4539.0,65.871,298987.9147
2025-12-27 06:30:00+00:00,4539.0,4541.1,4538.9,4541.1,16.695,75789.9079
2025-12-27 07:00:00+00:00,4541.1,4541.1,4540.9,4540.9,16.151,73341.4717
2025-12-27 07:30:00+00:00,4540.9,4541.5,4540.9,4541.4,51.92,235790.3088
2025-12-27 08:00:00+00:00,4541.4,4541.9,4541.4,4541.8,34.292,155746.603
2025-12-27 08:30:00+00:00,4541.8,4542.7,4541.8,4542.0,65.143,295893.2673
2025-12-27 09:00:00+00:00,4542.0,4543.3,4541.9,4542.4,70.798,321636.5748
2025-12-27 09:30:00+00:00,4542.4,4543.8,4542.4,4543.7,83.709,380293.2352
2025-12-27 10:00:00+00:00,4543.7,4545.6,4543.6,4545.5,159.595,725282.0156
2025-12-27 10:30:00+00:00,4545.5,4546.1,4544.2,4544.2,117.963,536230.7731
2025-12-27 11:00:00+00:00,4544.2,4544.2,4541.8,4543.5,66.549,302355.2987
2025-12-27 11:30:00+00:00,4543.5,4543.5,4541.0,4542.1,46.058,209224.0688
2025-12-27 12:00:00+00:00,4542.1,4542.1,4541.5,4541.6,16.204,73597.3186
2025-12-27 12:30:00+00:00,4541.6,4543.2,4540.1,4540.3,52.48,238363.5609
2025-12-27 13:00:00+00:00,4540.3,4543.6,4540.3,4542.5,30.265,137477.2304
2025-12-27 13:30:00+00:00,4542.5,4545.0,4541.9,4543.1,107.927,490303.6316
2025-12-27 14:00:00+00:00,4543.1,4543.6,4543.0,4543.5,34.395,156270.9001
2025-12-27 14:30:00+00:00,4543.5,4545.3,4543.4,4544.7,124.135,564164.2996
2025-12-27 15:00:00+00:00,4544.7,4545.6,4542.5,4542.8,86.62,393667.0259
2025-12-27 15:30:00+00:00,4542.8,4545.8,4542.8,4545.8,31.396,142679.5956
2025-12-27 16:00:00+00:00,4545.8,4546.0,4545.7,4545.9,9.361,42554.8202
2025-12-27 16:30:00+00:00,4545.9,4546.0,4544.1,4545.1,75.846,344750.4431
2025-12-27 17:00:00+00:00,4545.1,4545.6,4544.4,4545.5,23.202,105451.622
2025-12-27 17:30:00+00:00,4545.5,4547.7,4545.4,4547.6,50.728,230633.2599
2025-12-27 18:00:00+00:00,4547.6,4548.9,4547.6,4548.5,67.918,308905.8884
2025-12-27 18:30:00+00:00,4548.5,4549.6,4547.7,4547.7,120.876,549851.3671
2025-12-27 19:00:00+00:00,4547.7,4548.0,4547.6,4548.0,30.56,138978.0086
2025-12-27 19:30:00+00:00,4548.0,4550.0,4547.9,4549.4,54.29,246982.5458
2025-12-27 20:00:00+00:00,4549.4,4549.6,4549.4,4549.5,12.582,57241.8979
2025-12-27 20:30:00+00:00,4549.5,4549.6,4547.6,4547.7,38.996,177383.0213
2025-12-27 21:00:00+00:00,4547.7,4548.9,4547.7,4548.8,17.079,77686.229
2025-12-27 21:30:00+00:00,4548.8,4548.9,4543.3,4543.4,193.353,878865.376
2025-12-27 22:00:00+00:00,4543.4,4544.6,4541.8,4542.0,240.123,1090860.7566
2025-12-27 22:30:00+00:00,4542.0,4542.7,4540.1,4542.7,123.062,558855.1457
2025-12-27 23:00:00+00:00,4542.7,4543.6,4540.9,4543.2,69.348,315013.2837
2025-12-27 23:30:00+00:00,4543.2,4544.4,4541.6,4541.8,89.944,408684.5005
2025-12-28 00:00:00+00:00,4541.8,4543.4,4541.1,4542.3,20.826,94597.2121
2025-12-28 00:30:00+00:00,4542.3,4542.7,4542.2,4542.2,27.347,124224.1733
2025-12-28 01:00:00+00:00,4542.2,4542.3,4541.6,4542.2,37.047,168263.4144
2025-12-28 01:30:00+00:00,4542.2,4544.4,4542.1,4544.1,87.656,398267.4174
2025-12-28 02:00:00+00:00,4544.1,4544.1,4543.6,4543.7,18.461,83884.2603
2025-12-28 02:30:00+00:00,4543.7,4543.7,4542.3,4542.4,21.497,97650.4345
2025-12-28 03:00:00+00:00,4542.4,4542.4,4542.3,4542.3,13.334,60568.1726
2025-12-28 03:30:00+00:00,4542.3,4543.0,4542.0,4542.9,28.77,130683.3354
2025-12-28 04:00:00+00:00,4542.9,4545.6,4542.9,4545.5,32.788,149002.1818
2025-12-28 04:30:00+00:00,4545.5,4545.7,4545.3,4545.6,45.636,207436.7562
2025-12-28 05:00:00+00:00,4545.6,4545.7,4544.4,4544.4,19.326,87834.4307
2025-12-28 05:30:00+00:00,4544.4,4544.5,4544.3,4544.5,25.767,117095.7056
2025-12-28 06:00:00+00:00,4544.5,4544.5,4544.3,4544.3,17.552,79762.8591
2025-12-28 06:30:00+00:00,4544.3,4545.2,4544.3,4545.2,23.91,108657.6144
2025-12-28 07:00:00+00:00,4545.2,4547.2,4545.1,4545.8,131.205,596523.1544
2025-12-28 07:30:00+00:00,4545.8,4545.9,4544.6,4545.4,34.698,157702.6081
2025-12-28 08:00:00+00:00,4545.4,4546.5,4545.3,4546.3,40.561,184402.6333
2025-12-28 08:30:00+00:00,4546.3,4546.9,4546.2,4546.9,39.759,180762.1588
2025-12-28 09:00:00+00:00,4546.9,4548.1,4546.9,4547.8,86.689,394230.6404
2025-12-28 09:30:00+00:00,4547.8,4548.7,4547.7,4547.8,74.123,337123.1044
2025-12-28 10:00:00+00:00,4547.8,4547.9,4547.8,4547.9,38.058,173083.0622
2025-12-28 10:30:00+00:00,4547.9,4548.0,4547.8,4548.0,21.475,97666.2653
2025-12-28 11:00:00+00:00,4548.0,4548.0,4547.9,4548.0,10.348,47061.8049
2025-12-28 11:30:00+00:00,4548.0,4548.2,4547.9,4548.2,43.477,197737.7274
2025-12-28 12:00:00+00:00,4548.2,4549.7,4541.5,4542.0,358.801,1631071.5779
2025-12-28 12:30:00+00:00,4542.0,4546.0,4541.9,4544.4,148.972,676894.7372
2025-12-28 13:00:00+00:00,4544.4,4544.5,4539.7,4539.7,81.822,371645.9238
2025-12-28 13:30:00+00:00,4539.7,4539.9,4536.1,4539.3,216.586,982728.7915
2025-12-28 14:00:00+00:00,4539.3,4540.4,4535.2,4538.2,150.113,681238.0131
2025-12-28 14:30:00+00:00,4538.2,4540.7,4538.0,4538.6,114.885,521506.4733
2025-12-28 15:00:00+00:00,4538.6,4538.6,4532.0,4533.8,104.085,472001.4863
2025-12-28 15:30:00+00:00,4533.8,4539.6,4533.8,4538.3,88.323,400821.1822
2025-12-28 16:00:00+00:00,4538.3,4542.5,4538.2,4542.5,80.83,367009.0546
2025-12-28 16:30:00+00:00,4542.5,4542.6,4539.8,4541.7,32.643,148241.387
2025-12-28 17:00:00+00:00,4541.7,4542.4,4541.5,4542.3,27.825,126378.9426
2025-12-28 17:30:00+00:00,4542.3,4542.6,4539.9,4539.9,29.114,132224.4992
2025-12-28 18:00:00+00:00,4539.9,4540.0,4537.9,4539.7,92.169,418319.3071
2025-12-28 18:30:00+00:00,4539.7,4541.9,4539.6,4541.8,37.635,170912.0749
2025-12-28 19:00:00+00:00,4541.8,4542.7,4541.8,4542.1,35.275,160228.7399
2025-12-28 19:30:00+00:00,4542.1,4542.1,4541.8,4541.8,11.984,54429.9794
2025-12-28 20:00:00+00:00,4541.8,4541.9,4540.1,4540.7,46.573,211498.8224
2025-12-28 20:30:00+00:00,4540.7,4542.4,4540.6,4542.3,15.081,68489.0493
2025-12-28 21:00:00+00:00,4542.3,4543.7,4542.3,4543.1,53.185,241618.4266
2025-12-28 21:30:00+00:00,4543.1,4543.2,4539.3,4539.5,35.661,161946.2146
2025-12-28 22:00:00+00:00,4539.5,4539.5,4537.3,4537.8,63.62,288760.4821
2025-12-28 22:30:00+00:00,4537.8,4543.0,4536.4,4541.2,124.79,566539.0566
2025-12-28 23:00:00+00:00,4541.2,4551.9,4535.8,4542.9,1068.223,4855226.8778
2025-12-28 23:30:00+00:00,4542.9,4544.8,4532.6,4532.7,251.369,1140787.9256
2025-12-29 00:00:00+00:00,4532.7,4532.9,4488.1,4491.9,1711.553,7719791.8587
2025-12-29 00:30:00+00:00,4491.9,4510.9,4482.8,4503.9,1404.813,6323015.2249
2025-12-29 01:00:00+00:00,4503.9,4519.3,4498.5,4504.1,513.155,2314279.2069
2025-12-29 01:30:00+00:00,4504.1,4511.1,4498.4,4501.7,313.189,1410917.2093
2025-12-29 02:00:00+00:00,4501.7,4515.9,4501.3,4515.9,278.799,1256922.9982
2025-12-29 02:30:00+00:00,4515.9,4519.3,4512.2,4516.5,132.202,597029.4023
2025-12-29 03:00:00+00:00,4516.5,4520.3,4513.2,4515.5,102.648,463763.9712
2025-12-29 03:30:00+00:00,4515.5,4520.9,4515.5,4518.3,177.418,801556.8476
2025-12-29 04:00:00+00:00,4518.3,4518.7,4512.3,4515.8,168.004,758612.444
2025-12-29 04:30:00+00:00,4515.8,4520.1,4515.5,4518.3,73.99,334289.0425
2025-12-29 05:00:00+00:00,4518.3,4518.3,4512.8,4515.7,112.65,508607.5293
2025-12-29 05:30:00+00:00,4515.7,4519.9,4508.9,4509.6,160.601,725204.8809
2025-12-29 06:00:00+00:00,4509.6,4512.5,4494.2,4495.0,365.149,1644705.9698
2025-12-29 06:30:00+00:00,4495.0,4500.9,4469.1,4475.2,2179.972,9768412.2246
2025-12-29 07:00:00+00:00,4475.2,4484.1,4451.1,4475.0,2001.602,8937319.9455
2025-12-29 07:30:00+00:00,4475.0,4481.8,4473.7,4478.1,305.189,1366747.0073
2025-12-29 08:00:00+00:00,4478.1,4490.3,4471.0,4483.5,463.526,2077756.1563
2025-12-29 08:30:00+00:00,4483.5,4483.6,4455.8,4463.2,689.899,3082196.7605
2025-12-29 09:00:00+00:00,4463.2,4471.8,4462.2,4468.9,660.028,2948422.737
2025-12-29 09:30:00+00:00,4468.9,4476.8,4463.3,4474.9,482.128,2155543.9679
2025-12-29 10:00:00+00:00,4474.9,4476.7,4466.5,4466.5,124.407,556566.8672
2025-12-29 10:30:00+00:00,4466.5,4466.8,4461.5,4464.9,163.005,727694.4452
2025-12-29 11:00:00+00:00,4464.9,4469.0,4458.5,4468.6,178.793,797949.3396
2025-12-29 11:30:00+00:00,4468.6,4469.1,4438.3,4448.2,749.588,3333702.4473
2025-12-29 12:00:00+00:00,4448.2,4459.1,4447.4,4459.0,225.853,1006042.6098
2025-12-29 12:30:00+00:00,4459.0,4467.6,4458.1,4467.0,182.866,816247.6227
2025-12-29 13:00:00+00:00,4467.0,4470.7,4451.5,4455.8,607.471,2710416.2488
2025-12-29 13:30:00+00:00,4455.8,4458.6,4413.6,4425.9,1901.008,8415398.0052
2025-12-29 14:00:00+00:00,4425.9,4425.9,4392.8,4398.0,2138.36,9414346.3948
2025-12-29 14:30:00+00:00,4398.0,4398.0,4366.7,4370.1,3149.939,13801093.8462
2025-12-29 15:00:00+00:00,4370.1,4370.1,4315.5,4326.5,4914.245,21337199.6964
2025-12-29 15:30:00+00:00,4326.5,4345.6,4324.8,4332.5,1393.241,6040491.9439
2025-12-29 16:00:00+00:00,4332.5,4349.8,4331.0,4342.4,955.4,4148108.208
2025-12-29 16:30:00+00:00,4342.4,4354.0,4337.1,4350.5,607.603,2640654.9211
2025-12-29 17:00:00+00:00,4350.5,4351.6,4333.3,4339.0,310.142,1346428.2947
2025-12-29 17:30:00+00:00,4339.0,4339.0,4325.8,4336.1,411.442,1782803.0416
2025-12-29 18:00:00+00:00,4336.1,4340.6,4331.8,4335.7,290.661,1260652.5625
2025-12-29 18:30:00+00:00,4335.7,4341.6,4335.1,4338.9,229.157,994297.2566
2025-12-29 19:00:00+00:00,4338.9,4342.9,4335.4,4337.5,127.414,552859.9523
2025-12-29 19:30:00+00:00,4337.5,4344.7,4337.4,4344.7,189.493,822522.5817
2025-12-29 20:00:00+00:00,4344.7,4351.4,4344.6,4348.9,260.705,1133629.9721
2025-12-29 20:30:00+00:00,4348.9,4349.8,4337.5,4343.0,149.408,648664.4247
2025-12-29 21:00:00+00:00,4343.0,4345.7,4337.3,4338.6,181.308,787289.2213
2025-12-29 21:30:00+00:00,4338.6,4340.1,4334.9,4338.1,102.19,443294.0433
2025-12-29 22:00:00+00:00,4338.1,4340.7,4336.6,4338.5,91.674,397786.1065
2025-12-29 22:30:00+00:00,4338.5,4338.5,4332.2,4333.6,105.911,459029.7778
2025-12-29 23:00:00+00:00,4333.6,4353.2,4332.3,4339.3,1043.798,4533591.8158
2025-12-29 23:30:00+00:00,4339.3,4353.6,4338.4,4353.6,303.178,1318073.0084
2025-12-30 00:00:00+00:00,4353.6,4357.8,4346.1,4356.8,352.494,1534351.3573
2025-12-30 00:30:00+00:00,4356.8,4356.9,4343.0,4346.5,290.236,1262151.8005
2025-12-30 01:00:00+00:00,4346.5,4349.9,4333.7,4344.9,377.537,1639208.4593
2025-12-30 01:30:00+00:00,4344.9,4366.0,4340.5,4365.0,407.157,1774418.0588
2025-12-30 02:00:00+00:00,4365.0,4366.0,4358.6,4362.8,332.611,1450987.0171
2025-12-30 02:30:00+00:00,4362.8,4371.7,4357.4,4369.4,262.846,1147240.6869
2025-12-30 03:00:00+00:00,4369.4,4375.4,4364.7,4374.4,287.87,1258063.0174
2025-12-30 03:30:00+00:00,4374.4,4375.3,4364.3,4366.6,253.268,1106956.6993
2025-12-30 04:00:00+00:00,4366.6,4372.2,4364.7,4370.3,112.812,492788.2575
2025-12-30 04:30:00+00:00,4370.3,4375.9,4369.2,4369.2,103.338,451790.2038
2025-12-30 05:00:00+00:00,4369.2,4383.8,4366.0,4378.7,466.358,2040665.0944
2025-12-30 05:30:00+00:00,4378.7,4387.9,4378.7,4386.3,358.046,1570034.6417
2025-12-30 06:00:00+00:00,4386.3,4386.3,4372.4,4373.8,231.771,1014911.1543
2025-12-30 06:30:00+00:00,4373.8,4377.5,4368.7,4371.7,191.784,838452.0032
2025-12-30 07:00:00+00:00,4371.7,4379.9,4367.2,4375.7,156.753,685730.382
2025-12-30 07:30:00+00:00,4375.7,4389.6,4375.7,4380.0,268.436,1176659.0861
2025-12-30 08:00:00+00:00,4380.0,4381.0,4360.3,4360.9,514.715,2250784.2087
2025-12-30 08:30:00+00:00,4360.9,4373.3,4358.6,4372.3,288.922,1261024.0681
2025-12-30 09:00:00+00:00,4372.3,4383.2,4371.9,4376.0,318.048,1392343.7825
2025-12-30 09:30:00+00:00,4376.0,4380.5,4374.4,4379.4,128.065,560542.0178
2025-12-30 10:00:00+00:00,4379.4,4388.3,4374.5,4387.7,347.672,1523629.1489
2025-12-30 10:30:00+00:00,4387.7,4397.0,4385.0,4390.5,451.232,1982124.5978
2025-12-30 11:00:00+00:00,4390.5,4396.2,4390.5,4395.3,145.022,637094.3188
2025-12-30 11:30:00+00:00,4395.3,4395.6,4386.8,4390.0,466.897,2049711.0631
2025-12-30 12:00:00+00:00,4390.0,4406.8,4388.8,4401.3,798.188,3511736.1544
2025-12-30 12:30:00+00:00,4401.3,4409.9,4400.5,4409.2,295.087,1300089.6009
2025-12-30 13:00:00+00:00,4409.2,4411.1,4399.0,4400.7,455.835,2008172.2019
2025-12-30 13:30:00+00:00,4400.7,4400.8,4382.7,4395.5,741.228,3254732.7808
2025-12-30 14:00:00+00:00,4395.5,4397.8,4388.9,4397.7,254.183,1116733.0302
2025-12-30 14:30:00+00:00,4397.7,4398.4,4366.1,4374.5,995.68,4358229.9757
2025-12-30 15:00:00+00:00,4374.5,4384.7,4370.3,4373.9,533.273,2334391.2745
2025-12-30 15:30:00+00:00,4373.9,4381.6,4367.4,4372.6,298.637,1306081.586
2025-12-30 16:00:00+00:00,4372.6,4379.1,4363.1,4376.7,567.477,2478692.2742
2025-12-30 16:30:00+00:00,4376.7,4386.5,4370.6,4384.8,343.675,1504244.6872
2025-12-30 17:00:00+00:00,4384.8,4388.6,4377.0,4382.1,283.471,1242467.3694
2025-12-30 17:30:00+00:00,4382.1,4383.4,4372.8,4377.5,180.683,790818.8219
2025-12-30 18:00:00+00:00,4377.5,4385.0,4374.6,4378.2,142.344,623343.0281
2025-12-30 18:30:00+00:00,4378.2,4378.2,4370.5,4372.8,123.438,539810.3219
2025-12-30 19:00:00+00:00,4372.8,4374.3,4370.9,4372.4,143.884,629139.6421
2025-12-30 19:30:00+00:00,4372.4,4372.5,4344.5,4354.5,758.675,3303980.9434
2025-12-30 20:00:00+00:00,4354.5,4358.2,4344.8,4356.8,214.852,935077.8643
2025-12-30 20:30:00+00:00,4356.8,4361.5,4346.0,4348.3,283.984,1236183.5656
2025-12-30 21:00:00+00:00,4348.3,4356.1,4348.0,4352.5,202.301,880735.979
2025-12-30 21:30:00+00:00,4352.5,4356.0,4343.2,4347.5,220.344,958473.2001
2025-12-30 22:00:00+00:00,4347.5,4352.1,4345.3,4350.8,110.06,478606.734
2025-12-30 22:30:00+00:00,4350.8,4351.9,4345.6,4349.4,130.206,566242.3425
2025-12-30 23:00:00+00:00,4349.4,4353.4,4341.6,4342.1,224.078,974451.6398
2025-12-30 23:30:00+00:00,4342.1,4350.0,4338.4,4347.3,156.894,681564.3767
2025-12-31 00:00:00+00:00,4347.3,4351.3,4342.9,4345.1,156.346,679868.3265
2025-12-31 00:30:00+00:00,4345.1,4353.6,4341.6,4349.1,176.992,769620.7485
2025-12-31 01:00:00+00:00,4349.1,4368.3,4345.0,4362.8,363.494,1584187.6879
2025-12-31 01:30:00+00:00,4362.8,4379.4,4362.8,4372.9,260.162,1137939.9082
2025-12-31 02:00:00+00:00,4372.9,4377.4,4364.3,4367.7,256.138,1119207.4915
2025-12-31 02:30:00+00:00,4367.7,4376.8,4355.6,4356.7,330.429,1442574.5089
2025-12-31 03:00:00+00:00,4356.7,4365.9,4349.4,4355.3,394.048,1716699.8922
2025-12-31 03:30:00+00:00,4355.3,4360.3,4353.1,4355.9,120.355,524369.7051
2025-12-31 04:00:00+00:00,4355.9,4360.0,4351.4,4356.0,428.238,1865271.7422
2025-12-31 04:30:00+00:00,4356.0,4357.5,4341.9,4343.7,253.758,1104070.5569
2025-12-31 05:00:00+00:00,4343.7,4350.7,4340.5,4350.6,231.53,1005607.3003
2025-12-31 05:30:00+00:00,4350.6,4350.6,4288.1,4295.8,2488.827,10737729.0622
2025-12-31 06:00:00+00:00,4295.8,4318.4,4286.2,4317.4,841.353,3620134.5289
2025-12-31 06:30:00+00:00,4317.4,4333.6,4315.0,4333.4,665.463,2878136.5644
2025-12-31 07:00:00+00:00,4333.4,4340.4,4329.0,4338.3,450.004,1950690.3214
2025-12-31 07:30:00+00:00,4338.3,4339.9,4332.2,4336.7,269.446,1168313.5706
2025-12-31 08:00:00+00:00,4336.7,4338.0,4326.1,4332.3,295.407,1279274.0243
2025-12-31 08:30:00+00:00,4332.3,4332.3,4312.1,4315.3,431.897,1866794.55
2025-12-31 09:00:00+00:00,4315.3,4332.8,4314.8,4330.1,325.907,1408856.0656
2025-12-31 09:30:00+00:00,4330.1,4342.8,4329.6,4332.3,405.889,1760148.9764
2025-12-31 10:00:00+00:00,4332.3,4337.3,4326.5,4326.5,181.828,787954.3966
2025-12-31 10:30:00+00:00,4326.5,4326.5,4312.3,4315.1,577.354,2492793.9767
2025-12-31 11:00:00+00:00,4315.1,4323.1,4312.5,4319.3,318.287,1374709.9601
2025-12-31 11:30:00+00:00,4319.3,4323.2,4315.4,4317.8,209.749,906029.1176
2025-12-31 12:00:00+00:00,4317.8,4318.8,4309.6,4313.6,313.056,1350410.738
2025-12-31 12:30:00+00:00,4313.6,4324.9,4313.6,4320.8,363.701,1571633.1605
2025-12-31 13:00:00+00:00,4320.8,4336.4,4315.6,4336.3,324.388,1403726.5909
2025-12-31 13:30:00+00:00,4336.3,4352.8,4333.1,4351.8,975.238,4237168.3343
2025-12-31 14:00:00+00:00,4351.8,4353.0,4338.3,4342.5,769.515,3344155.2566
2025-12-31 14:30:00+00:00,4342.5,4358.9,4339.4,4352.0,1066.109,4636802.6459
2025-12-31 15:00:00+00:00,4352.0,4352.0,4334.2,4344.7,867.331,3765736.0313
2025-12-31 15:30:00+00:00,4344.7,4348.2,4336.3,4344.5,339.438,1473654.5515
2025-12-31 16:00:00+00:00,4344.5,4346.6,4330.6,4332.5,367.517,1593351.2587
2025-12-31 16:30:00+00:00,4332.5,4336.2,4325.5,4330.8,356.146,1542104.1704
2025-12-31 17:00:00+00:00,4330.8,4336.0,4326.9,4327.9,578.585,2506509.2589
2025-12-31 17:30:00+00:00,4327.9,4335.3,4327.0,4329.5,196.565,851192.2469
2025-12-31 18:00:00+00:00,4329.5,4337.8,4329.5,4335.0,139.158,603034.7996
2025-12-31 18:30:00+00:00,4335.0,4335.6,4324.6,4326.6,143.4,620552.3327
2025-12-31 19:00:00+00:00,4326.6,4329.2,4322.8,4323.6,121.97,527534.7744
2025-12-31 19:30:00+00:00,4323.6,4323.7,4316.2,4318.7,117.972,509488.5136
2025-12-31 20:00:00+00:00,4318.7,4326.1,4313.2,4322.1,185.969,803344.9912
2025-12-31 20:30:00+00:00,4322.1,4330.7,4316.2,4320.7,359.365,1554070.2817
2025-12-31 21:00:00+00:00,4320.7,4321.6,4316.1,4317.4,96.759,417915.3054
2025-12-31 21:30:00+00:00,4317.4,4327.0,4317.4,4327.0,107.334,464111.049
2025-12-31 22:00:00+00:00,4327.0,4330.2,4327.0,4330.2,46.254,200236.955
2025-12-31 22:30:00+00:00,4330.2,4330.5,4328.5,4329.5,70.408,304858.0298
2025-12-31 23:00:00+00:00,4329.5,4329.6,4327.0,4327.6,29.292,126786.4176
2025-12-31 23:30:00+00:00,4327.6,4329.0,4327.5,4328.9,21.655,93722.8248
2026-01-01 00:00:00+00:00,4328.9,4332.9,4328.9,4332.9,44.423,192417.3212
2026-01-01 00:30:00+00:00,4332.9,4333.4,4332.8,4333.4,28.626,124040.3118
2026-01-01 01:00:00+00:00,4333.4,4333.7,4333.3,4333.5,18.969,82200.3383
2026-01-01 01:30:00+00:00,4333.5,4335.0,4333.0,4333.0,113.345,491296.0422
2026-01-01 02:00:00+00:00,4333.0,4333.7,4332.8,4333.7,20.909,90600.7574
2026-01-01 02:30:00+00:00,4333.7,4333.7,4331.2,4331.2,14.546,63009.8688
2026-01-01 03:00:00+00:00,4331.2,4332.2,4330.0,4332.2,77.998,337799.6354
2026-01-01 03:30:00+00:00,4332.2,4333.8,4329.0,4333.8,74.373,322128.5852
2026-01-01 04:00:00+00:00,4333.8,4337.5,4332.3,4337.1,580.548,2516727.3131
2026-01-01 04:30:00+00:00,4337.1,4337.6,4337.0,4337.6,59.589,258451.989
2026-01-01 05:00:00+00:00,4337.6,4339.2,4337.0,4337.0,151.224,656044.7216
2026-01-01 05:30:00+00:00,4337.0,4341.3,4337.0,4341.0,314.527,1364786.7322
2026-01-01 06:00:00+00:00,4341.0,4342.6,4340.9,4341.5,145.382,631208.7534
2026-01-01 06:30:00+00:00,4341.5,4346.2,4336.6,4338.2,518.896,2253355.5101
2026-01-01 07:00:00+00:00,4338.2,4338.3,4331.0,4331.1,275.214,1192508.2358
2026-01-01 07:30:00+00:00,4331.1,4332.9,4329.4,4332.1,262.201,1135656.9434
2026-01-01 08:00:00+00:00,4332.1,4335.0,4331.1,4332.0,59.357,257202.5762
2026-01-01 08:30:00+00:00,4332.0,4332.4,4332.0,4332.3,84.247,364963.1514
2026-01-01 09:00:00+00:00,4332.3,4337.8,4332.3,4337.8,97.303,421892.638
2026-01-01 09:30:00+00:00,4337.8,4338.0,4337.8,4337.9,55.584,241118.1278
2026-01-01 10:00:00+00:00,4337.9,4339.0,4337.0,4337.8,102.565,444940.1234
2026-01-01 10:30:00+00:00,4337.8,4338.1,4337.8,4338.0,21.417,92906.1112
2026-01-01 11:00:00+00:00,4338.0,4339.2,4337.8,4337.8,47.723,207060.355
2026-01-01 11:30:00+00:00,4337.8,4338.1,4334.7,4334.8,120.104,520859.9743
2026-01-01 12:00:00+00:00,4334.8,4335.8,4332.6,4332.6,103.823,450021.9755
2026-01-01 12:30:00+00:00,4332.6,4332.7,4330.2,4332.0,29.862,129339.481
2026-01-01 13:00:00+00:00,4332.0,4333.7,4331.9,4333.7,42.534,184289.9917
2026-01-01 13:30:00+00:00,4333.7,4333.7,4329.6,4329.7,96.6,418386.7715
2026-01-01 14:00:00+00:00,4329.7,4334.2,4329.7,4334.1,47.748,206883.1266
2026-01-01 14:30:00+00:00,4334.1,4334.1,4331.8,4332.7,120.738,523113.6625
2026-01-01 15:00:00+00:00,4332.7,4333.6,4332.3,4332.6,60.646,262787.9243
2026-01-01 15:30:00+00:00,4332.6,4332.9,4332.1,4332.8,31.904,138224.2279
2026-01-01 16:00:00+00:00,4332.8,4333.8,4331.5,4332.2,36.788,159397.8737
2026-01-01 16:30:00+00:00,4332.2,4332.6,4331.6,4332.0,91.935,398286.3593
2026-01-01 17:00:00+00:00,4332.0,4334.5,4331.9,4334.4,65.654,284513.5917
2026-01-01 17:30:00+00:00,4334.4,4336.2,4332.8,4332.8,75.967,329332.0855
2026-01-01 18:00:00+00:00,4332.8,4332.9,4332.8,4332.8,11.976,51890.2113
2026-01-01 18:30:00+00:00,4332.8,4334.5,4332.8,4334.5,28.11,121831.3581
2026-01-01 19:00:00+00:00,4334.5,4335.7,4334.4,4335.0,9.682,41973.516
2026-01-01 19:30:00+00:00,4335.0,4335.0,4334.3,4334.3,23.5,101861.5261
2026-01-01 20:00:00+00:00,4334.3,4334.4,4332.7,4332.8,15.163,65709.7626
2026-01-01 20:30:00+00:00,4332.8,4333.3,4332.6,4332.7,23.702,102701.8942
2026-01-01 21:00:00+00:00,4332.7,4332.7,4331.9,4331.9,5.072,21974.9169
2026-01-01 21:30:00+00:00,4331.9,4332.0,4331.6,4331.6,31.356,135830.6508
2026-01-01 22:00:00+00:00,4331.6,4331.7,4331.5,4331.5,42.162,182627.6257
2026-01-01 22:30:00+00:00,4331.5,4332.5,4329.6,4332.5,77.542,335849.3845
2026-01-01 23:00:00+00:00,4332.5,4349.3,4330.9,4346.8,807.751,3504427.8269
2026-01-01 23:30:00+00:00,4346.8,4356.1,4345.8,4355.3,416.437,1811785.9742
2026-01-02 00:00:00+00:00,4355.3,4357.9,4347.4,4352.5,309.448,1347250.8873
2026-01-02 00:30:00+00:00,4352.5,4360.6,4352.5,4359.3,163.93,714246.8787
2026-01-02 01:00:00+00:00,4359.3,4360.5,4350.9,4355.2,115.399,502533.8662
2026-01-02 01:30:00+00:00,4355.2,4358.9,4352.3,4354.6,84.441,367774.0343
2026-01-02 02:00:00+00:00,4354.6,4357.5,4350.5,4352.4,114.452,498147.5332
2026-01-02 02:30:00+00:00,4352.4,4366.8,4351.1,4366.7,367.279,1601071.0701
2026-01-02 03:00:00+00:00,4366.7,4374.4,4366.7,4373.1,229.425,1002810.8948
2026-01-02 03:30:00+00:00,4373.1,4379.1,4372.8,4377.6,251.133,1099139.7511
2026-01-02 04:00:00+00:00,4377.6,4380.9,4375.6,4376.4,164.046,718338.2512
2026-01-02 04:30:00+00:00,4376.4,4378.0,4375.0,4375.1,129.285,565815.4453
2026-01-02 05:00:00+00:00,4375.1,4383.1,4374.4,4381.0,258.192,1131032.8571
2026-01-02 05:30:00+00:00,4381.0,4383.5,4381.0,4383.5,88.352,387120.4935
2026-01-02 06:00:00+00:00,4383.5,4384.4,4379.0,4384.4,353.683,1549505.7811
2026-01-02 06:30:00+00:00,4384.4,4384.5,4378.2,4379.3,237.812,1042103.5364
2026-01-02 07:00:00+00:00,4379.3,4380.2,4375.7,4377.1,114.434,500953.0929
2026-01-02 07:30:00+00:00,4377.1,4387.3,4375.9,4387.2,209.705,919099.1621
2026-01-02 08:00:00+00:00,4387.2,4393.4,4386.3,4393.2,420.24,1845024.5179
2026-01-02 08:30:00+00:00,4393.2,4402.2,4391.8,4394.9,478.917,2105743.3451
2026-01-02 09:00:00+00:00,4394.9,4398.9,4392.2,4395.1,318.11,1398230.1536
2026-01-02 09:30:00+00:00,4395.1,4396.2,4392.9,4392.9,137.267,603297.115
2026-01-02 10:00:00+00:00,4392.9,4396.4,4392.4,4393.6,125.403,551087.2711
2026-01-02 10:30:00+00:00,4393.6,4405.8,4392.8,4404.4,371.872,1636743.1044
2026-01-02 11:00:00+00:00,4404.4,4407.0,4402.4,4403.2,233.744,1029471.6512
2026-01-02 11:30:00+00:00,4403.2,4403.3,4397.9,4399.7,218.429,961106.3183
2026-01-02 12:00:00+00:00,4399.7,4406.3,4399.3,4400.6,199.902,880168.5411
2026-01-02 12:30:00+00:00,4400.6,4401.7,4393.3,4401.2,252.168,1108529.8124
2026-01-02 13:00:00+00:00,4401.2,4408.0,4381.8,4382.5,478.674,2103115.1972
2026-01-02 13:30:00+00:00,4382.5,4384.0,4369.7,4372.2,973.028,4258628.0725
2026-01-02 14:00:00+00:00,4372.2,4378.8,4371.9,4374.3,329.22,1440441.6247
2026-01-02 14:30:00+00:00,4374.3,4375.5,4356.6,4362.6,974.778,4254423.4867
2026-01-02 15:00:00+00:00,4362.6,4364.0,4340.2,4344.9,838.902,3649396.3024
2026-01-02 15:30:00+00:00,4344.9,4354.8,4340.6,4344.3,437.256,1901526.3006
2026-01-02 16:00:00+00:00,4344.3,4345.2,4326.3,4332.7,647.133,2804588.8988
2026-01-02 16:30:00+00:00,4332.7,4338.0,4327.0,4336.6,392.3,1700096.2199
2026-01-02 17:00:00+00:00,4336.6,4342.1,4332.0,4336.2,276.426,1199211.3949
2026-01-02 17:30:00+00:00,4336.2,4338.3,4330.3,4330.3,176.779,766032.2309
2026-01-02 18:00:00+00:00,4330.3,4330.6,4320.0,4325.3,351.773,1521240.9299
2026-01-02 18:30:00+00:00,4325.3,4325.4,4318.2,4321.4,264.956,1144947.9784
2026-01-02 19:00:00+00:00,4321.4,4328.8,4321.4,4324.9,185.02,800324.6075
2026-01-02 19:30:00+00:00,4324.9,4331.5,4324.6,4325.1,205.93,891167.4296
2026-01-02 20:00:00+00:00,4325.1,4333.7,4324.7,4333.7,93.75,405751.8766
2026-01-02 20:30:00+00:00,4333.7,4336.6,4331.3,4336.6,99.956,433197.9301
2026-01-02 21:00:00+00:00,4336.6,4336.9,4333.2,4334.4,69.103,299584.285
2026-01-02 21:30:00+00:00,4334.4,4338.1,4332.0,4338.0,103.685,449451.1202
2026-01-02 22:00:00+00:00,4338.0,4338.1,4334.8,4335.8,70.214,304480.806
2026-01-02 22:30:00+00:00,4335.8,4335.9,4332.8,4334.1,32.432,140574.7592
2026-01-02 23:00:00+00:00,4334.1,4339.8,4334.1,4339.4,55.986,242883.7582
2026-01-02 23:30:00+00:00,4339.4,4339.5,4336.8,4337.4,39.799,172669.9257
2026-01-03 00:00:00+00:00,4337.4,4339.5,4336.9,4338.5,66.268,287483.4194
2026-01-03 00:30:00+00:00,4338.5,4338.5,4336.2,4338.2,33.023,143223.5251
2026-01-03 01:00:00+00:00,4338.2,4338.3,4335.3,4337.4,39.336,170588.6935
2026-01-03 01:30:00+00:00,4337.4,4339.8,4336.7,4339.5,91.69,397829.4349
2026-01-03 02:00:00+00:00,4339.5,4339.7,4339.5,4339.7,47.875,207759.4154
2026-01-03 02:30:00+00:00,4339.7,4341.6,4339.6,4341.6,30.334,131668.5876
2026-01-03 03:00:00+00:00,4341.6,4342.1,4341.5,4342.1,28.183,122366.0434
2026-01-03 03:30:00+00:00,4342.1,4342.7,4340.2,4341.1,168.606,732008.8077
2026-01-03 04:00:00+00:00,4341.1,4341.2,4340.1,4340.2,12.856,55804.1172
2026-01-03 04:30:00+00:00,4340.2,4340.9,4340.1,4340.9,24.108,104638.77
2026-01-03 05:00:00+00:00,4340.9,4340.9,4337.1,4337.1,63.61,276001.8877
2026-01-03 05:30:00+00:00,4337.1,4343.4,4337.0,4338.1,113.921,494413.1072
2026-01-03 06:00:00+00:00,4338.1,4338.2,4337.2,4337.3,17.596,76328.6668
2026-01-03 06:30:00+00:00,4337.3,4340.3,4337.2,4339.7,73.062,316994.238
2026-01-03 07:00:00+00:00,4339.7,4343.6,4339.6,4342.0,256.148,1112213.1153
2026-01-03 07:30:00+00:00,4342.0,4347.8,4341.9,4346.8,227.981,990652.5752
2026-01-03 08:00:00+00:00,4346.8,4357.5,4346.8,4352.2,520.979,2267887.0047
2026-01-03 08:30:00+00:00,4352.2,4355.2,4347.2,4353.8,220.674,960515.6913
2026-01-03 09:00:00+00:00,4353.8,4366.3,4353.5,4357.5,526.433,2295274.3439
2026-01-03 09:30:00+00:00,4357.5,4358.5,4350.0,4354.8,463.063,2016360.2237
2026-01-03 10:00:00+00:00,4354.8,4365.6,4354.7,4362.8,402.686,1756241.06
2026-01-03 10:30:00+00:00,4362.8,4363.4,4352.0,4352.4,473.728,2063720.0278
2026-01-03 11:00:00+00:00,4352.4,4354.1,4351.7,4351.8,211.423,920321.6936
2026-01-03 11:30:00+00:00,4351.8,4354.1,4351.3,4354.1,165.216,719093.817
2026-01-03 12:00:00+00:00,4354.1,4359.0,4354.1,4358.8,126.299,550352.112
2026-01-03 12:30:00+00:00,4358.8,4360.9,4358.1,4360.0,122.981,536126.5903
2026-01-03 13:00:00+00:00,4360.0,4361.9,4358.2,4358.8,66.506,289966.4648
2026-01-03 13:30:00+00:00,4358.8,4358.9,4343.4,4348.3,326.741,1420848.4678
2026-01-03 14:00:00+00:00,4348.3,4349.0,4343.1,4347.2,250.175,1087061.5759
2026-01-03 14:30:00+00:00,4347.2,4350.6,4345.0,4350.6,125.12,543938.5922
2026-01-03 15:00:00+00:00,4350.6,4351.3,4342.2,4344.4,260.883,1133913.0876
2026-01-03 15:30:00+00:00,4344.4,4347.6,4342.5,4343.4,141.603,615208.2958
2026-01-03 16:00:00+00:00,4343.4,4347.4,4342.1,4344.2,87.841,381640.3463
2026-01-03 16:30:00+00:00,4344.2,4347.3,4343.7,4344.5,93.541,406475.3143
2026-01-03 17:00:00+00:00,4344.5,4348.2,4344.5,4346.4,113.812,494677.2398
2026-01-03 17:30:00+00:00,4346.4,4346.9,4343.0,4343.0,96.446,419024.114
2026-01-03 18:00:00+00:00,4343.0,4343.6,4342.6,4342.7,41.261,179194.272
2026-01-03 18:30:00+00:00,4342.7,4345.1,4342.5,4342.8,69.062,299948.3929
2026-01-03 19:00:00+00:00,4342.8,4344.1,4341.7,4342.8,55.261,239963.8688
2026-01-03 19:30:00+00:00,4342.8,4343.5,4342.6,4343.2,30.237,131318.9547
2026-01-03 20:00:00+00:00,4343.2,4344.4,4342.2,4343.5,62.749,272553.4248
2026-01-03 20:30:00+00:00,4343.5,4343.8,4341.8,4341.9,93.353,405458.4043
2026-01-03 21:00:00+00:00,4341.9,4342.7,4340.0,4340.0,129.357,561495.7213
2026-01-03 21:30:00+00:00,4340.0,4342.0,4339.8,4341.9,38.4,166688.7493
2026-01-03 22:00:00+00:00,4341.9,4343.6,4339.3,4339.3,37.19,161444.8706
2026-01-03 22:30:00+00:00,4339.3,4342.4,4339.3,4342.4,48.875,212146.9789
2026-01-03 23:00:00+00:00,4342.4,4342.4,4342.3,4342.4,15.136,65725.6906
2026-01-03 23:30:00+00:00,4342.4,4342.4,4337.2,4338.8,99.459,431609.7219
2026-01-04 00:00:00+00:00,4338.8,4339.2,4337.0,4337.0,64.723,280770.393
2026-01-04 00:30:00+00:00,4337.0,4337.3,4337.0,4337.2,22.713,98509.6371
2026-01-04 01:00:00+00:00,4337.2,4340.5,4337.2,4340.5,45.793,198642.7036
2026-01-04 01:30:00+00:00,4340.5,4342.5,4340.5,4342.4,43.856,190405.6084
2026-01-04 02:00:00+00:00,4342.4,4342.6,4339.4,4339.4,42.566,184810.9721
2026-01-04 02:30:00+00:00,4339.4,4339.4,4337.6,4337.7,50.262,218058.7149
2026-01-04 03:00:00+00:00,4337.7,4338.3,4333.7,4338.3,90.733,393314.1787
2026-01-04 03:30:00+00:00,4338.3,4338.3,4334.5,4336.4,86.124,373512.8357
2026-01-04 04:00:00+00:00,4336.4,4337.3,4335.9,4336.6,23.502,101927.0169
2026-01-04 04:30:00+00:00,4336.6,4336.7,4335.8,4335.9,42.868,185874.8811
2026-01-04 05:00:00+00:00,4335.9,4336.5,4333.0,4335.7,48.78,211471.0599
2026-01-04 05:30:00+00:00,4335.7,4337.2,4333.6,4334.4,64.204,278349.1468
2026-01-04 06:00:00+00:00,4334.4,4337.5,4334.3,4336.4,38.344,166261.2225
2026-01-04 06:30:00+00:00,4336.4,4338.0,4335.2,4338.0,41.61,180455.1691
2026-01-04 07:00:00+00:00,4338.0,4341.9,4338.0,4338.2,119.09,516828.1199
2026-01-04 07:30:00+00:00,4338.2,4341.6,4338.1,4341.6,35.712,154997.7003
2026-01-04 08:00:00+00:00,4341.6,4341.6,4338.7,4338.8,45.87,199075.2573
2026-01-04 08:30:00+00:00,4338.8,4340.0,4338.7,4340.0,24.899,108044.9074
2026-01-04 09:00:00+00:00,4340.0,4341.6,4339.7,4341.1,33.037,143401.5392
2026-01-04 09:30:00+00:00,4341.1,4341.4,4341.1,4341.3,24.114,104683.1515
2026-01-04 10:00:00+00:00,4341.3,4341.4,4341.3,4341.4,19.61,85133.8494
2026-01-04 10:30:00+00:00,4341.4,4343.2,4341.3,4342.3,31.816,138164.4084
2026-01-04 11:00:00+00:00,4342.3,4342.3,4339.8,4339.9,45.517,197579.2705
2026-01-04 11:30:00+00:00,4339.9,4339.9,4337.3,4337.7,64.993,281922.1246
2026-01-04 12:00:00+00:00,4337.7,4342.1,4337.6,4341.0,179.547,779154.9599
2026-01-04 12:30:00+00:00,4341.0,4341.1,4336.0,4337.4,258.938,1123222.0475
2026-01-04 13:00:00+00:00,4337.4,4338.6,4335.9,4337.4,107.586,466653.8163
2026-01-04 13:30:00+00:00,4337.4,4338.1,4336.0,4338.1,59.299,257200.5829
2026-01-04 14:00:00+00:00,4338.1,4338.2,4336.0,4336.9,41.953,181946.7061
2026-01-04 14:30:00+00:00,4336.9,4337.7,4335.9,4337.6,34.769,150780.5853
2026-01-04 15:00:00+00:00,4337.6,4341.6,4337.6,4340.9,54.631,237051.1392
2026-01-04 15:30:00+00:00,4340.9,4342.6,4339.0,4339.1,236.508,1026763.4795
2026-01-04 16:00:00+00:00,4339.1,4341.0,4338.2,4341.0,86.546,375556.8042
2026-01-04 16:30:00+00:00,4341.0,4341.6,4340.9,4341.5,51.656,224258.1861
2026-01-04 17:00:00+00:00,4341.5,4342.8,4340.9,4342.2,148.352,644168.6927
2026-01-04 17:30:00+00:00,4342.2,4345.0,4340.0,4340.0,311.015,1350788.8884
2026-01-04 18:00:00+00:00,4340.0,4344.5,4340.0,4344.4,71.399,309987.9459
2026-01-04 18:30:00+00:00,4344.4,4344.5,4343.8,4344.1,89.271,387811.644
2026-01-04 19:00:00+00:00,4344.1,4345.5,4343.1,4345.5,97.218,422331.1059
2026-01-04 19:30:00+00:00,4345.5,4346.6,4345.4,4346.6,35.216,153050.2909
2026-01-04 20:00:00+00:00,4346.6,4348.8,4346.5,4348.8,75.383,327760.1118
2026-01-04 20:30:00+00:00,4348.8,4354.7,4348.7,4354.7,147.578,642266.5814
2026-01-04 21:00:00+00:00,4354.7,4358.1,4353.1,4358.1,240.165,1045989.0225
2026-01-04 21:30:00+00:00,4358.1,4362.6,4347.3,4349.8,573.492,2497096.37
2026-01-04 22:00:00+00:00,4349.8,4349.8,4344.8,4345.9,166.856,725310.1761
2026-01-04 22:30:00+00:00,4345.9,4345.9,4340.4,4342.2,268.745,1167083.2283
2026-01-04 23:00:00+00:00,4342.2,4372.3,4342.2,4372.0,2037.984,8885327.7579
2026-01-04 23:30:00+00:00,4372.0,4377.9,4357.0,4373.8,538.328,2352462.1298
2026-01-05 00:00:00+00:00,4373.8,4385.7,4370.4,4385.0,446.364,1954470.1549
2026-01-05 00:30:00+00:00,4385.0,4389.7,4379.0,4385.8,781.937,3428372.9774
2026-01-05 01:00:00+00:00,4385.8,4407.4,4385.7,4388.4,1253.509,5508441.7478
2026-01-05 01:30:00+00:00,4388.4,4397.9,4385.0,4394.6,361.923,1589655.6372
2026-01-05 02:00:00+00:00,4394.6,4396.5,4382.1,4392.0,489.364,2147047.5847
2026-01-05 02:30:00+00:00,4392.0,4399.5,4389.7,4396.8,454.867,1998991.807
2026-01-05 03:00:00+00:00,4396.8,4403.2,4395.7,4398.0,542.099,2385230.0939
2026-01-05 03:30:00+00:00,4398.0,4399.8,4389.7,4389.7,307.187,1350149.3986
2026-01-05 04:00:00+00:00,4389.7,4397.4,4385.9,4397.1,537.303,2359890.4025
2026-01-05 04:30:00+00:00,4397.1,4399.2,4392.1,4396.9,365.763,1607717.5565
2026-01-05 05:00:00+00:00,4396.9,4405.0,4395.9,4404.9,201.737,887835.09
2026-01-05 05:30:00+00:00,4404.9,4408.8,4393.1,4403.1,599.047,2636477.4675
2026-01-05 06:00:00+00:00,4403.1,4415.5,4401.2,4413.6,842.932,3716402.3018
2026-01-05 06:30:00+00:00,4413.6,4417.5,4408.9,4414.2,747.506,3299645.7876
2026-01-05 07:00:00+00:00,4414.2,4417.8,4411.0,4414.0,325.541,1436823.0492
2026-01-05 07:30:00+00:00,4414.0,4418.8,4413.0,4415.8,201.896,891498.5183
2026-01-05 08:00:00+00:00,4415.8,4426.2,4413.6,4423.3,859.121,3796873.6219
2026-01-05 08:30:00+00:00,4423.3,4431.4,4419.5,4427.7,655.799,2902537.7415
2026-01-05 09:00:00+00:00,4427.7,4431.4,4424.2,4430.7,366.878,1624097.6557
2026-01-05 09:30:00+00:00,4430.7,4435.1,4429.1,4431.8,272.702,1208718.5752
2026-01-05 10:00:00+00:00,4431.8,4433.0,4427.9,4429.2,198.68,880202.0172
2026-01-05 10:30:00+00:00,4429.2,4436.2,4429.2,4432.9,206.002,913258.4071
2026-01-05 11:00:00+00:00,4432.9,4433.5,4406.7,4412.3,776.724,3432763.6045
2026-01-05 11:30:00+00:00,4412.3,4422.0,4410.5,4415.7,360.667,1592862.7555
2026-01-05 12:00:00+00:00,4415.7,4417.3,4407.4,4410.1,634.549,2799072.0928
2026-01-05 12:30:00+00:00,4410.1,4411.0,4397.7,4403.8,734.161,3232448.8977
2026-01-05 13:00:00+00:00,4403.8,4412.4,4393.8,4394.5,866.836,3816789.8179
2026-01-05 13:30:00+00:00,4394.5,4412.4,4391.3,4412.4,525.92,2316052.0416
2026-01-05 14:00:00+00:00,4412.4,4424.9,4412.4,4417.6,558.833,2469518.162
2026-01-05 14:30:00+00:00,4417.6,4436.2,4415.1,4432.1,732.335,3240991.8034
2026-01-05 15:00:00+00:00,4432.1,4449.1,4432.1,4438.0,1018.586,4526369.9446
2026-01-05 15:30:00+00:00,4438.0,4441.6,4428.1,4440.4,712.72,3160997.2999
2026-01-05 16:00:00+00:00,4440.4,4443.8,4431.6,4433.3,512.512,2274606.392
2026-01-05 16:30:00+00:00,4433.3,4446.3,4432.6,4432.6,411.757,1827869.6161
2026-01-05 17:00:00+00:00,4432.6,4441.2,4426.1,4439.6,716.645,3177986.9937
2026-01-05 17:30:00+00:00,4439.6,4440.2,4430.3,4435.9,442.417,1962856.2566
2026-01-05 18:00:00+00:00,4435.9,4441.0,4432.8,4433.9,419.135,1859482.5267
2026-01-05 18:30:00+00:00,4433.9,4440.1,4433.8,4440.1,300.382,1332604.5336
2026-01-05 19:00:00+00:00,4440.1,4441.0,4427.7,4434.3,737.803,3270292.9754
2026-01-05 19:30:00+00:00,4434.3,4438.1,4430.7,4432.4,252.378,1119081.3014
2026-01-05 20:00:00+00:00,4432.4,4439.1,4431.8,4437.8,158.835,704615.9013
2026-01-05 20:30:00+00:00,4437.8,4438.4,4430.2,4438.0,459.982,2039744.1005
2026-01-05 21:00:00+00:00,4438.0,4439.7,4436.8,4437.8,170.006,754592.715
2026-01-05 21:30:00+00:00,4437.8,4441.5,4437.7,4441.4,94.391,419111.3916
2026-01-05 22:00:00+00:00,4441.4,4441.5,4438.1,4438.1,29.397,130533.0285
2026-01-05 22:30:00+00:00,4438.1,4438.4,4435.0,4437.1,123.004,545705.2688
2026-01-05 23:00:00+00:00,4437.1,4448.0,4437.0,4440.5,733.469,3258549.1874
2026-01-05 23:30:00+00:00,4440.5,4441.2,4428.6,4431.6,1003.418,4448228.9905
2026-01-06 00:00:00+00:00,4431.6,4432.9,4426.2,4431.5,715.57,3169623.4989
2026-01-06 00:30:00+00:00,4431.5,4434.0,4420.3,4426.4,1084.357,4799037.3435
2026-01-06 01:00:00+00:00,4426.4,4432.8,4417.3,4425.0,1451.941,6427733.788
2026-01-06 01:30:00+00:00,4425.0,4440.5,4423.1,4439.3,1044.673,4628597.1138
2026-01-06 02:00:00+00:00,4439.3,4448.6,4436.3,4448.5,1117.1,4963572.8528
2026-01-06 02:30:00+00:00,4448.5,4449.0,4436.5,4443.7,1321.35,5869733.4624
2026-01-06 03:00:00+00:00,4443.7,4454.9,4442.7,4453.1,611.053,2719011.6934
2026-01-06 03:30:00+00:00,4453.1,4457.0,4452.5,4455.9,324.167,1444201.717
2026-01-06 04:00:00+00:00,4455.9,4458.6,4450.4,4453.7,645.619,2876122.9629
2026-01-06 04:30:00+00:00,4453.7,4457.4,4448.8,4456.2,454.494,2023753.5824
2026-01-06 05:00:00+00:00,4456.2,4460.1,4456.1,4460.0,138.487,617437.2449
2026-01-06 05:30:00+00:00,4460.0,4461.8,4438.9,4441.7,1443.257,6422254.1224
2026-01-06 06:00:00+00:00,4441.7,4451.4,4441.5,4451.3,777.969,3459031.7206
2026-01-06 06:30:00+00:00,4451.3,4456.9,4449.3,4455.6,523.029,2329130.3125
2026-01-06 07:00:00+00:00,4455.6,4459.5,4451.2,4454.5,442.931,1973550.742
2026-01-06 07:30:00+00:00,4454.5,4456.6,4443.0,4447.1,1636.347,7282126.3702
2026-01-06 08:00:00+00:00,4447.1,4464.3,4445.2,4460.5,1145.956,5104000.742
2026-01-06 08:30:00+00:00,4460.5,4461.6,4454.3,4459.5,664.554,2961886.1958
2026-01-06 09:00:00+00:00,4459.5,4459.5,4442.1,4448.4,1284.455,5714854.4181
2026-01-06 09:30:00+00:00,4448.4,4448.6,4434.0,4438.7,946.487,4202804.853
2026-01-06 10:00:00+00:00,4438.7,4444.7,4433.6,4441.7,719.381,3193665.4806
2026-01-06 10:30:00+00:00,4441.7,4447.0,4440.5,4443.8,518.776,2304944.6556
2026-01-06 11:00:00+00:00,4443.8,4447.5,4441.1,4446.8,238.823,1061344.0015
2026-01-06 11:30:00+00:00,4446.8,4455.0,4446.8,4453.6,488.191,2173004.1936
2026-01-06 12:00:00+00:00,4453.6,4456.2,4452.7,4455.5,238.337,1061657.4601
2026-01-06 12:30:00+00:00,4455.5,4456.9,4450.2,4454.6,365.041,1625320.237
2026-01-06 13:00:00+00:00,4454.6,4459.8,4448.8,4449.3,972.243,4330275.8392
2026-01-06 13:30:00+00:00,4449.3,4457.9,4445.6,4457.9,678.212,3018977.7014
2026-01-06 14:00:00+00:00,4457.9,4462.4,4453.8,4456.2,1405.073,6263402.8641
2026-01-06 14:30:00+00:00,4456.2,4477.7,4455.1,4476.1,2260.75,10101412.4523
2026-01-06 15:00:00+00:00,4476.1,4479.3,4463.6,4470.6,523.167,2339927.9165
2026-01-06 15:30:00+00:00,4470.6,4471.5,4454.0,4467.5,561.657,2506313.7433
2026-01-06 16:00:00+00:00,4467.5,4472.4,4461.5,4470.5,336.763,1504049.7478
2026-01-06 16:30:00+00:00,4470.5,4478.0,4470.5,4477.4,316.019,1414104.45
2026-01-06 17:00:00+00:00,4477.4,4480.3,4474.9,4477.2,193.933,868470.7607
2026-01-06 17:30:00+00:00,4477.2,4484.5,4474.2,4481.9,378.218,1694387.4455
2026-01-06 18:00:00+00:00,4481.9,4485.8,4478.4,4479.6,463.915,2079327.617
2026-01-06 18:30:00+00:00,4479.6,4483.4,4476.1,4482.4,287.985,1289692.8579
2026-01-06 19:00:00+00:00,4482.4,4482.5,4472.0,4475.6,187.82,840904.5328
2026-01-06 19:30:00+00:00,4475.6,4477.6,4472.4,4475.9,77.504,346819.469
2026-01-06 20:00:00+00:00,4475.9,4480.5,4475.1,4479.0,74.444,333379.0379
2026-01-06 20:30:00+00:00,4479.0,4488.9,4477.5,4486.8,163.393,732635.4801
2026-01-06 21:00:00+00:00,4486.8,4487.4,4485.1,4487.3,80.993,363349.8345
2026-01-06 21:30:00+00:00,4487.3,4491.6,4486.2,4486.2,213.849,960080.65
2026-01-06 22:00:00+00:00,4486.2,4490.6,4485.5,4490.5,119.222,535151.679
2026-01-06 22:30:00+00:00,4490.5,4491.6,4487.9,4488.3,85.091,382033.4864
2026-01-06 23:00:00+00:00,4488.3,4494.3,4488.0,4492.4,269.326,1209507.4286
2026-01-06 23:30:00+00:00,4492.4,4493.3,4485.4,4485.8,122.165,548291.9035
2026-01-07 00:00:00+00:00,4485.8,4487.3,4482.7,4483.1,102.217,458389.0532
2026-01-07 00:30:00+00:00,4483.1,4486.1,4476.8,4484.0,244.917,1097553.4144
2026-01-07 01:00:00+00:00,4484.0,4487.3,4464.9,4469.7,1009.925,4513340.3759
2026-01-07 01:30:00+00:00,4469.7,4470.3,4455.8,4459.0,445.08,1985579.8523
2026-01-07 02:00:00+00:00,4459.0,4467.2,4451.4,4466.4,655.731,2923443.2736
2026-01-07 02:30:00+00:00,4466.4,4471.2,4466.3,4468.6,147.572,659514.7176
2026-01-07 03:00:00+00:00,4468.6,4471.8,4465.1,4469.5,177.094,791157.7542
2026-01-07 03:30:00+00:00,4469.5,4471.3,4467.5,4467.5,75.447,337206.9108
2026-01-07 04:00:00+00:00,4467.5,4468.5,4459.2,4459.2,431.393,1925276.0905
2026-01-07 04:30:00+00:00,4459.2,4460.9,4456.5,4457.6,211.171,941437.6434
2026-01-07 05:00:00+00:00,4457.6,4463.2,4456.0,4462.6,150.771,672335.1782
2026-01-07 05:30:00+00:00,4462.6,4462.6,4437.3,4447.5,563.545,2504907.5777
2026-01-07 06:00:00+00:00,4447.5,4453.9,4447.3,4450.1,169.19,752828.2807
2026-01-07 06:30:00+00:00,4450.1,4450.1,4437.3,4438.8,422.333,1875524.3545
2026-01-07 07:00:00+00:00,4438.8,4449.4,4437.8,4449.4,86.982,386571.6995
2026-01-07 07:30:00+00:00,4449.4,4458.2,4448.8,4456.8,150.711,671348.5864
2026-01-07 08:00:00+00:00,4456.8,4462.9,4455.4,4460.2,247.511,1103788.6226
2026-01-07 08:30:00+00:00,4460.2,4468.2,4459.6,4463.9,315.012,1406136.9187
2026-01-07 09:00:00+00:00,4463.9,4464.1,4458.0,4458.5,576.794,2573302.954
2026-01-07 09:30:00+00:00,4458.5,4462.2,4457.1,4460.6,142.474,635388.1238
2026-01-07 10:00:00+00:00,4460.6,4463.2,4455.8,4456.6,155.093,691732.4963
2026-01-07 10:30:00+00:00,4456.6,4464.7,4456.4,4461.3,162.428,724887.4043
2026-01-07 11:00:00+00:00,4461.3,4461.3,4453.8,4455.7,222.132,990125.5743
2026-01-07 11:30:00+00:00,4455.7,4456.2,4442.4,4442.9,604.725,2690306.8636
2026-01-07 12:00:00+00:00,4442.9,4445.4,4434.4,4444.8,448.626,1991726.2706
2026-01-07 12:30:00+00:00,4444.8,4449.1,4440.3,4440.3,123.971,551151.7054
2026-01-07 13:00:00+00:00,4440.3,4445.1,4423.6,4438.4,765.594,3393419.6948
2026-01-07 13:30:00+00:00,4438.4,4448.9,4434.3,4447.6,282.179,1253573.7466
2026-01-07 14:00:00+00:00,4447.6,4448.8,4439.2,4440.6,464.106,2062802.3278
2026-01-07 14:30:00+00:00,4440.6,4447.9,4433.1,4441.6,375.297,1666585.1357
2026-01-07 15:00:00+00:00,4441.6,4441.6,4421.3,4436.8,688.746,3051417.1871
2026-01-07 15:30:00+00:00,4436.8,4445.9,4436.8,4441.5,416.839,1851416.6918
2026-01-07 16:00:00+00:00,4441.5,4454.9,4441.1,4451.2,726.342,3229970.7542
2026-01-07 16:30:00+00:00,4451.2,4460.0,4451.2,4457.2,473.301,2109734.139
2026-01-07 17:00:00+00:00,4457.2,4458.0,4451.6,4452.4,209.573,933279.5572
2026-01-07 17:30:00+00:00,4452.4,4455.4,4444.2,4445.9,159.913,711613.5086
2026-01-07 18:00:00+00:00,4445.9,4450.2,4442.0,4446.5,99.114,440674.4931
2026-01-07 18:30:00+00:00,4446.5,4452.8,4445.7,4446.8,88.769,395018.4002
2026-01-07 19:00:00+00:00,4446.8,4451.2,4439.1,4445.4,903.465,4016134.1941
2026-01-07 19:30:00+00:00,4445.4,4453.5,4445.3,4453.3,116.045,516412.1142
2026-01-07 20:00:00+00:00,4453.3,4456.9,4451.9,4454.0,97.661,435047.0302
2026-01-07 20:30:00+00:00,4454.0,4456.0,4448.3,4448.3,61.218,272567.6785
2026-01-07 21:00:00+00:00,4448.3,4451.5,4447.4,4449.1,27.824,123802.2089
2026-01-07 21:30:00+00:00,4449.1,4452.5,4449.1,4452.5,42.78,190405.2303
2026-01-07 22:00:00+00:00,4452.5,4458.0,4452.5,4457.9,74.438,331671.946
2026-01-07 22:30:00+00:00,4457.9,4459.3,4454.5,4454.5,119.577,533068.6191
2026-01-07 23:00:00+00:00,4454.5,4459.6,4454.5,4458.9,76.272,339971.932
2026-01-07 23:30:00+00:00,4458.9,4459.5,4455.4,4458.9,145.665,649190.1139
2026-01-08 00:00:00+00:00,4458.9,4462.4,4450.9,4453.6,158.017,704375.5321
2026-01-08 00:30:00+00:00,4453.6,4455.0,4444.1,4446.9,267.281,1188876.5771
2026-01-08 01:00:00+00:00,4446.9,4456.0,4441.9,4451.3,186.724,831000.9958
2026-01-08 01:30:00+00:00,4451.3,4453.4,4438.5,4444.7,326.034,1449054.1127
2026-01-08 02:00:00+00:00,4444.7,4445.7,4437.2,4437.6,191.414,850335.7257
2026-01-08 02:30:00+00:00,4437.6,4440.6,4431.4,4438.9,192.784,855242.6597
2026-01-08 03:00:00+00:00,4438.9,4442.5,4435.0,4440.9,105.428,468002.9619
2026-01-08 03:30:00+00:00,4440.9,4442.4,4435.4,4437.6,34.881,154816.2789
2026-01-08 04:00:00+00:00,4437.6,4437.6,4434.3,4434.3,58.878,261157.1323
2026-01-08 04:30:00+00:00,4434.3,4435.3,4426.9,4429.0,204.02,903793.1654
2026-01-08 05:00:00+00:00,4429.0,4429.0,4421.2,4423.1,251.744,1113923.755
2026-01-08 05:30:00+00:00,4423.1,4424.1,4414.3,4421.6,677.172,2991847.875
2026-01-08 06:00:00+00:00,4421.6,4425.4,4414.3,4424.3,342.15,1512481.6078
2026-01-08 06:30:00+00:00,4424.3,4433.6,4424.3,4430.0,436.389,1933331.8365
2026-01-08 07:00:00+00:00,4430.0,4435.9,4429.1,4433.0,179.043,793607.7057
2026-01-08 07:30:00+00:00,4433.0,4433.4,4425.4,4427.4,202.625,897355.6828
2026-01-08 08:00:00+00:00,4427.4,4429.0,4422.7,4424.0,266.798,1180646.3975
2026-01-08 08:30:00+00:00,4424.0,4428.7,4417.7,4428.5,292.019,1291146.446
2026-01-08 09:00:00+00:00,4428.5,4431.7,4424.0,4427.9,168.745,747343.5167
2026-01-08 09:30:00+00:00,4427.9,4430.7,4426.6,4429.2,123.943,548959.9432
2026-01-08 10:00:00+00:00,4429.2,4429.3,4420.8,4420.8,153.839,680535.3847
2026-01-08 10:30:00+00:00,4420.8,4430.3,4420.6,4430.0,99.938,442463.6778
2026-01-08 11:00:00+00:00,4430.0,4430.0,4422.2,4424.3,115.646,511819.6957
2026-01-08 11:30:00+00:00,4424.3,4424.8,4420.4,4420.5,82.747,365939.3785
2026-01-08 12:00:00+00:00,4420.5,4420.6,4406.8,4419.2,587.1,2591600.7458
2026-01-08 12:30:00+00:00,4419.2,4427.7,4418.9,4424.2,277.314,1226784.9863
2026-01-08 13:00:00+00:00,4424.2,4432.7,4415.2,4431.0,345.91,1531138.5633
2026-01-08 13:30:00+00:00,4431.0,4432.6,4419.5,4421.3,370.962,1642460.4773
2026-01-08 14:00:00+00:00,4421.3,4426.5,4417.4,4424.6,154.811,684530.8721
2026-01-08 14:30:00+00:00,4424.6,4434.9,4420.4,4430.1,386.949,1713843.3181
2026-01-08 15:00:00+00:00,4430.1,4449.6,4426.0,4442.9,430.387,1910589.5294
2026-01-08 15:30:00+00:00,4442.9,4451.1,4442.7,4449.7,265.664,1181389.6727
2026-01-08 16:00:00+00:00,4449.7,4453.1,4445.0,4449.4,407.187,1811334.8504
2026-01-08 16:30:00+00:00,4449.4,4459.7,4448.3,4458.4,260.454,1160609.8633
2026-01-08 17:00:00+00:00,4458.4,4459.9,4452.1,4456.4,148.375,661046.7316
2026-01-08 17:30:00+00:00,4456.4,4457.4,4453.2,4457.4,111.102,494967.5316
2026-01-08 18:00:00+00:00,4457.4,4457.4,4443.3,4445.6,385.367,1716029.6209
2026-01-08 18:30:00+00:00,4445.6,4447.4,4441.7,4442.5,115.226,512035.0951
2026-01-08 19:00:00+00:00,4442.5,4443.3,4438.7,4440.8,70.223,311846.4779
2026-01-08 19:30:00+00:00,4440.8,4445.7,4440.8,4445.6,48.286,214573.0709
2026-01-08 20:00:00+00:00,4445.6,4466.7,4445.6,4463.1,395.084,1760453.7361
2026-01-08 20:30:00+00:00,4463.1,4470.5,4463.1,4470.0,268.678,1200476.822
2026-01-08 21:00:00+00:00,4470.0,4471.9,4466.3,4467.6,114.033,509741.1431
2026-01-08 21:30:00+00:00,4467.6,4471.5,4466.1,4469.4,113.076,505348.4753
2026-01-08 22:00:00+00:00,4469.4,4469.5,4467.1,4467.4,97.732,436720.7802
2026-01-08 22:30:00+00:00,4467.4,4467.9,4464.7,4464.7,66.153,295437.3976
2026-01-08 23:00:00+00:00,4464.7,4471.6,4464.7,4469.8,247.558,1106225.0233
2026-01-08 23:30:00+00:00,4469.8,4469.8,4464.7,4467.0,95.384,426095.5515
2026-01-09 00:00:00+00:00,4467.0,4468.5,4457.5,4458.6,208.06,928785.7146
2026-01-09 00:30:00+00:00,4458.6,4461.1,4454.0,4455.9,122.455,545779.2064
2026-01-09 01:00:00+00:00,4455.9,4458.5,4447.8,4451.2,207.936,925678.0814
2026-01-09 01:30:00+00:00,4451.2,4463.0,4451.1,4463.0,146.393,652378.8895
2026-01-09 02:00:00+00:00,4463.0,4470.0,4462.9,4466.0,167.536,748388.7743
2026-01-09 02:30:00+00:00,4466.0,4468.2,4460.7,4463.9,81.605,364354.6095
2026-01-09 03:00:00+00:00,4463.9,4463.9,4457.4,4458.7,186.82,833182.8621
2026-01-09 03:30:00+00:00,4458.7,4460.7,4456.2,4459.3,61.726,275261.4176
2026-01-09 04:00:00+00:00,4459.3,4460.4,4456.6,4458.0,65.701,292917.0338
2026-01-09 04:30:00+00:00,4458.0,4462.3,4457.2,4460.7,105.885,472180.3369
2026-01-09 05:00:00+00:00,4460.7,4462.1,4454.6,4459.4,91.56,408186.7524
2026-01-09 05:30:00+00:00,4459.4,4465.9,4459.4,4463.9,98.754,440785.2169
2026-01-09 06:00:00+00:00,4463.9,4467.8,4462.1,4467.8,73.966,330212.6347
2026-01-09 06:30:00+00:00,4467.8,4471.8,4467.8,4469.2,87.699,392005.83
2026-01-09 07:00:00+00:00,4469.2,4470.0,4464.5,4465.3,124.692,557026.1484
2026-01-09 07:30:00+00:00,4465.3,4467.5,4463.2,4465.3,79.719,355992.4331
2026-01-09 08:00:00+00:00,4465.3,4470.2,4461.7,4467.7,118.349,528574.0008
2026-01-09 08:30:00+00:00,4467.7,4467.7,4451.3,4459.6,1206.143,5374445.1283
2026-01-09 09:00:00+00:00,4459.6,4468.7,4459.6,4465.7,151.27,675428.7646
2026-01-09 09:30:00+00:00,4465.7,4466.7,4461.0,4461.8,224.926,1003931.4522
2026-01-09 10:00:00+00:00,4461.8,4464.7,4461.1,4461.8,89.0,397240.4904
2026-01-09 10:30:00+00:00,4461.8,4464.5,4460.3,4464.5,60.714,270922.0171
2026-01-09 11:00:00+00:00,4464.5,4466.5,4462.4,4462.8,64.309,287112.5411
2026-01-09 11:30:00+00:00,4462.8,4467.7,4461.0,4467.7,88.88,396803.6217
2026-01-09 12:00:00+00:00,4467.7,4471.9,4459.9,4460.8,266.162,1188368.9705
2026-01-09 12:30:00+00:00,4460.8,4461.0,4454.7,4459.8,216.001,963029.3883
2026-01-09 13:00:00+00:00,4459.8,4466.7,4456.1,4465.7,190.479,850078.4232
2026-01-09 13:30:00+00:00,4465.7,4480.5,4453.8,4472.3,1161.803,5196688.0728
2026-01-09 14:00:00+00:00,4472.3,4485.8,4471.6,4483.1,472.8,2118698.0791
2026-01-09 14:30:00+00:00,4483.1,4486.4,4473.8,4483.9,1053.634,4719510.8011
2026-01-09 15:00:00+00:00,4483.9,4501.1,4481.5,4495.3,946.536,4251865.8733
2026-01-09 15:30:00+00:00,4495.3,4505.5,4495.0,4500.2,632.753,2847838.3176
2026-01-09 16:00:00+00:00,4500.2,4502.1,4489.4,4492.2,401.477,1804309.0948
2026-01-09 16:30:00+00:00,4492.2,4494.6,4489.2,4494.1,485.851,2182699.567
2026-01-09 17:00:00+00:00,4494.1,4498.0,4490.8,4490.9,212.788,956375.5008
2026-01-09 17:30:00+00:00,4490.9,4496.6,4470.4,4473.7,549.518,2462727.0733
2026-01-09 18:00:00+00:00,4473.7,4482.9,4472.2,4481.1,295.182,1322172.6167
2026-01-09 18:30:00+00:00,4481.1,4491.7,4481.0,4485.3,273.478,1227672.2469
2026-01-09 19:00:00+00:00,4485.3,4489.6,4483.0,4487.7,64.886,291071.3586
2026-01-09 19:30:00+00:00,4487.7,4489.3,4485.5,4488.0,68.037,305323.175
2026-01-09 20:00:00+00:00,4488.0,4496.0,4486.8,4493.3,146.657,658739.535
2026-01-09 20:30:00+00:00,4493.3,4496.8,4490.7,4496.1,108.446,487308.0024
2026-01-09 21:00:00+00:00,4496.1,4498.1,4493.9,4497.7,65.711,295460.3577
2026-01-09 21:30:00+00:00,4497.7,4497.8,4493.8,4496.2,156.354,702892.127
2026-01-09 22:00:00+00:00,4496.2,4499.9,4494.2,4494.3,230.38,1036157.7428
2026-01-09 22:30:00+00:00,4494.3,4495.0,4491.6,4495.0,107.636,483635.9153
2026-01-09 23:00:00+00:00,4495.0,4497.2,4493.7,4495.7,40.389,181562.6931
2026-01-09 23:30:00+00:00,4495.7,4497.2,4494.4,4494.4,28.578,128482.6399
2026-01-10 00:00:00+00:00,4494.4,4494.6,4493.7,4493.7,23.501,105622.7008
2026-01-10 00:30:00+00:00,4493.7,4494.1,4493.7,4494.0,22.281,100129.872
2026-01-10 01:00:00+00:00,4494.0,4495.2,4494.0,4495.2,6.306,28340.4892
2026-01-10 01:30:00+00:00,4495.2,4495.7,4495.2,4495.7,32.019,143941.118
2026-01-10 02:00:00+00:00,4495.7,4495.7,4495.6,4495.7,13.323,59895.2079
2026-01-10 02:30:00+00:00,4495.7,4495.7,4493.5,4493.9,38.686,173888.2002
2026-01-10 03:00:00+00:00,4493.9,4497.9,4493.9,4494.7,126.226,567484.238
2026-01-10 03:30:00+00:00,4494.7,4496.7,4494.7,4496.1,70.493,316914.8928
2026-01-10 04:00:00+00:00,4496.1,4496.2,4496.0,4496.2,27.549,123864.1437
2026-01-10 04:30:00+00:00,4496.2,4498.0,4496.2,4498.0,24.013,107994.3145
2026-01-10 05:00:00+00:00,4498.0,4499.5,4498.0,4499.5,71.135,320045.991
2026-01-10 05:30:00+00:00,4499.5,4499.5,4497.3,4497.3,21.228,95481.7958
2026-01-10 06:00:00+00:00,4497.3,4497.4,4496.8,4497.4,51.302,230714.0942
2026-01-10 06:30:00+00:00,4497.4,4499.5,4497.3,4499.5,44.412,199792.9913
2026-01-10 07:00:00+00:00,4499.5,4500.7,4499.4,4500.6,46.941,211220.633
2026-01-10 07:30:00+00:00,4500.6,4500.7,4500.6,4500.7,23.076,103856.336
2026-01-10 08:00:00+00:00,4500.7,4500.7,4499.4,4500.5,62.799,282608.4702
2026-01-10 08:30:00+00:00,4500.5,4500.7,4500.5,4500.6,34.206,153947.9062
2026-01-10 09:00:00+00:00,4500.6,4500.7,4499.6,4500.0,48.747,219388.4885
2026-01-10 09:30:00+00:00,4500.0,4503.8,4499.4,4503.8,199.837,899522.5449
2026-01-10 10:00:00+00:00,4503.8,4504.9,4503.7,4504.6,114.96,517851.9479
2026-01-10 10:30:00+00:00,4504.6,4504.7,4503.5,4504.1,37.507,168923.132
2026-01-10 11:00:00+00:00,4504.1,4504.8,4504.1,4504.8,59.68,268829.8687
2026-01-10 11:30:00+00:00,4504.8,4504.9,4504.6,4504.8,95.73,431241.1935
2026-01-10 12:00:00+00:00,4504.8,4504.9,4503.7,4503.7,188.934,850995.413
2026-01-10 12:30:00+00:00,4503.7,4504.0,4503.7,4503.9,42.273,190390.6036
2026-01-10 13:00:00+00:00,4503.9,4504.0,4503.8,4503.8,8.164,36769.839
2026-01-10 13:30:00+00:00,4503.8,4503.9,4503.8,4503.9,8.773,39512.1831
2026-01-10 14:00:00+00:00,4503.9,4503.9,4502.4,4503.9,79.419,357647.7186
2026-01-10 14:30:00+00:00,4503.9,4503.9,4503.8,4503.8,11.649,52465.1411
2026-01-10 15:00:00+00:00,4503.8,4503.9,4496.5,4496.7,554.744,2497031.3736
2026-01-10 15:30:00+00:00,4496.7,4502.7,4496.7,4502.1,128.561,578683.7
2026-01-10 16:00:00+00:00,4502.1,4502.2,4499.1,4499.9,67.554,304020.4209
2026-01-10 16:30:00+00:00,4499.9,4500.2,4499.6,4500.2,31.266,140698.3378
2026-01-10 17:00:00+00:00,4500.2,4500.2,4497.6,4497.7,37.33,167949.2576
2026-01-10 17:30:00+00:00,4497.7,4498.0,4496.3,4497.7,33.824,152122.3086
2026-01-10 18:00:00+00:00,4497.7,4500.7,4497.4,4498.6,123.708,556522.3775
2026-01-10 18:30:00+00:00,4498.6,4499.7,4497.1,4497.1,50.257,226095.2603
2026-01-10 19:00:00+00:00,4497.1,4498.6,4497.0,4498.4,57.426,258280.9585
2026-01-10 19:30:00+00:00,4498.4,4501.3,4498.4,4499.7,27.586,124147.3603
2026-01-10 20:00:00+00:00,4499.7,4499.8,4498.3,4499.6,20.207,90919.1754
2026-01-10 20:30:00+00:00,4499.6,4500.4,4499.6,4500.4,22.906,103081.3052
2026-01-10 21:00:00+00:00,4500.4,4500.5,4500.4,4500.5,5.839,26277.9939
2026-01-10 21:30:00+00:00,4500.5,4502.7,4500.4,4502.6,15.934,71719.6143
2026-01-10 22:00:00+00:00,4502.6,4502.7,4502.6,4502.7,7.02,31608.4865
2026-01-10 22:30:00+00:00,4502.7,4503.8,4502.6,4503.8,31.015,139661.9934
2026-01-10 23:00:00+00:00,4503.8,4504.7,4503.7,4504.7,41.287,185970.7793
2026-01-10 23:30:00+00:00,4504.7,4504.9,4504.6,4504.9,18.817,84766.4305
2026-01-11 00:00:00+00:00,4504.9,4505.3,4504.8,4505.3,27.547,124102.6998
2026-01-11 00:30:00+00:00,4505.3,4505.5,4500.9,4500.9,65.536,295167.5744
2026-01-11 01:00:00+00:00,4500.9,4501.0,4500.9,4500.9,12.413,55870.45
2026-01-11 01:30:00+00:00,4500.9,4504.9,4500.9,4504.9,34.533,155506.6053
2026-01-11 02:00:00+00:00,4504.9,4506.8,4504.9,4506.5,52.35,235900.2152
2026-01-11 02:30:00+00:00,4506.5,4506.6,4506.4,4506.5,39.36,177374.8929
2026-01-11 03:00:00+00:00,4506.5,4506.6,4506.5,4506.6,35.228,158757.3142
2026-01-11 03:30:00+00:00,4506.6,4507.9,4506.3,4507.4,60.847,274232.801
2026-01-11 04:00:00+00:00,4507.4,4507.9,4507.4,4507.9,49.465,222971.9458
2026-01-11 04:30:00+00:00,4507.9,4508.4,4507.8,4508.4,49.88,224866.6646
2026-01-11 05:00:00+00:00,4508.4,4508.5,4503.6,4504.0,307.765,1386795.1671
2026-01-11 05:30:00+00:00,4504.0,4504.0,4501.4,4501.4,91.327,411223.6524
2026-01-11 06:00:00+00:00,4501.4,4501.5,4498.9,4498.9,224.329,1009521.3329
2026-01-11 06:30:00+00:00,4498.9,4511.1,4497.9,4509.0,675.457,3043714.9411
2026-01-11 07:00:00+00:00,4509.0,4510.4,4508.5,4509.0,130.465,588328.1333
2026-01-11 07:30:00+00:00,4509.0,4509.5,4508.9,4509.4,38.041,171532.7828
2026-01-11 08:00:00+00:00,4509.4,4509.5,4507.2,4507.6,72.923,328743.1272
2026-01-11 08:30:00+00:00,4507.6,4508.8,4500.8,4508.7,529.473,2384871.1297
2026-01-11 09:00:00+00:00,4508.7,4510.5,4508.7,4509.0,220.995,996658.5511
2026-01-11 09:30:00+00:00,4509.0,4509.0,4508.9,4509.0,23.867,107616.0689
2026-01-11 10:00:00+00:00,4509.0,4509.0,4508.9,4509.0,31.115,140297.1526
2026-01-11 10:30:00+00:00,4509.0,4512.3,4508.9,4511.3,407.559,1838429.5081
2026-01-11 11:00:00+00:00,4511.3,4511.4,4510.0,4510.1,54.395,245366.3547
2026-01-11 11:30:00+00:00,4510.1,4510.9,4510.0,4510.9,26.404,119089.1115
2026-01-11 12:00:00+00:00,4510.9,4510.9,4510.8,4510.9,41.134,185550.9254
2026-01-11 12:30:00+00:00,4510.9,4511.0,4510.2,4511.0,41.008,184973.5787
2026-01-11 13:00:00+00:00,4511.0,4511.0,4510.9,4510.9,42.227,190484.1878
2026-01-11 13:30:00+00:00,4510.9,4510.9,4506.4,4506.4,100.77,454471.4938
2026-01-11 14:00:00+00:00,4506.4,4506.5,4500.8,4505.9,236.41,1064775.7846
2026-01-11 14:30:00+00:00,4505.9,4506.4,4502.6,4506.4,89.895,404980.7029
2026-01-11 15:00:00+00:00,4506.4,4507.6,4506.2,4507.5,65.686,296040.6219
2026-01-11 15:30:00+00:00,4507.5,4507.6,4507.5,4507.6,28.22,127203.3388
2026-01-11 16:00:00+00:00,4507.6,4507.7,4504.0,4505.6,68.495,308642.0673
2026-01-11 16:30:00+00:00,4505.6,4505.7,4503.1,4503.6,59.737,269064.1182
2026-01-11 17:00:00+00:00,4503.6,4504.1,4503.5,4503.9,41.562,187191.6506
2026-01-11 17:30:00+00:00,4503.9,4503.9,4503.0,4503.8,90.113,405811.0345
2026-01-11 18:00:00+00:00,4503.8,4503.8,4503.4,4503.5,25.955,116891.4422
2026-01-11 18:30:00+00:00,4503.5,4503.6,4503.4,4503.6,21.65,97500.9884
2026-01-11 19:00:00+00:00,4503.6,4504.9,4503.0,4504.9,30.036,135274.6785
2026-01-11 19:30:00+00:00,4504.9,4506.0,4504.8,4506.0,34.201,154091.3363
2026-01-11 20:00:00+00:00,4506.0,4507.1,4504.4,4507.1,84.753,381895.6163
2026-01-11 20:30:00+00:00,4507.1,4508.7,4507.0,4508.7,50.718,228634.5742
2026-01-11 21:00:00+00:00,4508.7,4509.7,4508.2,4508.7,99.038,446546.5718
2026-01-11 21:30:00+00:00,4508.7,4508.7,4508.6,4508.6,7.699,34712.1335
2026-01-11 22:00:00+00:00,4508.6,4513.6,4508.6,4513.3,451.216,2035793.891
2026-01-11 22:30:00+00:00,4513.3,4513.7,4512.1,4513.4,65.165,294071.6282
2026-01-11 23:00:00+00:00,4513.4,4531.0,4510.5,4531.0,906.821,4099730.2807
2026-01-11 23:30:00+00:00,4531.0,4539.8,4529.9,4534.9,383.167,1737697.2145
2026-01-12 00:00:00+00:00,4534.9,4557.2,4531.4,4555.5,881.125,4007105.57552
2026-01-12 00:30:00+00:00,4555.5,4594.2,4554.5,4584.3,2438.521,11171091.91547
2026-01-12 01:00:00+00:00,4584.3,4588.2,4568.4,4575.5,1057.638,4841603.1069
2026-01-12 01:30:00+00:00,4575.5,4577.3,4565.3,4565.3,388.067,1773669.739
2026-01-12 02:00:00+00:00,4565.3,4567.8,4557.9,4560.6,404.222,1843858.4316
2026-01-12 02:30:00+00:00,4560.6,4572.0,4557.2,4568.5,787.251,3596788.2147
2026-01-12 03:00:00+00:00,4568.5,4575.1,4568.5,4575.1,740.449,3385468.5093
2026-01-12 03:30:00+00:00,4575.1,4575.4,4564.1,4566.4,398.541,1821025.7688
2026-01-12 04:00:00+00:00,4566.4,4566.9,4562.0,4563.6,145.575,664486.9573
2026-01-12 04:30:00+00:00,4563.6,4565.3,4560.3,4563.4,148.477,677472.6882
2026-01-12 05:00:00+00:00,4563.4,4568.7,4561.9,4567.9,272.535,1244427.3903
2026-01-12 05:30:00+00:00,4567.9,4579.0,4566.1,4576.5,301.847,1381108.3592
2026-01-12 06:00:00+00:00,4576.5,4576.5,4566.8,4570.3,210.555,962341.9145
2026-01-12 06:30:00+00:00,4570.3,4574.2,4569.1,4571.5,486.225,2222836.605
2026-01-12 07:00:00+00:00,4571.5,4581.6,4570.0,4576.9,614.226,2809595.0192
2026-01-12 07:30:00+00:00,4576.9,4583.4,4575.4,4582.8,141.096,646091.9635
2026-01-12 08:00:00+00:00,4582.8,4583.7,4575.4,4577.6,206.854,947174.022
2026-01-12 08:30:00+00:00,4577.6,4593.8,4576.8,4591.1,999.419,4584459.3725
2026-01-12 09:00:00+00:00,4591.1,4594.5,4588.0,4592.2,401.493,1843534.7541
2026-01-12 09:30:00+00:00,4592.2,4592.2,4582.6,4583.5,320.216,1469150.4532
2026-01-12 10:00:00+00:00,4583.5,4588.8,4582.5,4588.4,392.471,1799882.8718
2026-01-12 10:30:00+00:00,4588.4,4589.0,4582.9,4589.0,263.181,1206913.9005
2026-01-12 11:00:00+00:00,4589.0,4589.0,4579.0,4579.7,151.174,692918.1067
2026-01-12 11:30:00+00:00,4579.7,4586.1,4577.4,4578.9,537.142,2461186.1411
2026-01-12 12:00:00+00:00,4578.9,4580.4,4573.1,4575.0,357.106,1634266.0373
2026-01-12 12:30:00+00:00,4575.0,4583.2,4575.0,4583.2,111.402,510214.6104
2026-01-12 13:00:00+00:00,4583.2,4606.8,4582.6,4599.4,1465.914,6744807.60817
2026-01-12 13:30:00+00:00,4599.4,4615.0,4599.4,4611.3,808.965,3728033.93906
2026-01-12 14:00:00+00:00,4611.3,4611.5,4582.2,4583.8,1080.101,4961739.9504
2026-01-12 14:30:00+00:00,4583.8,4606.6,4582.7,4596.3,920.3,4231141.5157
2026-01-12 15:00:00+00:00,4596.3,4613.2,4595.6,4612.0,1479.418,6814142.4758
2026-01-12 15:30:00+00:00,4612.0,4619.3,4610.4,4614.2,576.882,2661879.73372
2026-01-12 16:00:00+00:00,4614.2,4622.0,4610.4,4611.8,563.64,2602095.1098
2026-01-12 16:30:00+00:00,4611.8,4614.1,4599.3,4609.4,482.35,2222732.3478
2026-01-12 17:00:00+00:00,4609.4,4610.7,4605.0,4608.4,201.908,930513.4788
2026-01-12 17:30:00+00:00,4608.4,4612.1,4603.4,4609.9,250.092,1152266.1504
2026-01-12 18:00:00+00:00,4609.9,4611.1,4595.1,4599.3,347.166,1597461.512
2026-01-12 18:30:00+00:00,4599.3,4605.6,4597.7,4605.6,124.297,572003.2063
2026-01-12 19:00:00+00:00,4605.6,4611.7,4603.6,4611.6,155.872,718238.8821
2026-01-12 19:30:00+00:00,4611.6,4613.6,4604.4,4606.0,182.619,841755.734
2026-01-12 20:00:00+00:00,4606.0,4606.1,4595.5,4598.4,229.625,1055816.9751
2026-01-12 20:30:00+00:00,4598.4,4600.1,4589.0,4589.7,241.07,1107315.4283
2026-01-12 21:00:00+00:00,4589.7,4593.4,4587.5,4591.1,198.848,912590.6949
2026-01-12 21:30:00+00:00,4591.1,4594.6,4586.0,4594.6,150.262,689531.7569
2026-01-12 22:00:00+00:00,4594.6,4597.6,4594.6,4597.5,104.092,478406.5018
2026-01-12 22:30:00+00:00,4597.5,4600.8,4597.2,4598.9,113.012,519784.0682
2026-01-12 23:00:00+00:00,4598.9,4600.6,4576.8,4583.3,421.049,1930080.8663
2026-01-12 23:30:00+00:00,4583.3,4597.4,4583.3,4597.2,119.372,547728.6328
2026-01-13 00:00:00+00:00,4597.2,4597.2,4585.0,4585.0,181.972,835482.6434
2026-01-13 00:30:00+00:00,4585.0,4587.7,4581.4,4583.2,134.156,615043.8248
2026-01-13 01:00:00+00:00,4583.2,4591.6,4578.9,4579.4,161.707,741447.1845
2026-01-13 01:30:00+00:00,4579.4,4583.5,4573.0,4575.3,177.301,811509.2494
2026-01-13 02:00:00+00:00,4575.3,4586.2,4574.9,4580.8,84.002,384860.2059
2026-01-13 02:30:00+00:00,4580.8,4592.0,4579.8,4591.5,116.297,533582.3484
2026-01-13 03:00:00+00:00,4591.5,4596.0,4590.6,4592.7,142.349,653946.6088
2026-01-13 03:30:00+00:00,4592.7,4592.7,4592.6,4592.7,1.603,7361.9392
